serial_no,location_id,status,intake_date,used_date,current_order_id,note
240125120024001,ULS,IN_STOCK,2026-01-20,,,울산/엠지엘
240125120024002,ULS,IN_STOCK,2026-01-20,,,울산/엠지엘
240125120024003,ULS,IN_STOCK,2026-01-20,,,울산/엠지엘
240125120024004,ULS,IN_STOCK,2026-01-20,,,울산/엠지엘
240125120024005,ULS,IN_STOCK,2026-01-20,,,울산/엠지엘
240125120024006,ULS,IN_STOCK,2026-01-20,,,울산/엠지엘
240125120024007,ULS,IN_STOCK,2026-01-20,,,울산/엠지엘
240125120024008,ULS,IN_STOCK,2026-01-20,,,울산/엠지엘
240125120024009,ULS,IN_STOCK,2026-01-20,,,울산/엠지엘
240125120024021,ULS,IN_STOCK,2026-01-20,,,울산/엠지엘
240125120024022,ULS,IN_STOCK,2026-01-20,,,울산/엠지엘
240125120024023,ULS,IN_STOCK,2026-01-20,,,울산/엠지엘
240125120024024,ULS,IN_STOCK,2026-01-20,,,울산/엠지엘
240125120024025,ULS,IN_STOCK,2026-01-20,,,울산/엠지엘
240125120024026,ULS,IN_STOCK,2026-01-20,,,울산/엠지엘
240125120024027,ULS,IN_STOCK,2026-01-20,,,울산/엠지엘
240125120024028,ULS,IN_STOCK,2026-01-20,,,울산/엠지엘
240125120024029,ULS,IN_STOCK,2026-01-20,,,울산/엠지엘
240125120024030,ULS,IN_STOCK,2026-01-20,,,울산/엠지엘
240125120024031,ULS,IN_STOCK,2026-01-20,,,울산/엠지엘
240125120024032,ULS,IN_STOCK,2026-01-20,,,울산/엠지엘
240125120024034,ULS,IN_STOCK,2026-01-20,,,울산/엠지엘
240125120024042,ULS,IN_STOCK,2026-01-20,,,울산/엠지엘
240125120024043,ULS,IN_STOCK,2026-01-20,,,울산/엠지엘
240125120024044,ULS,IN_STOCK,2026-01-20,,,울산/엠지엘
240125120024045,ULS,IN_STOCK,2026-01-20,,,울산/엠지엘
240125120024046,ULS,IN_STOCK,2026-01-20,,,울산/엠지엘
240125120024047,ULS,IN_STOCK,2026-01-20,,,울산/엠지엘
240125120024048,ULS,IN_STOCK,2026-01-20,,,울산/엠지엘
240125120024051,ULS,IN_STOCK,2026-01-20,,,울산/엠지엘
240125120024052,ULS,IN_STOCK,2026-01-20,,,울산/엠지엘
240125120024053,ULS,IN_STOCK,2026-01-20,,,울산/엠지엘
240125120024054,ULS,IN_STOCK,2026-01-20,,,울산/엠지엘
240125120024055,ULS,IN_STOCK,2026-01-20,,,울산/엠지엘
240125120024056,ULS,IN_STOCK,2026-01-20,,,울산/엠지엘
240125120024057,ULS,IN_STOCK,2026-01-20,,,울산/엠지엘
240125120024058,ULS,IN_STOCK,2026-01-20,,,울산/엠지엘
240125120024059,ULS,IN_STOCK,2026-01-20,,,울산/엠지엘
240125120024060,ULS,IN_STOCK,2026-01-20,,,울산/엠지엘
240125120024081,ULS,IN_STOCK,2026-01-20,,,울산/엠지엘
240125120024082,ULS,IN_STOCK,2026-01-20,,,울산/엠지엘
240125120024083,ULS,IN_STOCK,2026-01-20,,,울산/엠지엘
240125120024084,ULS,IN_STOCK,2026-01-20,,,울산/엠지엘
240125120024085,ULS,IN_STOCK,2026-01-20,,,울산/엠지엘
240125120024086,ULS,IN_STOCK,2026-01-20,,,울산/엠지엘
240125120024087,ULS,IN_STOCK,2026-01-20,,,울산/엠지엘
240125120024129,ULS,IN_STOCK,2026-01-20,,,울산/엠지엘
240125120024163,ULS,IN_STOCK,2026-01-20,,,울산/엠지엘
240125120024164,ULS,IN_STOCK,2026-01-20,,,울산/엠지엘
240125120042071,ULS,IN_STOCK,2026-01-20,,,울산/엠지엘
240125120042073,ULS,IN_STOCK,2026-01-20,,,울산/엠지엘
240125120042082,ULS,IN_STOCK,2026-01-20,,,울산/엠지엘
240125120042105,ULS,IN_STOCK,2026-01-20,,,울산/엠지엘
240125120042107,ULS,IN_STOCK,2026-01-20,,,울산/엠지엘
240125120042108,ULS,IN_STOCK,2026-01-20,,,울산/엠지엘
240125120042109,ULS,IN_STOCK,2026-01-20,,,울산/엠지엘
240125120042110,ULS,IN_STOCK,2026-01-20,,,울산/엠지엘
240125120042141,ULS,IN_STOCK,2026-01-20,,,울산/엠지엘
240125120042142,ULS,IN_STOCK,2026-01-20,,,울산/엠지엘
240125120042143,ULS,IN_STOCK,2026-01-20,,,울산/엠지엘
240126010005011,ULS,IN_STOCK,2026-02-04,,,울산/엠지엘
240126010005012,ULS,IN_STOCK,2026-02-04,,,울산/엠지엘
240126010005013,ULS,IN_STOCK,2026-02-04,,,울산/엠지엘
240126010005014,ULS,IN_STOCK,2026-02-04,,,울산/엠지엘
240126010005015,ULS,IN_STOCK,2026-02-04,,,울산/엠지엘
240126010005016,ULS,IN_STOCK,2026-02-04,,,울산/엠지엘
240126010005017,ULS,IN_STOCK,2026-02-04,,,울산/엠지엘
240126010005018,ULS,IN_STOCK,2026-02-04,,,울산/엠지엘
240126010005019,ULS,IN_STOCK,2026-02-04,,,울산/엠지엘
240126010005020,ULS,IN_STOCK,2026-02-04,,,울산/엠지엘
240126010005021,ULS,IN_STOCK,2026-02-04,,,울산/엠지엘
240126010005022,ULS,IN_STOCK,2026-02-04,,,울산/엠지엘
240126010005023,ULS,IN_STOCK,2026-02-04,,,울산/엠지엘
240126010005024,ULS,IN_STOCK,2026-02-04,,,울산/엠지엘
240126010005025,ULS,IN_STOCK,2026-02-04,,,울산/엠지엘
240126010005026,ULS,IN_STOCK,2026-02-04,,,울산/엠지엘
240126010005027,ULS,IN_STOCK,2026-02-04,,,울산/엠지엘
240126010005028,ULS,IN_STOCK,2026-02-04,,,울산/엠지엘
240126010005029,ULS,IN_STOCK,2026-02-04,,,울산/엠지엘
240126010005030,ULS,IN_STOCK,2026-02-04,,,울산/엠지엘
240126010005047,ULS,IN_STOCK,2026-02-04,,,울산/엠지엘
240126010005048,ULS,IN_STOCK,2026-02-04,,,울산/엠지엘
240126010005050,ULS,IN_STOCK,2026-02-04,,,울산/엠지엘
240126010005055,ULS,IN_STOCK,2026-02-04,,,울산/엠지엘
240126010005057,ULS,IN_STOCK,2026-02-04,,,울산/엠지엘
240126010005058,ULS,IN_STOCK,2026-02-04,,,울산/엠지엘
240126010005059,ULS,IN_STOCK,2026-02-04,,,울산/엠지엘
240126010005060,ULS,IN_STOCK,2026-02-04,,,울산/엠지엘
240126010005081,ULS,IN_STOCK,2026-02-04,,,울산/엠지엘
240126010005082,ULS,IN_STOCK,2026-02-04,,,울산/엠지엘
240126010005083,ULS,IN_STOCK,2026-02-04,,,울산/엠지엘
240126010005084,ULS,IN_STOCK,2026-02-04,,,울산/엠지엘
240126010005085,ULS,IN_STOCK,2026-02-04,,,울산/엠지엘
240126010005086,ULS,IN_STOCK,2026-02-04,,,울산/엠지엘
240126010005087,ULS,IN_STOCK,2026-02-04,,,울산/엠지엘
240126010005088,ULS,IN_STOCK,2026-02-04,,,울산/엠지엘
240126010005089,ULS,IN_STOCK,2026-02-04,,,울산/엠지엘
240126010005095,ULS,IN_STOCK,2026-02-04,,,울산/엠지엘
240126010005109,ULS,IN_STOCK,2026-02-04,,,울산/엠지엘
240126010005110,ULS,IN_STOCK,2026-02-04,,,울산/엠지엘
240126010005111,ULS,IN_STOCK,2026-02-04,,,울산/엠지엘
240126010005112,ULS,IN_STOCK,2026-02-04,,,울산/엠지엘
240126010005113,ULS,IN_STOCK,2026-02-04,,,울산/엠지엘
240126010005114,ULS,IN_STOCK,2026-02-04,,,울산/엠지엘
240126010005115,ULS,IN_STOCK,2026-02-04,,,울산/엠지엘
240126010005116,ULS,IN_STOCK,2026-02-04,,,울산/엠지엘
240126010005117,ULS,IN_STOCK,2026-02-04,,,울산/엠지엘
240126010005118,ULS,IN_STOCK,2026-02-04,,,울산/엠지엘
240126010005119,ULS,IN_STOCK,2026-02-04,,,울산/엠지엘
240126010005120,ULS,IN_STOCK,2026-02-04,,,울산/엠지엘
240126010005132,ULS,IN_STOCK,2026-02-04,,,울산/엠지엘
240126010005133,ULS,IN_STOCK,2026-02-04,,,울산/엠지엘
240126010005134,ULS,IN_STOCK,2026-02-04,,,울산/엠지엘
240126010005169,ULS,IN_STOCK,2026-02-04,,,울산/엠지엘
240126010018071,ULS,IN_STOCK,2026-01-13,,,울산/엠지엘
240126010018072,ULS,IN_STOCK,2026-01-13,,,울산/엠지엘
240126010018073,ULS,IN_STOCK,2026-01-13,,,울산/엠지엘
240126010018074,ULS,IN_STOCK,2026-01-13,,,울산/엠지엘
240126010018075,ULS,IN_STOCK,2026-01-13,,,울산/엠지엘
240126010018076,ULS,IN_STOCK,2026-01-13,,,울산/엠지엘
240126010018077,ULS,IN_STOCK,2026-01-13,,,울산/엠지엘
240126010018078,ULS,IN_STOCK,2026-01-13,,,울산/엠지엘
240126010018079,ULS,IN_STOCK,2026-01-13,,,울산/엠지엘
240126010018080,ULS,IN_STOCK,2026-01-13,,,울산/엠지엘
240126010018127,ULS,IN_STOCK,2026-01-13,,,울산/엠지엘
240126010018128,ULS,IN_STOCK,2026-01-13,,,울산/엠지엘
240126010057011,ULS,IN_STOCK,2026-02-15,,,울산/엠지엘
240126010057012,ULS,IN_STOCK,2026-02-15,,,울산/엠지엘
240126010057021,ULS,IN_STOCK,2026-02-15,,,울산/엠지엘
240126010057022,ULS,IN_STOCK,2026-02-15,,,울산/엠지엘
240126010057023,ULS,IN_STOCK,2026-02-15,,,울산/엠지엘
240126010057024,ULS,IN_STOCK,2026-02-15,,,울산/엠지엘
240126010057025,ULS,IN_STOCK,2026-02-15,,,울산/엠지엘
240126010057026,ULS,IN_STOCK,2026-02-15,,,울산/엠지엘
240126010057027,ULS,IN_STOCK,2026-02-15,,,울산/엠지엘
240126010057028,ULS,IN_STOCK,2026-02-15,,,울산/엠지엘
240126010057049,ULS,IN_STOCK,2026-02-15,,,울산/엠지엘
240126010057050,ULS,IN_STOCK,2026-02-15,,,울산/엠지엘
240126010057051,ULS,IN_STOCK,2026-02-15,,,울산/엠지엘
240126010057052,ULS,IN_STOCK,2026-02-15,,,울산/엠지엘
240126010057053,ULS,IN_STOCK,2026-02-15,,,울산/엠지엘
240126010057054,ULS,IN_STOCK,2026-02-15,,,울산/엠지엘
240126010057055,ULS,IN_STOCK,2026-02-15,,,울산/엠지엘
240126010057056,ULS,IN_STOCK,2026-02-15,,,울산/엠지엘
240126010057057,ULS,IN_STOCK,2026-02-15,,,울산/엠지엘
240126010057058,ULS,IN_STOCK,2026-02-15,,,울산/엠지엘
240126010057069,ULS,IN_STOCK,2026-02-15,,,울산/엠지엘
240126010057070,ULS,IN_STOCK,2026-02-15,,,울산/엠지엘
240126010057071,ULS,IN_STOCK,2026-02-15,,,울산/엠지엘
240126010057072,ULS,IN_STOCK,2026-02-15,,,울산/엠지엘
240126010057073,ULS,IN_STOCK,2026-02-15,,,울산/엠지엘
240126010057074,ULS,IN_STOCK,2026-02-15,,,울산/엠지엘
240126010057075,ULS,IN_STOCK,2026-02-15,,,울산/엠지엘
240126010057076,ULS,IN_STOCK,2026-02-15,,,울산/엠지엘
240126010057077,ULS,IN_STOCK,2026-02-15,,,울산/엠지엘
240126010057078,ULS,IN_STOCK,2026-02-15,,,울산/엠지엘
240126010057136,ULS,IN_STOCK,2026-02-15,,,울산/엠지엘
240126010057137,ULS,IN_STOCK,2026-02-15,,,울산/엠지엘
240126010057145,ULS,IN_STOCK,2026-02-15,,,울산/엠지엘
240126010057146,ULS,IN_STOCK,2026-02-15,,,울산/엠지엘
240126010057147,ULS,IN_STOCK,2026-02-15,,,울산/엠지엘
240126010057148,ULS,IN_STOCK,2026-02-15,,,울산/엠지엘
240126020015003,ULS,IN_STOCK,2026-03-10,,,울산/엠지엘
240126020015004,ULS,IN_STOCK,2026-03-10,,,울산/엠지엘
240126020015005,ULS,IN_STOCK,2026-03-10,,,울산/엠지엘
240126020015006,ULS,IN_STOCK,2026-03-10,,,울산/엠지엘
240126020015007,ULS,IN_STOCK,2026-03-10,,,울산/엠지엘
240126020015008,ULS,IN_STOCK,2026-03-10,,,울산/엠지엘
240126020015009,ULS,IN_STOCK,2026-03-10,,,울산/엠지엘
240126020015010,ULS,IN_STOCK,2026-03-10,,,울산/엠지엘
240126020015041,ULS,IN_STOCK,2026-03-10,,,울산/엠지엘
240126020015042,ULS,IN_STOCK,2026-03-10,,,울산/엠지엘
240126020015043,ULS,IN_STOCK,2026-03-10,,,울산/엠지엘
240126020015044,ULS,IN_STOCK,2026-03-10,,,울산/엠지엘
240126020015045,ULS,IN_STOCK,2026-03-10,,,울산/엠지엘
240126020015046,ULS,IN_STOCK,2026-03-10,,,울산/엠지엘
240126020015047,ULS,IN_STOCK,2026-03-10,,,울산/엠지엘
240126020015048,ULS,IN_STOCK,2026-03-10,,,울산/엠지엘
240126020015049,ULS,IN_STOCK,2026-03-10,,,울산/엠지엘
240126020015050,ULS,IN_STOCK,2026-03-10,,,울산/엠지엘
240126020015061,ULS,IN_STOCK,2026-03-10,,,울산/엠지엘
240126020015062,ULS,IN_STOCK,2026-03-10,,,울산/엠지엘
240126020015063,ULS,IN_STOCK,2026-03-10,,,울산/엠지엘
240126020015064,ULS,IN_STOCK,2026-03-10,,,울산/엠지엘
240126020015065,ULS,IN_STOCK,2026-03-10,,,울산/엠지엘
240126020015066,ULS,IN_STOCK,2026-03-10,,,울산/엠지엘
240126020015067,ULS,IN_STOCK,2026-03-10,,,울산/엠지엘
240126020015068,ULS,IN_STOCK,2026-03-10,,,울산/엠지엘
240126020015069,ULS,IN_STOCK,2026-03-10,,,울산/엠지엘
240126020015070,ULS,IN_STOCK,2026-03-10,,,울산/엠지엘
240126020015081,ULS,IN_STOCK,2026-03-10,,,울산/엠지엘
240126020015082,ULS,IN_STOCK,2026-03-10,,,울산/엠지엘
240126020015083,ULS,IN_STOCK,2026-03-10,,,울산/엠지엘
240126020015084,ULS,IN_STOCK,2026-03-10,,,울산/엠지엘
240126020015085,ULS,IN_STOCK,2026-03-10,,,울산/엠지엘
240126020015086,ULS,IN_STOCK,2026-03-10,,,울산/엠지엘
240126020015087,ULS,IN_STOCK,2026-03-10,,,울산/엠지엘
240126020015088,ULS,IN_STOCK,2026-03-10,,,울산/엠지엘
240126020015089,ULS,IN_STOCK,2026-03-10,,,울산/엠지엘
240126020015090,ULS,IN_STOCK,2026-03-10,,,울산/엠지엘
240126020015101,ULS,IN_STOCK,2026-03-10,,,울산/엠지엘
240126020015102,ULS,IN_STOCK,2026-03-10,,,울산/엠지엘
240126020015103,ULS,IN_STOCK,2026-03-10,,,울산/엠지엘
240126020015104,ULS,IN_STOCK,2026-03-10,,,울산/엠지엘
240126020015105,ULS,IN_STOCK,2026-03-10,,,울산/엠지엘
240126020015106,ULS,IN_STOCK,2026-03-10,,,울산/엠지엘
240126020015107,ULS,IN_STOCK,2026-03-10,,,울산/엠지엘
240126020015108,ULS,IN_STOCK,2026-03-10,,,울산/엠지엘
240126020015109,ULS,IN_STOCK,2026-03-10,,,울산/엠지엘
240126020015110,ULS,IN_STOCK,2026-03-10,,,울산/엠지엘
240126020015111,ULS,IN_STOCK,2026-03-10,,,울산/엠지엘
240126020015112,ULS,IN_STOCK,2026-03-10,,,울산/엠지엘
240126020015113,ULS,IN_STOCK,2026-03-10,,,울산/엠지엘
240126020015114,ULS,IN_STOCK,2026-03-10,,,울산/엠지엘
240126020015115,ULS,IN_STOCK,2026-03-10,,,울산/엠지엘
240126020015116,ULS,IN_STOCK,2026-03-10,,,울산/엠지엘
240126020015117,ULS,IN_STOCK,2026-03-10,,,울산/엠지엘
240126020015118,ULS,IN_STOCK,2026-03-10,,,울산/엠지엘
240126020015120,ULS,IN_STOCK,2026-03-10,,,울산/엠지엘
240126020015121,ULS,IN_STOCK,2026-03-10,,,울산/엠지엘
240126020015122,ULS,IN_STOCK,2026-03-10,,,울산/엠지엘
240126020015127,ULS,IN_STOCK,2026-03-10,,,울산/엠지엘
240126020015128,ULS,IN_STOCK,2026-03-10,,,울산/엠지엘
240126020015131,ULS,IN_STOCK,2026-03-10,,,울산/엠지엘
240126020015132,ULS,IN_STOCK,2026-03-10,,,울산/엠지엘
240126020015133,ULS,IN_STOCK,2026-03-10,,,울산/엠지엘
240126020015134,ULS,IN_STOCK,2026-03-10,,,울산/엠지엘
240126030024001,ULS,IN_STOCK,2026-04-02,,,울산/엠지엘
240126030024002,ULS,IN_STOCK,2026-04-02,,,울산/엠지엘
240126030024003,ULS,IN_STOCK,2026-04-02,,,울산/엠지엘
240126030024004,ULS,IN_STOCK,2026-04-02,,,울산/엠지엘
240126030024005,ULS,IN_STOCK,2026-04-02,,,울산/엠지엘
240126030024006,ULS,IN_STOCK,2026-04-02,,,울산/엠지엘
240126030024007,ULS,IN_STOCK,2026-04-02,,,울산/엠지엘
240126030024008,ULS,IN_STOCK,2026-04-02,,,울산/엠지엘
240126030024009,ULS,IN_STOCK,2026-04-02,,,울산/엠지엘
240126030024010,ULS,IN_STOCK,2026-04-02,,,울산/엠지엘
240126030024011,ULS,IN_STOCK,2026-04-02,,,울산/엠지엘
240126030024012,ULS,IN_STOCK,2026-04-02,,,울산/엠지엘
240126030024013,ULS,IN_STOCK,2026-04-02,,,울산/엠지엘
240126030024014,ULS,IN_STOCK,2026-04-02,,,울산/엠지엘
240126030024015,ULS,IN_STOCK,2026-04-02,,,울산/엠지엘
240126030024016,ULS,IN_STOCK,2026-04-02,,,울산/엠지엘
240126030024017,ULS,IN_STOCK,2026-04-02,,,울산/엠지엘
240126030024018,ULS,IN_STOCK,2026-04-02,,,울산/엠지엘
240126030024019,ULS,IN_STOCK,2026-04-02,,,울산/엠지엘
240126030024020,ULS,IN_STOCK,2026-04-02,,,울산/엠지엘
240126030024021,ULS,IN_STOCK,2026-04-02,,,울산/엠지엘
240126030024022,ULS,IN_STOCK,2026-04-02,,,울산/엠지엘
240126030024023,ULS,IN_STOCK,2026-04-02,,,울산/엠지엘
240126030024024,ULS,IN_STOCK,2026-04-02,,,울산/엠지엘
240126030024025,ULS,IN_STOCK,2026-04-02,,,울산/엠지엘
240126030024026,ULS,IN_STOCK,2026-04-02,,,울산/엠지엘
240126030024027,ULS,IN_STOCK,2026-04-02,,,울산/엠지엘
240126030024028,ULS,IN_STOCK,2026-04-02,,,울산/엠지엘
240126030024029,ULS,IN_STOCK,2026-04-02,,,울산/엠지엘
240126030024030,ULS,IN_STOCK,2026-04-02,,,울산/엠지엘
240126030024031,ULS,IN_STOCK,2026-04-02,,,울산/엠지엘
240126030024032,ULS,IN_STOCK,2026-04-02,,,울산/엠지엘
240126030024033,ULS,IN_STOCK,2026-04-02,,,울산/엠지엘
240126030024034,ULS,IN_STOCK,2026-04-02,,,울산/엠지엘
240126030024035,ULS,IN_STOCK,2026-04-02,,,울산/엠지엘
240126030024036,ULS,IN_STOCK,2026-04-02,,,울산/엠지엘
240126030024037,ULS,IN_STOCK,2026-04-02,,,울산/엠지엘
240126030024038,ULS,IN_STOCK,2026-04-02,,,울산/엠지엘
240126030024039,ULS,IN_STOCK,2026-04-02,,,울산/엠지엘
240126030024040,ULS,IN_STOCK,2026-04-02,,,울산/엠지엘
240126030024043,ULS,IN_STOCK,2026-04-02,,,울산/엠지엘
240126030024044,ULS,IN_STOCK,2026-04-02,,,울산/엠지엘
240126030024045,ULS,IN_STOCK,2026-04-02,,,울산/엠지엘
240126030024046,ULS,IN_STOCK,2026-04-02,,,울산/엠지엘
240126030024047,ULS,IN_STOCK,2026-04-02,,,울산/엠지엘
240126030024048,ULS,IN_STOCK,2026-04-02,,,울산/엠지엘
240126030024049,ULS,IN_STOCK,2026-04-02,,,울산/엠지엘
240126030024050,ULS,IN_STOCK,2026-04-02,,,울산/엠지엘
240126030024051,ULS,IN_STOCK,2026-04-02,,,울산/엠지엘
240126030024052,ULS,IN_STOCK,2026-04-02,,,울산/엠지엘
240126030024054,ULS,IN_STOCK,2026-04-02,,,울산/엠지엘
240126030024056,ULS,IN_STOCK,2026-04-02,,,울산/엠지엘
240126030024057,ULS,IN_STOCK,2026-04-02,,,울산/엠지엘
240126030024058,ULS,IN_STOCK,2026-04-02,,,울산/엠지엘
240126030024059,ULS,IN_STOCK,2026-04-02,,,울산/엠지엘
240126030024060,ULS,IN_STOCK,2026-04-02,,,울산/엠지엘
240126030024061,ULS,IN_STOCK,2026-04-02,,,울산/엠지엘
240126030024062,ULS,IN_STOCK,2026-04-02,,,울산/엠지엘
240126030024063,ULS,IN_STOCK,2026-04-02,,,울산/엠지엘
240126030024064,ULS,IN_STOCK,2026-04-02,,,울산/엠지엘
240126030024065,ULS,IN_STOCK,2026-04-02,,,울산/엠지엘
240126030024066,ULS,IN_STOCK,2026-04-02,,,울산/엠지엘
240126030024067,ULS,IN_STOCK,2026-04-02,,,울산/엠지엘
240126030024068,ULS,IN_STOCK,2026-04-02,,,울산/엠지엘
240126030024069,ULS,IN_STOCK,2026-04-02,,,울산/엠지엘
240126030024070,ULS,IN_STOCK,2026-04-02,,,울산/엠지엘
240126030024071,ULS,IN_STOCK,2026-04-02,,,울산/엠지엘
240126030024072,ULS,IN_STOCK,2026-04-02,,,울산/엠지엘
240126030024073,ULS,IN_STOCK,2026-04-02,,,울산/엠지엘
240126030024074,ULS,IN_STOCK,2026-04-02,,,울산/엠지엘
240126030024075,ULS,IN_STOCK,2026-04-02,,,울산/엠지엘
240126030024076,ULS,IN_STOCK,2026-04-02,,,울산/엠지엘
240126030024077,ULS,IN_STOCK,2026-04-02,,,울산/엠지엘
240126030024078,ULS,IN_STOCK,2026-04-02,,,울산/엠지엘
240126030024079,ULS,IN_STOCK,2026-04-02,,,울산/엠지엘
240126030024080,ULS,IN_STOCK,2026-04-02,,,울산/엠지엘
240126030024081,ULS,IN_STOCK,2026-04-02,,,울산/엠지엘
240126030024082,ULS,IN_STOCK,2026-04-02,,,울산/엠지엘
240126030024083,ULS,IN_STOCK,2026-04-02,,,울산/엠지엘
240126030024084,ULS,IN_STOCK,2026-04-02,,,울산/엠지엘
240126030024085,ULS,IN_STOCK,2026-04-02,,,울산/엠지엘
240126030024086,ULS,IN_STOCK,2026-04-02,,,울산/엠지엘
240126030024087,ULS,IN_STOCK,2026-04-02,,,울산/엠지엘
240126030024088,ULS,IN_STOCK,2026-04-02,,,울산/엠지엘
240126030024089,ULS,IN_STOCK,2026-04-02,,,울산/엠지엘
240126030024090,ULS,IN_STOCK,2026-04-02,,,울산/엠지엘
240126030024091,ULS,IN_STOCK,2026-04-02,,,울산/엠지엘
240126030024092,ULS,IN_STOCK,2026-04-02,,,울산/엠지엘
240126030024093,ULS,IN_STOCK,2026-04-02,,,울산/엠지엘
240126030024094,ULS,IN_STOCK,2026-04-02,,,울산/엠지엘
240126030024095,ULS,IN_STOCK,2026-04-02,,,울산/엠지엘
240126030024096,ULS,IN_STOCK,2026-04-02,,,울산/엠지엘
240126030024097,ULS,IN_STOCK,2026-04-02,,,울산/엠지엘
240126030024098,ULS,IN_STOCK,2026-04-02,,,울산/엠지엘
240126030024099,ULS,IN_STOCK,2026-04-02,,,울산/엠지엘
240126030024100,ULS,IN_STOCK,2026-04-02,,,울산/엠지엘
240126030024101,ULS,IN_STOCK,2026-04-02,,,울산/엠지엘
240126030024102,ULS,IN_STOCK,2026-04-02,,,울산/엠지엘
240126030024103,ULS,IN_STOCK,2026-04-02,,,울산/엠지엘
240126030024104,ULS,IN_STOCK,2026-04-02,,,울산/엠지엘
240126030024105,ULS,IN_STOCK,2026-04-02,,,울산/엠지엘
240126030024116,ULS,IN_STOCK,2026-04-02,,,울산/엠지엘
240126030024117,ULS,IN_STOCK,2026-04-02,,,울산/엠지엘
240126030024118,ULS,IN_STOCK,2026-04-02,,,울산/엠지엘
240126030024119,ULS,IN_STOCK,2026-04-02,,,울산/엠지엘
240126030024120,ULS,IN_STOCK,2026-04-02,,,울산/엠지엘
240126030024121,ULS,IN_STOCK,2026-04-02,,,울산/엠지엘
240126030024122,ULS,IN_STOCK,2026-04-02,,,울산/엠지엘
240126030024123,ULS,IN_STOCK,2026-04-02,,,울산/엠지엘
240126030024124,ULS,IN_STOCK,2026-04-02,,,울산/엠지엘
240126030024125,ULS,IN_STOCK,2026-04-02,,,울산/엠지엘
240126030024126,ULS,IN_STOCK,2026-04-02,,,울산/엠지엘
240126030024127,ULS,IN_STOCK,2026-04-02,,,울산/엠지엘
240126030024128,ULS,IN_STOCK,2026-04-02,,,울산/엠지엘
240126030024129,ULS,IN_STOCK,2026-04-02,,,울산/엠지엘
240126030024131,ULS,IN_STOCK,2026-04-02,,,울산/엠지엘
240126030024136,ULS,IN_STOCK,2026-04-02,,,울산/엠지엘
240126030024139,ULS,IN_STOCK,2026-04-02,,,울산/엠지엘
240126030024140,ULS,IN_STOCK,2026-04-02,,,울산/엠지엘
240126030024143,ULS,IN_STOCK,2026-04-02,,,울산/엠지엘
240126030024144,ULS,IN_STOCK,2026-04-02,,,울산/엠지엘
240126030024145,ULS,IN_STOCK,2026-04-02,,,울산/엠지엘
240126030024146,ULS,IN_STOCK,2026-04-02,,,울산/엠지엘
240126030024147,ULS,IN_STOCK,2026-04-02,,,울산/엠지엘
240126030024149,ULS,IN_STOCK,2026-04-02,,,울산/엠지엘
240126030024150,ULS,IN_STOCK,2026-04-02,,,울산/엠지엘
240126030024151,ULS,IN_STOCK,2026-04-02,,,울산/엠지엘
240126030024152,ULS,IN_STOCK,2026-04-02,,,울산/엠지엘
240126030024153,ULS,IN_STOCK,2026-04-02,,,울산/엠지엘
240126030024154,ULS,IN_STOCK,2026-04-02,,,울산/엠지엘
240126030024155,ULS,IN_STOCK,2026-04-02,,,울산/엠지엘
240126030024156,ULS,IN_STOCK,2026-04-02,,,울산/엠지엘
240126030024157,ULS,IN_STOCK,2026-04-02,,,울산/엠지엘
240126030024158,ULS,IN_STOCK,2026-04-02,,,울산/엠지엘
240126030024159,ULS,IN_STOCK,2026-04-02,,,울산/엠지엘
240126030024160,ULS,IN_STOCK,2026-04-02,,,울산/엠지엘
240126030024161,ULS,IN_STOCK,2026-04-02,,,울산/엠지엘
240126030024162,ULS,IN_STOCK,2026-04-02,,,울산/엠지엘
240126030024163,ULS,IN_STOCK,2026-04-02,,,울산/엠지엘
240126030024164,ULS,IN_STOCK,2026-04-02,,,울산/엠지엘
240126030024165,ULS,IN_STOCK,2026-04-02,,,울산/엠지엘
240126030024172,ULS,IN_STOCK,2026-04-02,,,울산/엠지엘
240126030024173,ULS,IN_STOCK,2026-04-02,,,울산/엠지엘
240126030024174,ULS,IN_STOCK,2026-04-02,,,울산/엠지엘
240126030024175,ULS,IN_STOCK,2026-04-02,,,울산/엠지엘
240126030025001,ULS,IN_STOCK,2026-04-02,,,울산/엠지엘
240126030025002,ULS,IN_STOCK,2026-04-02,,,울산/엠지엘
240126030025003,ULS,IN_STOCK,2026-04-02,,,울산/엠지엘
240126030025004,ULS,IN_STOCK,2026-04-02,,,울산/엠지엘
240126030025005,ULS,IN_STOCK,2026-04-02,,,울산/엠지엘
240126030025006,ULS,IN_STOCK,2026-04-02,,,울산/엠지엘
240126030025007,ULS,IN_STOCK,2026-04-02,,,울산/엠지엘
240126030025008,ULS,IN_STOCK,2026-04-02,,,울산/엠지엘
240126030025009,ULS,IN_STOCK,2026-04-02,,,울산/엠지엘
240126030025010,ULS,IN_STOCK,2026-04-02,,,울산/엠지엘
240126030025011,ULS,IN_STOCK,2026-04-02,,,울산/엠지엘
240126030025012,ULS,IN_STOCK,2026-04-02,,,울산/엠지엘
240126030025013,ULS,IN_STOCK,2026-04-02,,,울산/엠지엘
240126030025014,ULS,IN_STOCK,2026-04-02,,,울산/엠지엘
240126030025015,ULS,IN_STOCK,2026-04-02,,,울산/엠지엘
240126030025016,ULS,IN_STOCK,2026-04-02,,,울산/엠지엘
240126030025017,ULS,IN_STOCK,2026-04-02,,,울산/엠지엘
240126030025018,ULS,IN_STOCK,2026-04-02,,,울산/엠지엘
240126030025019,ULS,IN_STOCK,2026-04-02,,,울산/엠지엘
240126030025020,ULS,IN_STOCK,2026-04-02,,,울산/엠지엘
240126030025021,ULS,IN_STOCK,2026-04-02,,,울산/엠지엘
240126030025022,ULS,IN_STOCK,2026-04-02,,,울산/엠지엘
240126030025023,ULS,IN_STOCK,2026-04-02,,,울산/엠지엘
240126030025024,ULS,IN_STOCK,2026-04-02,,,울산/엠지엘
240126030025025,ULS,IN_STOCK,2026-04-02,,,울산/엠지엘
240126030025026,ULS,IN_STOCK,2026-04-02,,,울산/엠지엘
240126030025027,ULS,IN_STOCK,2026-04-02,,,울산/엠지엘
240126030025028,ULS,IN_STOCK,2026-04-02,,,울산/엠지엘
240126030025029,ULS,IN_STOCK,2026-04-02,,,울산/엠지엘
240126030025030,ULS,IN_STOCK,2026-04-02,,,울산/엠지엘
240126030025031,ULS,IN_STOCK,2026-04-02,,,울산/엠지엘
240126030025032,ULS,IN_STOCK,2026-04-02,,,울산/엠지엘
240126030025033,ULS,IN_STOCK,2026-04-02,,,울산/엠지엘
240126030025034,ULS,IN_STOCK,2026-04-02,,,울산/엠지엘
240126030025035,ULS,IN_STOCK,2026-04-02,,,울산/엠지엘
240126030025036,ULS,IN_STOCK,2026-04-02,,,울산/엠지엘
240126030025037,ULS,IN_STOCK,2026-04-02,,,울산/엠지엘
240126030025038,ULS,IN_STOCK,2026-04-02,,,울산/엠지엘
240126030025039,ULS,IN_STOCK,2026-04-02,,,울산/엠지엘
240126030025040,ULS,IN_STOCK,2026-04-02,,,울산/엠지엘
240126030025041,ULS,IN_STOCK,2026-04-02,,,울산/엠지엘
240126030025042,ULS,IN_STOCK,2026-04-02,,,울산/엠지엘
240126030025043,ULS,IN_STOCK,2026-04-02,,,울산/엠지엘
240126030025044,ULS,IN_STOCK,2026-04-02,,,울산/엠지엘
240126030025045,ULS,IN_STOCK,2026-04-02,,,울산/엠지엘
240126030025046,ULS,IN_STOCK,2026-04-02,,,울산/엠지엘
240126030025047,ULS,IN_STOCK,2026-04-02,,,울산/엠지엘
240126030025048,ULS,IN_STOCK,2026-04-02,,,울산/엠지엘
240126030025049,ULS,IN_STOCK,2026-04-02,,,울산/엠지엘
240126030025050,ULS,IN_STOCK,2026-04-02,,,울산/엠지엘
240126030025051,ULS,IN_STOCK,2026-04-02,,,울산/엠지엘
240126030025052,ULS,IN_STOCK,2026-04-02,,,울산/엠지엘
240126030025053,ULS,IN_STOCK,2026-04-02,,,울산/엠지엘
240126030025054,ULS,IN_STOCK,2026-04-02,,,울산/엠지엘
240126030025055,ULS,IN_STOCK,2026-04-02,,,울산/엠지엘
240126030025056,ULS,IN_STOCK,2026-04-02,,,울산/엠지엘
240126030025057,ULS,IN_STOCK,2026-04-02,,,울산/엠지엘
240126030025058,ULS,IN_STOCK,2026-04-02,,,울산/엠지엘
240126030025059,ULS,IN_STOCK,2026-04-02,,,울산/엠지엘
240126030025060,ULS,IN_STOCK,2026-04-02,,,울산/엠지엘
240126030025061,ULS,IN_STOCK,2026-04-02,,,울산/엠지엘
240126030025062,ULS,IN_STOCK,2026-04-02,,,울산/엠지엘
240126030025063,ULS,IN_STOCK,2026-04-02,,,울산/엠지엘
240126030025064,ULS,IN_STOCK,2026-04-02,,,울산/엠지엘
240126030025065,ULS,IN_STOCK,2026-04-02,,,울산/엠지엘
240126030025066,ULS,IN_STOCK,2026-04-02,,,울산/엠지엘
240126030025067,ULS,IN_STOCK,2026-04-02,,,울산/엠지엘
240126030025068,ULS,IN_STOCK,2026-04-02,,,울산/엠지엘
240126030025069,ULS,IN_STOCK,2026-04-02,,,울산/엠지엘
240126030025070,ULS,IN_STOCK,2026-04-02,,,울산/엠지엘
240126030025071,ULS,IN_STOCK,2026-04-02,,,울산/엠지엘
240126030025072,ULS,IN_STOCK,2026-04-02,,,울산/엠지엘
240126030025073,ULS,IN_STOCK,2026-04-02,,,울산/엠지엘
240126030025074,ULS,IN_STOCK,2026-04-02,,,울산/엠지엘
240126030025075,ULS,IN_STOCK,2026-04-02,,,울산/엠지엘
240126030025076,ULS,IN_STOCK,2026-04-02,,,울산/엠지엘
240126030025077,ULS,IN_STOCK,2026-04-02,,,울산/엠지엘
240126030025078,ULS,IN_STOCK,2026-04-02,,,울산/엠지엘
240126030025079,ULS,IN_STOCK,2026-04-02,,,울산/엠지엘
240126030025080,ULS,IN_STOCK,2026-04-02,,,울산/엠지엘
240126030025081,ULS,IN_STOCK,2026-04-02,,,울산/엠지엘
240126030025082,ULS,IN_STOCK,2026-04-02,,,울산/엠지엘
240126030025083,ULS,IN_STOCK,2026-04-02,,,울산/엠지엘
240126030025084,ULS,IN_STOCK,2026-04-02,,,울산/엠지엘
240126030025085,ULS,IN_STOCK,2026-04-02,,,울산/엠지엘
240126030025086,ULS,IN_STOCK,2026-04-02,,,울산/엠지엘
240126030025087,ULS,IN_STOCK,2026-04-02,,,울산/엠지엘
240126030025088,ULS,IN_STOCK,2026-04-02,,,울산/엠지엘
240126030025089,ULS,IN_STOCK,2026-04-02,,,울산/엠지엘
240126030025090,ULS,IN_STOCK,2026-04-02,,,울산/엠지엘
240126030025091,ULS,IN_STOCK,2026-04-02,,,울산/엠지엘
240126030025092,ULS,IN_STOCK,2026-04-02,,,울산/엠지엘
240126030025093,ULS,IN_STOCK,2026-04-02,,,울산/엠지엘
240126030025094,ULS,IN_STOCK,2026-04-02,,,울산/엠지엘
240126030025095,ULS,IN_STOCK,2026-04-02,,,울산/엠지엘
240126030025096,ULS,IN_STOCK,2026-04-02,,,울산/엠지엘
240126030025097,ULS,IN_STOCK,2026-04-02,,,울산/엠지엘
240126030025098,ULS,IN_STOCK,2026-04-02,,,울산/엠지엘
240126030025099,ULS,IN_STOCK,2026-04-02,,,울산/엠지엘
240126030025100,ULS,IN_STOCK,2026-04-02,,,울산/엠지엘
240126030025101,ULS,IN_STOCK,2026-04-02,,,울산/엠지엘
240126030025102,ULS,IN_STOCK,2026-04-02,,,울산/엠지엘
240126030025103,ULS,IN_STOCK,2026-04-02,,,울산/엠지엘
240126030025104,ULS,IN_STOCK,2026-04-02,,,울산/엠지엘
240126030025105,ULS,IN_STOCK,2026-04-02,,,울산/엠지엘
240126030025106,ULS,IN_STOCK,2026-04-02,,,울산/엠지엘
240126030025107,ULS,IN_STOCK,2026-04-02,,,울산/엠지엘
240126030025108,ULS,IN_STOCK,2026-04-02,,,울산/엠지엘
240126030025109,ULS,IN_STOCK,2026-04-02,,,울산/엠지엘
240126030025110,ULS,IN_STOCK,2026-04-02,,,울산/엠지엘
240126030025111,ULS,IN_STOCK,2026-04-02,,,울산/엠지엘
240126030025112,ULS,IN_STOCK,2026-04-02,,,울산/엠지엘
240126030025113,ULS,IN_STOCK,2026-04-02,,,울산/엠지엘
240126030025114,ULS,IN_STOCK,2026-04-02,,,울산/엠지엘
240126030025115,ULS,IN_STOCK,2026-04-02,,,울산/엠지엘
240126030025116,ULS,IN_STOCK,2026-04-02,,,울산/엠지엘
240126030025117,ULS,IN_STOCK,2026-04-02,,,울산/엠지엘
240126030025118,ULS,IN_STOCK,2026-04-02,,,울산/엠지엘
240126030025119,ULS,IN_STOCK,2026-04-02,,,울산/엠지엘
240126030025120,ULS,IN_STOCK,2026-04-02,,,울산/엠지엘
240126030025123,ULS,IN_STOCK,2026-04-02,,,울산/엠지엘
240126030025124,ULS,IN_STOCK,2026-04-02,,,울산/엠지엘
240126030025125,ULS,IN_STOCK,2026-04-02,,,울산/엠지엘
240126030025126,ULS,IN_STOCK,2026-04-02,,,울산/엠지엘
240126030025127,ULS,IN_STOCK,2026-04-02,,,울산/엠지엘
240126030025128,ULS,IN_STOCK,2026-04-02,,,울산/엠지엘
240126030025129,ULS,IN_STOCK,2026-04-02,,,울산/엠지엘
240126030025130,ULS,IN_STOCK,2026-04-02,,,울산/엠지엘
240126030025131,ULS,IN_STOCK,2026-04-02,,,울산/엠지엘
240126030025132,ULS,IN_STOCK,2026-04-02,,,울산/엠지엘
240126030025134,ULS,IN_STOCK,2026-04-02,,,울산/엠지엘
240126030025136,ULS,IN_STOCK,2026-04-02,,,울산/엠지엘
240126030025138,ULS,IN_STOCK,2026-04-02,,,울산/엠지엘
240126030025139,ULS,IN_STOCK,2026-04-02,,,울산/엠지엘
240126030025141,ULS,IN_STOCK,2026-04-02,,,울산/엠지엘
240126030025143,ULS,IN_STOCK,2026-04-02,,,울산/엠지엘
240126030025144,ULS,IN_STOCK,2026-04-02,,,울산/엠지엘
240126030025145,ULS,IN_STOCK,2026-04-02,,,울산/엠지엘
240126030025146,ULS,IN_STOCK,2026-04-02,,,울산/엠지엘
240126030025147,ULS,IN_STOCK,2026-04-02,,,울산/엠지엘
240126030025148,ULS,IN_STOCK,2026-04-02,,,울산/엠지엘
240126030025149,ULS,IN_STOCK,2026-04-02,,,울산/엠지엘
240126030025150,ULS,IN_STOCK,2026-04-02,,,울산/엠지엘
240126030025162,ULS,IN_STOCK,2026-04-02,,,울산/엠지엘
240126030025169,ULS,IN_STOCK,2026-04-02,,,울산/엠지엘
240126030025170,ULS,IN_STOCK,2026-04-02,,,울산/엠지엘
240126030025171,ULS,IN_STOCK,2026-04-02,,,울산/엠지엘
240126030025172,ULS,IN_STOCK,2026-04-02,,,울산/엠지엘
240126030025173,ULS,IN_STOCK,2026-04-02,,,울산/엠지엘
240126030025174,ULS,IN_STOCK,2026-04-02,,,울산/엠지엘
240126030025175,ULS,IN_STOCK,2026-04-02,,,울산/엠지엘
240126030042025,ULS,IN_STOCK,2026-04-18,,,울산/엠지엘
240126030042027,ULS,IN_STOCK,2026-04-18,,,울산/엠지엘
240126030042028,ULS,IN_STOCK,2026-04-18,,,울산/엠지엘
240126030042029,ULS,IN_STOCK,2026-04-18,,,울산/엠지엘
240126030042030,ULS,IN_STOCK,2026-04-18,,,울산/엠지엘
240126030042149,ULS,IN_STOCK,2026-04-18,,,울산/엠지엘
240126030042151,ULS,IN_STOCK,2026-04-18,,,울산/엠지엘
240126030042152,ULS,IN_STOCK,2026-04-18,,,울산/엠지엘
240126030042153,ULS,IN_STOCK,2026-04-18,,,울산/엠지엘
240126030042154,ULS,IN_STOCK,2026-04-18,,,울산/엠지엘
240126030042156,ULS,IN_STOCK,2026-04-18,,,울산/엠지엘
240126030042160,ULS,IN_STOCK,2026-04-18,,,울산/엠지엘
250123120032001,ULS,USED,2023-12-28,2023-12-28,,울산/엠지엘
240123120030294,ULS,USED,2023-12-28,2023-12-28,,울산/엠지엘
240123120030276,ULS,USED,2023-12-28,2023-12-28,,울산/엠지엘
250123120032005,ULS,USED,2023-12-28,2023-12-28,,울산/엠지엘
250123120032003,ULS,USED,2023-12-28,2023-12-28,,울산/엠지엘
250123120032007,ULS,USED,2023-12-28,2023-12-28,,울산/엠지엘
250123120032017,ULS,USED,2023-12-28,2023-12-28,,울산/엠지엘
250123120032016,ULS,USED,2023-12-28,2023-12-28,,울산/엠지엘
250123120032018,ULS,USED,2023-12-28,2023-12-28,,울산/엠지엘
250123120032019,ULS,USED,2023-12-28,2023-12-28,,울산/엠지엘
250123120032004,ULS,USED,2023-12-28,2023-12-28,,울산/엠지엘
250123120032009,ULS,USED,2023-12-28,2023-12-28,,울산/엠지엘
240123120030091,ULS,USED,2023-12-28,2023-12-28,,울산/엠지엘
240123120030092,ULS,USED,2023-12-28,2023-12-28,,울산/엠지엘
250123120032002,ULS,USED,2023-12-28,2023-12-28,,울산/엠지엘
250123120032006,ULS,USED,2023-12-28,2023-12-28,,울산/엠지엘
250123120032010,ULS,USED,2023-12-28,2023-12-28,,울산/엠지엘
250123120032008,ULS,USED,2023-12-28,2023-12-28,,울산/엠지엘
250123120032011,ULS,USED,2023-12-28,2023-12-28,,울산/엠지엘
250123120032013,ULS,USED,2023-12-28,2023-12-28,,울산/엠지엘
250123120032014,ULS,USED,2023-12-28,2023-12-28,,울산/엠지엘
250123120032015,ULS,USED,2023-12-28,2023-12-28,,울산/엠지엘
250123120032020,ULS,USED,2023-12-28,2023-12-28,,울산/엠지엘
250123120032012,ULS,USED,2023-12-28,2023-12-28,,울산/엠지엘
240124110026147,ULS,USED,2024-12-03,2024-12-03,,울산/엠지엘
240124110026039,ULS,USED,2024-12-03,2024-12-03,,울산/엠지엘
240124110026038,ULS,USED,2024-12-03,2024-12-03,,울산/엠지엘
240124110026040,ULS,USED,2024-12-03,2024-12-03,,울산/엠지엘
22E6241250311A003,ULS,USED,2025-04-01,2025-04-01,,울산/엠지엘
22E6241250311A004,ULS,USED,2025-04-01,2025-04-01,,울산/엠지엘
24E6241241203A018,ULS,USED,2025-04-01,2025-04-14,,울산/엠지엘
22E6241250311A001,ULS,USED,2025-04-01,2025-04-01,,울산/엠지엘
22E6241250311A008,ULS,USED,2025-04-01,2025-04-01,,울산/엠지엘
22E6241250311A010,ULS,USED,2025-04-01,2025-04-01,,울산/엠지엘
22E6241250311A006,ULS,USED,2025-04-01,2025-04-01,,울산/엠지엘
22E6241250311A007,ULS,USED,2025-04-01,2025-04-01,,울산/엠지엘
22E6241250311A009,ULS,USED,2025-04-01,2025-04-01,,울산/엠지엘
22E6241250311A005,ULS,USED,2025-04-01,2025-04-01,,울산/엠지엘
220125060025002,ULS,USED,2025-06-25,2025-06-05,,울산/엠지엘
220125060025013,ULS,USED,2025-06-25,2025-06-05,,울산/엠지엘
220125060025025,ULS,USED,2025-06-25,2025-06-05,,울산/엠지엘
220125060025001,ULS,USED,2025-06-25,2025-06-05,,울산/엠지엘
220125060025021,ULS,USED,2025-06-25,2025-06-05,,울산/엠지엘
220125060025011,ULS,USED,2025-06-25,2025-06-05,,울산/엠지엘
220125060025004,ULS,USED,2025-06-25,2025-06-05,,울산/엠지엘
220125060025005,ULS,USED,2025-06-25,2025-06-05,,울산/엠지엘
220125060025026,ULS,USED,2025-06-25,2025-06-05,,울산/엠지엘
220125060025009,ULS,USED,2025-06-25,2025-06-05,,울산/엠지엘
220125060025022,ULS,USED,2025-06-25,2025-06-05,,울산/엠지엘
220125060025003,ULS,USED,2025-06-25,2025-06-05,,울산/엠지엘
240125080046032,ULS,USED,2025-09-10,2025-09-10,,울산/엠지엘
240125080046152,ULS,USED,2025-09-10,2025-09-10,,울산/엠지엘
SFFQG240123070049045,ULS,USED,2023-08-22,2023-08-22,,울산/엠지엘
SFFQG240123070049046,ULS,USED,2023-08-22,2023-08-22,,울산/엠지엘
SFFQG240123070049043,ULS,USED,2023-08-22,2023-08-22,,울산/엠지엘
250123110020008,ULS,USED,2023-11-21,2023-11-27,,울산/엠지엘
210123110019002,ULS,USED,2023-11-21,2023-11-21,,울산/엠지엘
210123110019003,ULS,USED,2023-11-21,2023-11-21,,울산/엠지엘
210123110019005,ULS,USED,2023-11-21,2023-11-21,,울산/엠지엘
210123110019008,ULS,USED,2023-11-21,2023-11-21,,울산/엠지엘
210123110019012,ULS,USED,2023-11-21,2023-11-21,,울산/엠지엘
210123110019015,ULS,USED,2023-11-21,2023-11-21,,울산/엠지엘
250123110020015,ULS,USED,2023-11-21,2023-11-27,,울산/엠지엘
250123110020003,ULS,USED,2023-11-21,2023-11-27,,울산/엠지엘
250123110020016,ULS,USED,2023-11-21,2023-11-27,,울산/엠지엘
250123110020017,ULS,USED,2023-11-21,2023-11-27,,울산/엠지엘
250123110020018,ULS,USED,2023-11-21,2023-11-27,,울산/엠지엘
250123110020002,ULS,USED,2023-11-21,2023-11-27,,울산/엠지엘
250123110020007,ULS,USED,2023-11-21,2023-11-27,,울산/엠지엘
250123110020013,ULS,USED,2023-11-21,2023-11-27,,울산/엠지엘
250123110020014,ULS,USED,2023-11-21,2023-11-27,,울산/엠지엘
250123110020020,ULS,USED,2023-11-21,2023-11-27,,울산/엠지엘
210123110019004,ULS,USED,2023-11-21,2023-11-21,,울산/엠지엘
210123110019017,ULS,USED,2023-11-21,2023-11-21,,울산/엠지엘
250123110020001,ULS,USED,2023-11-21,2023-11-27,,울산/엠지엘
250123110020004,ULS,USED,2023-11-21,2023-11-27,,울산/엠지엘
250123110020011,ULS,USED,2023-11-21,2023-11-27,,울산/엠지엘
250123110020019,ULS,USED,2023-11-21,2023-11-27,,울산/엠지엘
210123110019013,ULS,USED,2023-11-21,2023-11-21,,울산/엠지엘
210123110019014,ULS,USED,2023-11-21,2023-11-21,,울산/엠지엘
210123110019001,ULS,USED,2023-11-21,2023-11-21,,울산/엠지엘
210123110019006,ULS,USED,2023-11-21,2023-11-21,,울산/엠지엘
250123110020005,ULS,USED,2023-11-21,2023-11-27,,울산/엠지엘
250123110020006,ULS,USED,2023-11-21,2023-11-27,,울산/엠지엘
250123110020009,ULS,USED,2023-11-21,2023-11-27,,울산/엠지엘
250123110020010,ULS,USED,2023-11-21,2023-11-27,,울산/엠지엘
250123110020012,ULS,USED,2023-11-21,2023-11-27,,울산/엠지엘
210123110019011,ULS,USED,2023-11-21,2023-11-21,,울산/엠지엘
210123110019016,ULS,USED,2023-11-21,2023-11-21,,울산/엠지엘
210123110019009,ULS,USED,2023-11-21,2023-11-21,,울산/엠지엘
210123110019010,ULS,USED,2023-11-21,2023-11-21,,울산/엠지엘
210123110019018,ULS,USED,2023-11-21,2023-11-21,,울산/엠지엘
210123110019007,ULS,USED,2023-11-21,2023-11-21,,울산/엠지엘
210123110019020,ULS,USED,2023-11-21,2023-11-21,,울산/엠지엘
250123120013006,ULS,USED,2023-12-21,2023-12-21,,울산/엠지엘
250123120013001,ULS,USED,2023-12-21,2023-12-21,,울산/엠지엘
250123120013019,ULS,USED,2023-12-21,2023-12-21,,울산/엠지엘
250123120013003,ULS,USED,2023-12-21,2023-12-21,,울산/엠지엘
250123120013015,ULS,USED,2023-12-21,2023-12-21,,울산/엠지엘
250123120013016,ULS,USED,2023-12-21,2023-12-21,,울산/엠지엘
250123120013002,ULS,USED,2023-12-21,2023-12-21,,울산/엠지엘
250123120013013,ULS,USED,2023-12-21,2023-12-21,,울산/엠지엘
250123120013018,ULS,USED,2023-12-21,2023-12-21,,울산/엠지엘
250123120013004,ULS,USED,2023-12-21,2023-12-21,,울산/엠지엘
250123120013017,ULS,USED,2023-12-21,2023-12-21,,울산/엠지엘
250123120013005,ULS,USED,2023-12-21,2023-12-21,,울산/엠지엘
250123120013008,ULS,USED,2023-12-21,2023-12-21,,울산/엠지엘
250123120013009,ULS,USED,2023-12-21,2023-12-21,,울산/엠지엘
250123120013010,ULS,USED,2023-12-21,2023-12-21,,울산/엠지엘
250123120013014,ULS,USED,2023-12-21,2023-12-21,,울산/엠지엘
250123120013007,ULS,USED,2023-12-21,2023-12-21,,울산/엠지엘
240123120030295,ULS,USED,2023-12-28,2023-12-28,,울산/엠지엘
240123120030275,ULS,USED,2023-12-28,2023-12-28,,울산/엠지엘
240123120030296,ULS,USED,2023-12-28,2023-12-28,,울산/엠지엘
240123120030279,ULS,USED,2023-12-28,2023-12-28,,울산/엠지엘
240123120030280,ULS,USED,2023-12-28,2023-12-28,,울산/엠지엘
SFFQG240123060022154,ULS,USED,2023-06-30,2023-08-22,,울산/엠지엘
SFFQG240123060022156,ULS,USED,2023-06-30,2023-07-27,,울산/엠지엘
SFFQG240123060022161,ULS,USED,2023-06-30,2023-08-22,,울산/엠지엘
SFFQG240123060022025,ULS,USED,2023-06-30,2023-07-27,,울산/엠지엘
SFFQG240123060022032,ULS,USED,2023-06-30,2023-08-07,,울산/엠지엘
SFFQG240123060022163,ULS,USED,2023-06-30,2023-08-22,,울산/엠지엘
SFFQG240123060022164,ULS,USED,2023-06-30,2023-08-21,,울산/엠지엘
SFFQG240123060022019,ULS,USED,2023-06-30,2023-07-20,,울산/엠지엘
SFFQG240123060022027,ULS,USED,2023-06-30,2023-07-27,,울산/엠지엘
SFFQG240123060022030,ULS,USED,2023-06-30,2023-07-27,,울산/엠지엘
SFFQG240123060022057,ULS,USED,2023-06-30,2023-08-21,,울산/엠지엘
SFFQG240123060022075,ULS,USED,2023-06-30,2023-08-24,,울산/엠지엘
SFFQG240123060022090,ULS,USED,2023-06-30,2023-08-17,,울산/엠지엘
SFFQG240123060022159,ULS,USED,2023-06-30,2023-08-31,,울산/엠지엘
SFFQG240123060022160,ULS,USED,2023-06-30,2023-08-31,,울산/엠지엘
SFFQG240123060022162,ULS,USED,2023-06-30,2023-08-21,,울산/엠지엘
SFFQG240123060022098,ULS,USED,2023-06-30,2023-07-18,,울산/엠지엘
SFFQG240123060022100,ULS,USED,2023-06-30,2023-08-24,,울산/엠지엘
SFFQG240123060022008,ULS,USED,2023-06-30,2023-07-31,,울산/엠지엘
SFFQG240123060022026,ULS,USED,2023-06-30,2023-07-27,,울산/엠지엘
SFFQG240123060022028,ULS,USED,2023-06-30,2023-07-27,,울산/엠지엘
SFFQG240123060022061,ULS,USED,2023-06-30,2023-08-22,,울산/엠지엘
SFFQG240123060022058,ULS,USED,2023-06-30,2023-08-22,,울산/엠지엘
SFFQG240123060022066,ULS,USED,2023-06-30,2023-07-11,,울산/엠지엘
SFFQG240123060022043,ULS,USED,2023-06-30,2023-08-28,,울산/엠지엘
SFFQG240123060022071,ULS,USED,2023-06-30,2023-08-23,,울산/엠지엘
SFFQG240123060022072,ULS,USED,2023-06-30,2023-08-02,,울산/엠지엘
SFFQG240123060022073,ULS,USED,2023-06-30,2023-07-23,,울산/엠지엘
SFFQG240123060022021,ULS,USED,2023-06-30,2023-08-02,,울산/엠지엘
SFFQG240123060022042,ULS,USED,2023-06-30,2023-07-27,,울산/엠지엘
SFFQG240123060022048,ULS,USED,2023-06-30,2023-08-28,,울산/엠지엘
SFFQG240123060022013,ULS,USED,2023-06-30,2023-07-27,,울산/엠지엘
SFFQG240123060022002,ULS,USED,2023-06-30,2023-07-31,,울산/엠지엘
SFFQG240123060022005,ULS,USED,2023-06-30,2023-07-21,,울산/엠지엘
SFFQG240123060022014,ULS,USED,2023-06-30,2023-07-27,,울산/엠지엘
SFFQG240123060022059,ULS,USED,2023-06-30,2023-08-23,,울산/엠지엘
SFFQG240123060022029,ULS,USED,2023-06-30,2023-07-27,,울산/엠지엘
SFFQG240123060022054,ULS,USED,2023-06-30,2023-08-31,,울산/엠지엘
SFFQG240123060022140,ULS,USED,2023-06-30,2023-08-14,,울산/엠지엘
SFFQG240123060022142,ULS,USED,2023-06-30,2023-07-13,,울산/엠지엘
SFFQG240123060022143,ULS,USED,2023-06-30,2023-07-14,,울산/엠지엘
SFFQG240123060022020,ULS,USED,2023-06-30,2023-07-20,,울산/엠지엘
SFFQG240123060022010,ULS,USED,2023-06-30,2023-07-31,,울산/엠지엘
SFFQG240123060022007,ULS,USED,2023-06-30,2023-07-31,,울산/엠지엘
SFFQG240123060022120,ULS,USED,2023-06-30,2023-08-22,,울산/엠지엘
SFFQG240123060022124,ULS,USED,2023-06-30,2023-07-24,,울산/엠지엘
SFFQG240123060022084,ULS,USED,2023-06-30,2023-08-31,,울산/엠지엘
SFFQG240123060022085,ULS,USED,2023-06-30,2023-08-24,,울산/엠지엘
SFFQG240123060022086,ULS,USED,2023-06-30,2023-08-28,,울산/엠지엘
SFFQG240123060022088,ULS,USED,2023-06-30,2023-08-23,,울산/엠지엘
SFFQG240123060022096,ULS,USED,2023-06-30,2023-07-14,,울산/엠지엘
SFFQG240123060022015,ULS,USED,2023-06-30,2023-07-27,,울산/엠지엘
SFFQG240123060022017,ULS,USED,2023-06-30,2023-07-20,,울산/엠지엘
SFFQG240123060022006,ULS,USED,2023-06-30,2023-07-27,,울산/엠지엘
SFFQG240123060022044,ULS,USED,2023-06-30,2023-08-28,,울산/엠지엘
SFFQG240123060022052,ULS,USED,2023-06-30,2023-08-28,,울산/엠지엘
SFFQG240123060022004,ULS,USED,2023-06-30,2023-07-31,,울산/엠지엘
SFFQG240123060022003,ULS,USED,2023-06-30,2023-07-31,,울산/엠지엘
SFFQG240123060022099,ULS,USED,2023-06-30,2023-08-24,,울산/엠지엘
SFFQG240123060022103,ULS,USED,2023-06-30,2023-08-24,,울산/엠지엘
SFFQG240123060022104,ULS,USED,2023-06-30,2023-08-24,,울산/엠지엘
SFFQG240123060022114,ULS,USED,2023-06-30,2023-07-27,,울산/엠지엘
SFFQG240123060022118,ULS,USED,2023-06-30,2023-08-24,,울산/엠지엘
SFFQG240123060022144,ULS,USED,2023-06-30,2023-07-11,,울산/엠지엘
SFFQG240123060022024,ULS,USED,2023-06-30,2023-08-02,,울산/엠지엘
SFFQG240123060022046,ULS,USED,2023-06-30,2023-08-28,,울산/엠지엘
SFFQG240123060022129,ULS,USED,2023-06-30,2023-07-23,,울산/엠지엘
SFFQG240123060022132,ULS,USED,2023-06-30,2023-07-23,,울산/엠지엘
SFFQG240123060022139,ULS,USED,2023-06-30,2023-08-17,,울산/엠지엘
SFFQG240123060022141,ULS,USED,2023-06-30,2023-08-14,,울산/엠지엘
SFFQG240123060022153,ULS,USED,2023-06-30,2023-08-23,,울산/엠지엘
SFFQG240123060022166,ULS,USED,2023-06-30,2023-07-23,,울산/엠지엘
SFFQG240123060022101,ULS,USED,2023-06-30,2023-08-24,,울산/엠지엘
SFFQG240123060022122,ULS,USED,2023-06-30,2023-07-21,,울산/엠지엘
SFFQG240123060022127,ULS,USED,2023-06-30,2023-07-24,,울산/엠지엘
SFFQG240123060022134,ULS,USED,2023-06-30,2023-07-23,,울산/엠지엘
SFFQG240123060022138,ULS,USED,2023-06-30,2023-08-14,,울산/엠지엘
SFFQG240123060022062,ULS,USED,2023-06-30,2023-08-21,,울산/엠지엘
SFFQG240123060022067,ULS,USED,2023-06-30,2023-07-23,,울산/엠지엘
SFFQG240123060022069,ULS,USED,2023-06-30,2023-08-22,,울산/엠지엘
SFFQG240123060022152,ULS,USED,2023-06-30,2023-08-21,,울산/엠지엘
SFFQG240123060022158,ULS,USED,2023-06-30,2023-08-31,,울산/엠지엘
SFFQG240123060022018,ULS,USED,2023-06-30,2023-07-20,,울산/엠지엘
SFFQG240123060022039,ULS,USED,2023-06-30,2023-08-23,,울산/엠지엘
SFFQG240123060022001,ULS,USED,2023-06-30,2023-07-31,,울산/엠지엘
SFFQG240123060022023,ULS,USED,2023-06-30,2023-08-31,,울산/엠지엘
SFFQG240123060022051,ULS,USED,2023-06-30,2023-08-28,,울산/엠지엘
SFFQG240123060022083,ULS,USED,2023-06-30,2023-08-24,,울산/엠지엘
SFFQG240123060022077,ULS,USED,2023-06-30,2023-08-23,,울산/엠지엘
SFFQG240123060022053,ULS,USED,2023-06-30,2023-08-24,,울산/엠지엘
SFFQG240123060022055,ULS,USED,2023-06-30,2023-08-24,,울산/엠지엘
SFFQG240123060022056,ULS,USED,2023-06-30,2023-08-24,,울산/엠지엘
SFFQG240123060022149,ULS,USED,2023-06-30,2023-08-31,,울산/엠지엘
SFFQG240123060022157,ULS,USED,2023-06-30,2023-07-27,,울산/엠지엘
SFFQG240123060022034,ULS,USED,2023-06-30,2023-08-04,,울산/엠지엘
SFFQG240123060022168,ULS,USED,2023-06-30,2023-08-22,,울산/엠지엘
SFFQG240123060022076,ULS,USED,2023-06-30,2023-08-22,,울산/엠지엘
SFFQG240123060022135,ULS,USED,2023-06-30,2023-08-31,,울산/엠지엘
SFFQG240123060022078,ULS,USED,2023-06-30,2023-08-23,,울산/엠지엘
SFFQG240123060022081,ULS,USED,2023-06-30,2023-08-31,,울산/엠지엘
SFFQG240123060022082,ULS,USED,2023-06-30,2023-08-23,,울산/엠지엘
SFFQG240123060022033,ULS,USED,2023-06-30,2023-08-04,,울산/엠지엘
SFFQG240123060022146,ULS,USED,2023-06-30,2023-08-24,,울산/엠지엘
SFFQG240123060022148,ULS,USED,2023-06-30,2023-08-24,,울산/엠지엘
SFFQG240123060022036,ULS,USED,2023-06-30,2023-07-27,,울산/엠지엘
SFFQG240123060022022,ULS,USED,2023-06-30,2023-08-02,,울산/엠지엘
SFFQG240123060022147,ULS,USED,2023-06-30,2023-08-31,,울산/엠지엘
SFFQG240123060022151,ULS,USED,2023-06-30,2023-08-21,,울산/엠지엘
SFFQG240123030034035,PTK,USED,2023-04-13,2023-06-23,,평택/골드로직스
SFFQG240123030034036,PTK,USED,2023-04-13,2023-06-23,,평택/골드로직스
SFFQG240123030034041,ULS,USED,2023-04-13,2023-06-15,,울산/엠지엘
SFFQG240123030034044,ULS,USED,2023-04-13,2023-06-27,,울산/엠지엘
SFFQG240123030034068,ULS,USED,2023-04-13,2023-06-15,,울산/엠지엘
SFFQG240123030034021,PTK,USED,2023-04-13,2023-07-28,,평택/골드로직스
SFFQG240123030034029,PTK,USED,2023-04-13,2023-07-27,,평택/골드로직스
SFFQG240123030034053,PTK,USED,2023-04-13,2023-07-28,,평택/골드로직스
SFFQG240123030034030,PTK,USED,2023-04-13,2023-07-27,,평택/골드로직스
SFFQG240123030034032,PTK,USED,2023-04-13,2023-06-23,,평택/골드로직스
SFFQG240123030034037,PTK,USED,2023-04-13,2023-07-17,,평택/골드로직스
SFFQG240123030034046,ULS,USED,2023-04-13,2023-06-30,,울산/엠지엘
SFFQG240123030034024,PTK,USED,2023-04-13,2023-07-27,,평택/골드로직스
SFFQG240123030034016,ULS,USED,2023-04-13,2023-07-27,,울산/엠지엘
SFFQG240123030034017,ULS,USED,2023-04-13,2023-07-10,,울산/엠지엘
SFFQG240123030034018,ULS,USED,2023-04-13,2023-07-27,,울산/엠지엘
SFFQG240123030034020,ULS,USED,2023-04-13,2023-07-10,,울산/엠지엘
SFFQG240123030034005,PTK,USED,2023-04-13,2023-07-31,,평택/골드로직스
SFFQG240123030034011,PTK,USED,2023-04-13,2023-07-26,,평택/골드로직스
SFFQG240123030034042,ULS,USED,2023-04-13,2023-06-15,,울산/엠지엘
SFFQG240123030034043,ULS,USED,2023-04-13,2023-06-27,,울산/엠지엘
SFFQG240123030034047,ULS,USED,2023-04-13,2023-07-04,,울산/엠지엘
SFFQG240123030034057,PTK,USED,2023-04-13,2023-07-28,,평택/골드로직스
SFFQG240123030034002,PTK,USED,2023-04-13,2023-06-22,,평택/골드로직스
SFFQG240123030034003,PTK,USED,2023-04-13,2023-06-22,,평택/골드로직스
SFFQG240123030034004,PTK,USED,2023-04-13,2023-06-22,,평택/골드로직스
SFFQG240123030034008,PTK,USED,2023-04-13,2023-08-21,,평택/골드로직스
SFFQG240123030034012,PTK,USED,2023-04-13,2023-07-28,,평택/골드로직스
SFFQG240123030034013,ULS,USED,2023-04-13,2023-07-10,,울산/엠지엘
SFFQG240123030034014,PTK,USED,2023-04-13,2023-07-31,,평택/골드로직스
SFFQG240123030034015,ULS,USED,2023-04-13,2023-07-27,,울산/엠지엘
SFFQG240123030034067,ULS,USED,2023-04-13,2023-06-15,,울산/엠지엘
SFFQG240123030034073,ULS,USED,2023-04-13,2023-06-15,,울산/엠지엘
SFFQG240123030034050,ULS,USED,2023-04-13,2023-07-04,,울산/엠지엘
SFFQG240123030034052,PTK,USED,2023-04-13,2023-07-27,,평택/골드로직스
SFFQG240123030034069,PTK,USED,2023-04-13,2023-07-26,,평택/골드로직스
SFFQG240123030034026,PTK,USED,2023-04-13,2023-07-27,,평택/골드로직스
SFFQG240123030034028,PTK,USED,2023-04-13,2023-07-27,,평택/골드로직스
SFFQG240123030034038,PTK,USED,2023-04-13,2023-07-17,,평택/골드로직스
SFFQG240123030034051,PTK,USED,2023-04-13,2023-07-27,,평택/골드로직스
SFFQG240123030034055,PTK,USED,2023-04-13,2023-07-28,,평택/골드로직스
SFFQG240123030034065,ULS,USED,2023-04-13,2023-06-22,,울산/엠지엘
SFFQG240123030034072,ULS,USED,2023-04-13,2023-07-10,,울산/엠지엘
SFFQG240123030034062,ULS,USED,2023-04-13,2023-06-29,,울산/엠지엘
SFFQG240123030034070,ULS,USED,2023-04-13,2023-07-07,,울산/엠지엘
SFFQG240123030034023,PTK,USED,2023-04-13,2023-07-28,,평택/골드로직스
SFFQG240123030034025,PTK,USED,2023-04-13,2023-07-27,,평택/골드로직스
SFFQG240123030034034,PTK,USED,2023-04-13,2023-06-23,,평택/골드로직스
SFFQG240123030034048,ULS,USED,2023-04-13,2023-07-04,,울산/엠지엘
SFFQG240123030034049,ULS,USED,2023-04-13,2023-07-04,,울산/엠지엘
SFFQG240123030034054,PTK,USED,2023-04-13,2023-07-27,,평택/골드로직스
SFFQG240123030034066,ULS,USED,2023-04-13,2023-06-21,,울산/엠지엘
SFFQG240123030034022,PTK,USED,2023-04-13,2023-07-28,,평택/골드로직스
SFFQG240123030034039,PTK,USED,2023-04-13,2023-07-17,,평택/골드로직스
SFFQG240123030034040,PTK,USED,2023-04-13,2023-07-17,,평택/골드로직스
SFFQG240123030034060,PTK,USED,2023-04-13,2023-07-26,,평택/골드로직스
SFFQG240123030034061,ULS,USED,2023-04-13,2023-06-29,,울산/엠지엘
SFFQG240123030034063,ULS,USED,2023-04-13,2023-06-23,,울산/엠지엘
SFFQG240123030034001,PTK,USED,2023-04-13,2023-06-22,,평택/골드로직스
SFFQG240123030034027,PTK,USED,2023-04-13,2023-07-27,,평택/골드로직스
SFFQG240123060022079,ULS,USED,2023-06-30,2023-08-23,,울산/엠지엘
SFFQG240123060022095,ULS,USED,2023-06-30,2023-07-14,,울산/엠지엘
SFFQG240123060022115,ULS,USED,2023-06-30,2023-08-02,,울산/엠지엘
SFFQG240123060022116,ULS,USED,2023-06-30,2023-08-24,,울산/엠지엘
SFFQG240123030016075,ULS,USED,2023-03-28,2023-09-12,,울산/대한글로벌
SFFQG240123030016022,ULS,USED,2023-03-28,2023-04-26,,울산/대한글로벌
SFFQG240123030016049,ULS,USED,2023-03-28,2023-04-11,,울산/대한글로벌
SFFQG240123030016057,ULS,USED,2023-03-28,2023-04-13,,울산/대한글로벌
SFFQG240123030016058,ULS,USED,2023-03-28,2023-04-13,,울산/대한글로벌
SFFQG240123030016063,ULS,USED,2023-03-28,2023-05-10,,울산/대한글로벌
SFFQG240123030016070,ULS,USED,2023-03-28,2023-05-30,,울산/대한글로벌
SFFQG240123030016039,ULS,USED,2023-03-28,2023-04-04,,울산/대한글로벌
SFFQG240123030016041,ULS,USED,2023-03-28,2023-04-06,,울산/대한글로벌
SFFQG240123030016044,ULS,USED,2023-03-28,2023-04-13,,울산/대한글로벌
SFFQG240123030016051,ULS,USED,2023-03-28,2023-04-05,,울산/대한글로벌
SFFQG240123030016055,ULS,USED,2023-03-28,2023-04-13,,울산/대한글로벌
SFFQG240123030016060,ULS,USED,2023-03-28,2023-04-13,,울산/대한글로벌
SFFQG240123030016069,ULS,USED,2023-03-28,2023-05-25,,울산/대한글로벌
SFFQG240123030016007,ULS,USED,2023-03-28,2023-04-28,,울산/대한글로벌
SFFQG240123030016010,ULS,USED,2023-03-28,2023-04-05,,울산/대한글로벌
SFFQG240123030016016,ULS,USED,2023-03-28,2023-04-19,,울산/대한글로벌
SFFQG240123030016047,ULS,USED,2023-03-28,2023-04-07,,울산/대한글로벌
SFFQG240123030016048,ULS,USED,2023-03-28,2023-04-11,,울산/대한글로벌
SFFQG240123030016052,ULS,USED,2023-03-28,2023-04-05,,울산/대한글로벌
SFFQG240123030016053,ULS,USED,2023-03-28,2023-04-17,,울산/대한글로벌
SFFQG240123030016071,ULS,USED,2023-03-28,2023-05-25,,울산/대한글로벌
SFFQG240123030016074,ULS,USED,2023-03-28,2023-09-12,,울산/대한글로벌
SFFQG240123030016018,ULS,USED,2023-03-28,2023-04-17,,울산/대한글로벌
SFFQG240123030016021,ULS,USED,2023-03-28,2023-04-27,,울산/대한글로벌
SFFQG240123030016031,ULS,USED,2023-03-28,2023-04-05,,울산/대한글로벌
SFFQG240123030016045,ULS,USED,2023-03-28,2023-04-07,,울산/대한글로벌
SFFQG240123030016035,ULS,USED,2023-03-28,2023-04-04,,울산/대한글로벌
SFFQG240123030016038,ULS,USED,2023-03-28,2023-04-04,,울산/대한글로벌
SFFQG240123030016043,ULS,USED,2023-03-28,2023-04-07,,울산/대한글로벌
SFFQG240123030016046,ULS,USED,2023-03-28,2023-04-07,,울산/대한글로벌
SFFQG240123030016064,ULS,USED,2023-03-28,2023-05-19,,울산/대한글로벌
SFFQG240123030016066,ULS,USED,2023-03-28,2023-05-24,,울산/대한글로벌
SFFQG240123030016068,ULS,USED,2023-03-28,2023-05-24,,울산/대한글로벌
SFFQG240123030016072,ULS,USED,2023-03-28,2023-06-03,,울산/대한글로벌
SFFQG240123030016073,ULS,USED,2023-03-28,2023-06-23,,울산/대한글로벌
SFFQG240123030016014,ULS,USED,2023-03-28,2023-04-19,,울산/대한글로벌
SFFQG240123030016027,ULS,USED,2023-03-28,2023-04-25,,울산/대한글로벌
SFFQG240123030016034,ULS,USED,2023-03-28,2023-04-05,,울산/대한글로벌
SFFQG240123030016037,ULS,USED,2023-03-28,2023-04-04,,울산/대한글로벌
SFFQG240123030016050,ULS,USED,2023-03-28,2023-04-13,,울산/대한글로벌
SFFQG240123030016061,ULS,USED,2023-03-28,2023-04-13,,울산/대한글로벌
SFFQG240123030016062,ULS,USED,2023-03-28,2023-04-13,,울산/대한글로벌
SFFQG240123030016009,ULS,USED,2023-03-28,2023-04-05,,울산/대한글로벌
SFFQG240123030016023,ULS,USED,2023-03-28,2023-04-26,,울산/대한글로벌
SFFQG240123030016024,ULS,USED,2023-03-28,2023-04-26,,울산/대한글로벌
SFFQG240123030016042,ULS,USED,2023-03-28,2023-04-06,,울산/대한글로벌
SFFQG240123030016054,ULS,USED,2023-03-28,2023-04-17,,울산/대한글로벌
SFFQG240123030016056,ULS,USED,2023-03-28,2023-04-13,,울산/대한글로벌
SFFQG240123030016059,ULS,USED,2023-03-28,2023-04-13,,울산/대한글로벌
SFFQG240123030016065,ULS,USED,2023-03-28,2023-05-23,,울산/대한글로벌
SFFQG240123030016067,ULS,USED,2023-03-28,2023-05-24,,울산/대한글로벌
SFFQG240123030016015,ULS,USED,2023-03-28,2023-04-19,,울산/대한글로벌
SFFQG240123030016026,ULS,USED,2023-03-28,2023-04-25,,울산/대한글로벌
SFFQG240123030016028,ULS,USED,2023-03-28,2023-04-25,,울산/대한글로벌
SFFQG240123030034045,ULS,USED,2023-04-13,2023-06-30,,울산/엠지엘
SFFQG240123030034058,PTK,USED,2023-04-13,2023-07-26,,평택/골드로직스
SFFQG240123030034059,PTK,USED,2023-04-13,2023-07-26,,평택/골드로직스
SFFQG240123030034064,ULS,USED,2023-04-13,2023-06-22,,울산/엠지엘
SFFQG240123030034071,ULS,USED,2023-04-13,2023-07-27,,울산/엠지엘
SFFQG240123030034074,ULS,USED,2023-04-13,2023-07-07,,울산/엠지엘
SFFQG240123030034075,ULS,USED,2023-04-13,2023-06-15,,울산/엠지엘
SFFQG240123030034031,PTK,USED,2023-04-13,2023-06-23,,평택/골드로직스
SFFQG240123030034033,PTK,USED,2023-04-13,2023-06-23,,평택/골드로직스
SFFQG240222120012055,ULS,USED,2023-01-05,2023-01-17,,울산/대한글로벌
SFFQG240222120012065,ULS,USED,2023-01-05,2023-02-06,,울산/대한글로벌
SFFQG240222120012067,ULS,USED,2023-01-05,2023-02-08,,울산/대한글로벌
SFFQG240222120012003,ULS,USED,2023-01-05,2023-03-13,,울산/대한글로벌
SFFQG240222120012008,ULS,USED,2023-01-05,2023-02-21,,울산/대한글로벌
SFFQG240222120012025,ULS,USED,2023-01-05,2023-02-06,,울산/대한글로벌
SFFQG240222120012036,ULS,USED,2023-01-05,2023-02-27,,울산/대한글로벌
SFFQG240222120012043,ULS,USED,2023-01-05,2023-03-14,,울산/대한글로벌
SFFQG240222120012049,ULS,USED,2023-01-05,2023-02-01,,울산/대한글로벌
SFFQG240222120012007,ULS,USED,2023-01-05,2023-02-17,,울산/대한글로벌
SFFQG240222120012018,ULS,USED,2023-01-05,2023-03-16,,울산/대한글로벌
SFFQG240222120012021,ULS,USED,2023-01-05,2023-02-17,,울산/대한글로벌
SFFQG240222120012038,ULS,USED,2023-01-05,2023-01-17,,울산/대한글로벌
SFFQG240222120012039,ULS,USED,2023-01-05,2023-03-16,,울산/대한글로벌
SFFQG240222120012062,ULS,USED,2023-01-05,2023-03-14,,울산/대한글로벌
SFFQG240222120012070,ULS,USED,2023-01-05,2023-01-12,,울산/대한글로벌
SFFQG240222120012068,ULS,USED,2023-01-05,2023-02-17,,울산/대한글로벌
SFFQG240222120012061,ULS,USED,2023-01-05,2023-02-06,,울산/대한글로벌
SFFQG240222120012001,ULS,USED,2023-01-05,2023-02-17,,울산/대한글로벌
SFFQG240222120012012,ULS,USED,2023-01-05,2023-02-01,,울산/대한글로벌
SFFQG240222120012046,ULS,USED,2023-01-05,2023-03-16,,울산/대한글로벌
SFFQG240222120012048,ULS,USED,2023-01-05,2023-02-13,,울산/대한글로벌
SFFQG240222120012063,ULS,USED,2023-01-05,2023-02-17,,울산/대한글로벌
SFFQG240222120012064,ULS,USED,2023-01-05,2023-03-15,,울산/대한글로벌
SFFQG240222120012072,ULS,USED,2023-01-05,2023-03-17,,울산/대한글로벌
SFFQG240222120012073,ULS,USED,2023-01-05,2023-03-16,,울산/대한글로벌
SFFQG240222120012071,ULS,USED,2023-01-05,2023-03-17,,울산/대한글로벌
SFFQG240222120012004,ULS,USED,2023-01-05,2023-02-21,,울산/대한글로벌
SFFQG240222120012006,ULS,USED,2023-01-05,2023-02-21,,울산/대한글로벌
SFFQG240222120012020,ULS,USED,2023-01-05,2023-03-13,,울산/대한글로벌
SFFQG240222120012016,ULS,USED,2023-01-05,2023-03-16,,울산/대한글로벌
SFFQG240222120012002,ULS,USED,2023-01-05,2023-03-16,,울산/대한글로벌
SFFQG240222120012022,ULS,USED,2023-01-05,2023-03-16,,울산/대한글로벌
SFFQG240222120012029,ULS,USED,2023-01-05,2023-03-16,,울산/대한글로벌
SFFQG240222120012033,ULS,USED,2023-01-05,2023-03-15,,울산/대한글로벌
SFFQG240222120012031,ULS,USED,2023-01-05,2023-03-16,,울산/대한글로벌
SFFQG240222120012035,ULS,USED,2023-01-05,2023-03-16,,울산/대한글로벌
SFFQG240222120012037,ULS,USED,2023-01-05,2023-03-13,,울산/대한글로벌
SFFQG240222120012074,ULS,USED,2023-01-05,2023-03-16,,울산/대한글로벌
SFFQG240222120012047,ULS,USED,2023-01-05,2023-03-16,,울산/대한글로벌
SFFQG240222120012050,ULS,USED,2023-01-05,2023-02-01,,울산/대한글로벌
SFFQG240222120012053,ULS,USED,2023-01-05,2023-01-11,,울산/대한글로벌
SFFQG240222120012059,ULS,USED,2023-01-05,2023-01-12,,울산/대한글로벌
SFFQG240222120012075,ULS,USED,2023-01-05,2023-03-16,,울산/대한글로벌
SFFQG240123030016003,ULS,USED,2023-03-28,2023-04-28,,울산/대한글로벌
SFFQG240123030016040,ULS,USED,2023-03-28,2023-03-31,,울산/대한글로벌
SFFQG240123030016005,ULS,USED,2023-03-28,2023-04-28,,울산/대한글로벌
SFFQG240123030016002,ULS,USED,2023-03-28,2023-04-28,,울산/대한글로벌
SFFQG240123030016004,ULS,USED,2023-03-28,2023-04-28,,울산/대한글로벌
SFFQG240123030016001,ULS,USED,2023-03-28,2023-05-02,,울산/대한글로벌
SFFQG240123030016006,ULS,USED,2023-03-28,2023-04-27,,울산/대한글로벌
SFFQG240123030016008,ULS,USED,2023-03-28,2023-04-05,,울산/대한글로벌
SFFQG240123030016012,ULS,USED,2023-03-28,2023-04-19,,울산/대한글로벌
SFFQG240123030016019,ULS,USED,2023-03-28,2023-04-18,,울산/대한글로벌
SFFQG240123030016030,ULS,USED,2023-03-28,2023-04-19,,울산/대한글로벌
SFFQG240123030016013,ULS,USED,2023-03-28,2023-04-19,,울산/대한글로벌
SFFQG240123030016025,ULS,USED,2023-03-28,2023-04-25,,울산/대한글로벌
SFFQG240123030016011,ULS,USED,2023-03-28,2023-04-19,,울산/대한글로벌
SFFQG240123030016017,ULS,USED,2023-03-28,2023-04-18,,울산/대한글로벌
SFFQG240123030016020,ULS,USED,2023-03-28,2023-04-18,,울산/대한글로벌
SFFQG240123030016029,ULS,USED,2023-03-28,2023-04-25,,울산/대한글로벌
SFFQG240123030016032,ULS,USED,2023-03-28,2023-04-04,,울산/대한글로벌
SFFQG240123030016033,ULS,USED,2023-03-28,2023-04-05,,울산/대한글로벌
SFFQG240123030016036,ULS,USED,2023-03-28,2023-04-04,,울산/대한글로벌
SFFQD240222080047017,ULS,USED,2022-09-15,2023-03-20,,울산/대한글로벌
SFFQD240222080047069,PTK,USED,2022-09-15,2023-05-01,,평택/골드로직스
SFFQD240222080047070,PTK,USED,2022-09-15,2023-04-11,,평택/골드로직스
SFFQD240222080047020,PTK,USED,2022-09-15,2023-06-27,,평택/골드로직스
SFFQD240222080047019,ULS,USED,2022-09-15,2023-03-20,,울산/대한글로벌
SFFQD240222080047022,PTK,USED,2022-09-15,2023-06-27,,평택/골드로직스
SFFQD240222080047023,PTK,USED,2022-09-15,2023-06-27,,평택/골드로직스
SFFQD240222080047024,PTK,USED,2022-09-15,2023-06-21,,평택/골드로직스
SFFQD240222080047025,PTK,USED,2022-09-15,2023-06-26,,평택/골드로직스
SFFQD240222080047028,PTK,USED,2022-09-15,2023-04-18,,평택/골드로직스
SFFQD240222080047029,PTK,USED,2022-09-15,2023-04-18,,평택/골드로직스
SFFQD240222080047030,PTK,USED,2022-09-15,2023-04-06,,평택/골드로직스
SFFQD240222080047066,PTK,USED,2022-09-15,2023-06-27,,평택/골드로직스
SFFQD240222080047068,PTK,USED,2022-09-15,2023-03-30,,평택/골드로직스
SFFQD240222080047001,ULS,USED,2022-09-15,2023-03-21,,울산/대한글로벌
SFFQD240222080047033,PTK,USED,2022-09-15,2023-04-06,,평택/골드로직스
SFFQD240222080047034,PTK,USED,2022-09-15,2023-04-18,,평택/골드로직스
SFFQD240222080047035,ULS,USED,2022-09-15,2023-03-23,,울산/대한글로벌
SFFQD240222080047064,PTK,USED,2022-09-15,2023-04-06,,평택/골드로직스
SFFQD240222080047074,PTK,USED,2022-09-15,2023-04-11,,평택/골드로직스
SFFQD240222080047021,ULS,USED,2022-09-15,2023-03-23,,울산/대한글로벌
SFFQD240222080047040,PTK,USED,2022-09-15,2023-04-18,,평택/골드로직스
SFFQD240222080047041,PTK,USED,2022-09-15,2023-05-01,,평택/골드로직스
SFFQD240222080047042,PTK,USED,2022-09-15,2023-04-11,,평택/골드로직스
SFFQD240222080047043,ULS,USED,2022-09-15,2023-03-21,,울산/대한글로벌
SFFQD240222080047046,PTK,USED,2022-09-15,2023-03-30,,평택/골드로직스
SFFQD240222080047039,PTK,USED,2022-09-15,2023-05-15,,평택/골드로직스
SFFQD240222080047062,PTK,USED,2022-09-15,2023-04-06,,평택/골드로직스
SFFQD240222080047065,PTK,USED,2022-09-15,2023-06-26,,평택/골드로직스
SFFQD240222080047047,PTK,USED,2022-09-15,2023-03-20,,평택/골드로직스
SFFQD240222080047050,ULS,USED,2022-09-15,2023-03-21,,울산/대한글로벌
SFFQD240222080047051,PTK,USED,2022-09-15,2023-03-30,,평택/골드로직스
SFFQD240222080047054,PTK,USED,2022-09-15,2023-06-27,,평택/골드로직스
SFFQD240222080047056,PTK,USED,2022-09-15,2023-06-23,,평택/골드로직스
SFFQD240222080047036,PTK,USED,2022-09-15,2023-04-06,,평택/골드로직스
SFFQG240222120012019,ULS,USED,2023-01-05,2023-03-14,,울산/대한글로벌
SFFQG240222120012066,ULS,USED,2023-01-05,2023-03-14,,울산/대한글로벌
SFFQG240222120012028,ULS,USED,2023-01-05,2023-02-06,,울산/대한글로벌
SFFQG240222120012009,ULS,USED,2023-01-05,2023-03-16,,울산/대한글로벌
SFFQG240222120012057,ULS,USED,2023-01-05,2023-01-18,,울산/대한글로벌
SFFQG240222120012034,ULS,USED,2023-01-05,2023-03-15,,울산/대한글로벌
SFFQG240222120012041,ULS,USED,2023-01-05,2023-01-25,,울산/대한글로벌
SFFQG240222120012026,ULS,USED,2023-01-05,2023-02-06,,울산/대한글로벌
SFFQG240222120012030,ULS,USED,2023-01-05,2023-03-16,,울산/대한글로벌
SFFQG240222120012040,ULS,USED,2023-01-05,2023-03-16,,울산/대한글로벌
SFFQG240222120012014,ULS,USED,2023-01-05,2023-01-25,,울산/대한글로벌
SFFQG240222120012017,ULS,USED,2023-01-05,2023-03-16,,울산/대한글로벌
SFFQG240222120012069,ULS,USED,2023-01-05,2023-01-25,,울산/대한글로벌
SFFQG240222120012045,ULS,USED,2023-01-05,2023-03-16,,울산/대한글로벌
SFFQG240222120012042,ULS,USED,2023-01-05,2023-01-17,,울산/대한글로벌
SFFQG240222120012044,ULS,USED,2023-01-05,2023-03-16,,울산/대한글로벌
SFFQG240222120012060,ULS,USED,2023-01-05,2023-01-12,,울산/대한글로벌
SFFQG240222120012005,ULS,USED,2023-01-05,2023-02-21,,울산/대한글로벌
SFFQG240222120012010,ULS,USED,2023-01-05,2023-03-16,,울산/대한글로벌
SFFQG240222120012011,ULS,USED,2023-01-05,2023-03-16,,울산/대한글로벌
SFFQG240222120012013,ULS,USED,2023-01-05,2023-02-01,,울산/대한글로벌
SFFQG240222120012032,ULS,USED,2023-01-05,2023-03-15,,울산/대한글로벌
SFFQG240222120012023,ULS,USED,2023-01-05,2023-02-17,,울산/대한글로벌
SFFQG240222120012024,ULS,USED,2023-01-05,2023-02-17,,울산/대한글로벌
SFFQG240222120012027,ULS,USED,2023-01-05,2023-02-02,,울산/대한글로벌
SFFQG240222120012058,ULS,USED,2023-01-05,2023-01-13,,울산/대한글로벌
SFFQG240222120012015,ULS,USED,2023-01-05,2023-03-01,,울산/대한글로벌
SFFQG240222120012052,ULS,USED,2023-01-05,2023-01-25,,울산/대한글로벌
SFFQG240222120012054,ULS,USED,2023-01-05,2023-01-11,,울산/대한글로벌
SFFQG2422060007064,ULS,USED,2022-06-26,2022-12-09,,울산/대한글로벌
SFFQG2422060007061,ULS,USED,2022-06-26,2022-12-20,,울산/대한글로벌
SFFQG2422060007062,ULS,USED,2022-06-26,2022-12-12,,울산/대한글로벌
SFFQG2422060007051,ULS,USED,2022-06-26,2022-12-19,,울산/대한글로벌
SFFQG2422060007187,ULS,USED,2022-06-26,2022-12-23,,울산/대한글로벌
SFFQG2422060007108,ULS,USED,2022-06-26,2022-12-15,,울산/대한글로벌
SFFQG2422060007011,ULS,USED,2022-06-26,2023-04-11,,울산/대한글로벌
SFFQG2422060007018,ULS,USED,2022-06-26,2022-12-13,,울산/대한글로벌
SFFQG2422060007019,ULS,USED,2022-06-26,2022-12-13,,울산/대한글로벌
SFFQG2422060007022,ULS,USED,2022-06-26,2023-03-13,,울산/대한글로벌
SFFQG2422060007059,ULS,USED,2022-06-26,2022-12-20,,울산/대한글로벌
SFFQG2422060007092,ULS,USED,2022-06-26,2022-12-14,,울산/대한글로벌
SFFQG2422060007096,ULS,USED,2022-06-26,2022-12-15,,울산/대한글로벌
SFFQG2422060007026,ULS,USED,2022-06-26,2023-04-20,,울산/대한글로벌
SFFQG2422060007029,ULS,USED,2022-06-26,2023-03-13,,울산/대한글로벌
SFFQG2422060007024,ULS,USED,2022-06-26,2023-01-26,,울산/대한글로벌
SFFQG2422060007025,ULS,USED,2022-06-26,2023-03-22,,울산/대한글로벌
SFFQG2422060007028,ULS,USED,2022-06-26,2023-03-13,,울산/대한글로벌
SFFQG2422060007045,ULS,USED,2022-06-26,2022-12-06,,울산/대한글로벌
SFFQG2422060007046,ULS,USED,2022-06-26,2022-12-08,,울산/대한글로벌
SFFQG2422060007188,ULS,USED,2022-06-26,2022-12-19,,울산/대한글로벌
SFFQG2422060007222,ULS,USED,2022-06-26,2022-12-06,,울산/대한글로벌
SFFQG2422060007048,ULS,USED,2022-06-26,2022-12-07,,울산/대한글로벌
SFFQG2422060007049,ULS,USED,2022-06-26,2022-12-07,,울산/대한글로벌
SFFQG2422060007014,ULS,USED,2022-06-26,2022-12-09,,울산/대한글로벌
SFFQD240222080047002,ULS,USED,2022-09-15,2023-03-16,,울산/대한글로벌
SFFQD240222080047013,ULS,USED,2022-09-15,2023-03-20,,울산/대한글로벌
SFFQD240222080047060,PTK,USED,2022-09-15,2023-04-06,,평택/골드로직스
SFFQD240222080047061,PTK,USED,2022-09-15,2023-04-06,,평택/골드로직스
SFFQD240222080047011,PTK,USED,2022-09-15,2023-04-11,,평택/골드로직스
SFFQD240222080047012,ULS,USED,2022-09-15,2023-03-16,,울산/대한글로벌
SFFQD240222080047005,ULS,USED,2022-09-15,2023-03-20,,울산/대한글로벌
SFFQD240222080047018,PTK,USED,2022-09-15,2023-05-15,,평택/골드로직스
SFFQD240222080047006,ULS,USED,2022-09-15,2023-03-20,,울산/대한글로벌
SFFQD240222080047007,PTK,USED,2022-09-15,2023-07-17,,평택/골드로직스
SFFQD240222080047027,PTK,USED,2022-09-15,2023-04-06,,평택/골드로직스
SFFQD240222080047031,PTK,USED,2022-09-15,2023-06-27,,평택/골드로직스
SFFQD240222080047032,ULS,USED,2022-09-15,2023-03-23,,울산/대한글로벌
SFFQD240222080047037,PTK,USED,2022-09-15,2023-04-20,,평택/골드로직스
SFFQD240222080047003,ULS,USED,2022-09-15,2023-03-23,,울산/대한글로벌
SFFQD240222080047004,ULS,USED,2022-09-15,2023-03-23,,울산/대한글로벌
SFFQD240222080047045,PTK,USED,2022-09-15,2023-07-11,,평택/골드로직스
SFFQD240222080047057,PTK,USED,2022-09-15,2023-04-06,,평택/골드로직스
SFFQD240222080047008,PTK,USED,2022-09-15,2023-03-07,,평택/골드로직스
SFFQD240222080047009,PTK,USED,2022-09-15,2023-04-11,,평택/골드로직스
SFFQD240222080047010,PTK,USED,2022-09-15,2023-03-30,,평택/골드로직스
SFFQD240222080047059,PTK,USED,2022-09-15,2023-04-06,,평택/골드로직스
SFFQD240222080047071,PTK,USED,2022-09-15,2023-03-17,,평택/골드로직스
SFFQD240222080047072,PTK,USED,2022-09-15,2023-03-30,,평택/골드로직스
SFFQD240222080047014,PTK,USED,2022-09-15,2023-04-11,,평택/골드로직스
SFFQD240222080047015,PTK,USED,2022-09-15,2023-06-26,,평택/골드로직스
SFFQD240222080047038,PTK,USED,2022-09-15,2023-04-18,,평택/골드로직스
SFFQD240222080047052,ULS,USED,2022-09-15,2023-03-21,,울산/대한글로벌
SFFQD240222080047053,PTK,USED,2022-09-15,2023-06-27,,평택/골드로직스
SFFQD240222080047044,ULS,USED,2022-09-15,2023-03-21,,울산/대한글로벌
SFFQD240222080047048,ULS,USED,2022-09-15,2023-03-21,,울산/대한글로벌
SFFQD240222080047049,ULS,USED,2022-09-15,2023-03-21,,울산/대한글로벌
SFFQD240222080047058,PTK,USED,2022-09-15,2023-07-11,,평택/골드로직스
SFFQD240222080047063,PTK,USED,2022-09-15,2023-06-27,,평택/골드로직스
SFFQD240222080047026,ULS,USED,2022-09-15,2023-03-20,,울산/대한글로벌
SFFQD240222080047055,PTK,USED,2022-09-15,2023-03-17,,평택/골드로직스
SFFQD240222080047067,PTK,USED,2022-09-15,2023-04-18,,평택/골드로직스
SFFQD240222080047073,ULS,USED,2022-09-15,2023-03-20,,울산/대한글로벌
SFFQD240222080047016,ULS,USED,2022-09-15,2023-03-20,,울산/대한글로벌
SFFQD2522040042028,PTK,USED,2022-06-19,2023-01-26,,평택/골드로직스
SFFQD2522040042029,PTK,USED,2022-06-19,2023-01-26,,평택/골드로직스
SFFQD2522040042021,PTK,USED,2022-06-19,2023-01-19,,평택/골드로직스
SFFQD2522040042042,PTK,USED,2022-06-19,2023-03-28,,평택/골드로직스
SFFQD2522040042058,PTK,USED,2022-06-19,2023-01-30,,평택/골드로직스
SFFQD2522040042051,PTK,USED,2022-06-19,2023-01-19,,평택/골드로직스
SFFQD2522040042052,PTK,USED,2022-06-19,2023-01-19,,평택/골드로직스
SFFQD2522040042043,PTK,USED,2022-06-19,2023-01-26,,평택/골드로직스
SFFQD2522040042026,PTK,USED,2022-06-19,2023-03-28,,평택/골드로직스
SFFQD2522040042027,PTK,USED,2022-06-19,2023-01-26,,평택/골드로직스
SFFQD2522040042039,PTK,USED,2022-06-19,2023-02-07,,평택/골드로직스
SFFQD2522040042053,PTK,USED,2022-06-19,2023-01-19,,평택/골드로직스
SFFQD2522040042057,PTK,USED,2022-06-19,2023-06-27,,평택/골드로직스
SFFQD2522040042036,PTK,USED,2022-06-19,2023-04-06,,평택/골드로직스
SFFQD2522040042041,PTK,USED,2022-06-19,2023-01-26,,평택/골드로직스
SFFQD2522040042046,PTK,USED,2022-06-19,2023-01-26,,평택/골드로직스
SFFQD2522040042048,PTK,USED,2022-06-19,2023-01-26,,평택/골드로직스
SFFQD2522040042055,PTK,USED,2022-06-19,2023-01-19,,평택/골드로직스
SFFQD2522040042063,PTK,USED,2022-06-19,2023-01-19,,평택/골드로직스
SFFQD2522040042073,PTK,USED,2022-06-19,2023-01-19,,평택/골드로직스
SFFQD2522040042069,PTK,USED,2022-06-19,2023-01-19,,평택/골드로직스
SFFQD2522040042025,PTK,USED,2022-06-19,2023-03-28,,평택/골드로직스
SFFQD2522040042050,PTK,USED,2022-06-19,2023-01-26,,평택/골드로직스
SFFQD2522040042061,PTK,USED,2022-06-19,2023-03-28,,평택/골드로직스
SFFQD2522040042072,PTK,USED,2022-06-19,2023-02-07,,평택/골드로직스
SFFQD2522040042006,PTK,USED,2022-06-19,2023-04-06,,평택/골드로직스
SFFQD2522040042056,PTK,USED,2022-06-19,2023-04-06,,평택/골드로직스
SFFQD2522040042060,PTK,USED,2022-06-19,2023-03-28,,평택/골드로직스
SFFQD2522040042062,PTK,USED,2022-06-19,2023-03-28,,평택/골드로직스
SFFQG2422060007008,PTK,USED,2022-06-23,2023-02-28,,평택/골드로직스
SFFQG2422060007003,PTK,USED,2022-06-23,2023-01-26,,평택/골드로직스
SFFQG2422060007009,PTK,USED,2022-06-23,2023-03-13,,평택/골드로직스
SFFQG2422060007010,PTK,USED,2022-06-23,2023-05-01,,평택/골드로직스
SFFQG2422060007186,PTK,USED,2022-06-23,2022-12-22,,평택/골드로직스
SFFQG2422060007184,PTK,USED,2022-06-23,2022-12-28,,평택/골드로직스
SFFQG2422060007185,PTK,USED,2022-06-23,2022-12-22,,평택/골드로직스
SFFQG2422060007002,PTK,USED,2022-06-23,2023-02-14,,평택/골드로직스
SFFQG2422060007004,PTK,USED,2022-06-23,2023-01-26,,평택/골드로직스
SFFQG2422060007007,PTK,USED,2022-06-23,2023-03-08,,평택/골드로직스
SFFQG2422060007001,PTK,USED,2022-06-23,2023-03-13,,평택/골드로직스
SFFQG2422060007239,PTK,USED,2022-06-23,2023-01-31,,평택/골드로직스
SFFQG2422060007162,ETC,USED,2022-06-23,2022-12-14,,골드로지스(주)
SFFQG2422060007179,PTK,USED,2022-06-23,2022-12-28,,평택/골드로직스
SFFQG2422060007232,PTK,USED,2022-06-23,2023-01-26,,평택/골드로직스
SFFQG2422060007246,PTK,USED,2022-06-23,2023-03-13,,평택/골드로직스
SFFQG2422060007229,PTK,USED,2022-06-23,2023-01-31,,평택/골드로직스
SFFQG2422060007231,PTK,USED,2022-06-23,2023-02-28,,평택/골드로직스
SFFQG2422060007233,PTK,USED,2022-06-23,2023-03-13,,평택/골드로직스
SFFQG2422060007217,PTK,USED,2022-06-23,2023-01-31,,평택/골드로직스
SFFQG2422060007243,PTK,USED,2022-06-23,2023-02-14,,평택/골드로직스
SFFQG2422060007114,PTK,USED,2022-06-23,2023-02-14,,평택/골드로직스
SFFQG2422060007245,PTK,USED,2022-06-23,2023-03-13,,평택/골드로직스
SFFQG2422060007005,PTK,USED,2022-06-23,2023-02-14,,평택/골드로직스
SFFQG2422060007006,PTK,USED,2022-06-23,2023-02-14,,평택/골드로직스
SFFQG2422060007181,PTK,USED,2022-06-23,2022-12-23,,평택/골드로직스
SFFQG2422060007216,PTK,USED,2022-06-23,2023-01-31,,평택/골드로직스
SFFQG2422060007230,PTK,USED,2022-06-23,2023-01-31,,평택/골드로직스
SFFQG2422060007241,PTK,USED,2022-06-23,2023-01-31,,평택/골드로직스
SFFQG2422060007218,PTK,USED,2022-06-23,2023-02-14,,평택/골드로직스
SFFQG2422060007183,PTK,USED,2022-06-23,2022-12-29,,평택/골드로직스
SFFQG2422060007013,ULS,USED,2022-06-26,2022-12-12,,울산/대한글로벌
SFFQG2422060007023,ULS,USED,2022-06-26,2023-03-28,,울산/대한글로벌
SFFQG2422060007027,ULS,USED,2022-06-26,2023-03-13,,울산/대한글로벌
SFFQG2422060007040,ULS,USED,2022-06-26,2022-12-21,,울산/대한글로벌
240126030042005,ULS,USED,2026-04-18,2026-05-22,,울산/엠지엘
240126030042006,ULS,USED,2026-04-18,2026-05-22,,울산/엠지엘
240126030042058,ULS,USED,2026-04-18,2026-05-26,,울산/엠지엘
240126030042060,ULS,USED,2026-04-18,2026-05-22,,울산/엠지엘
240126030042068,ULS,USED,2026-04-18,2026-05-18,,울산/엠지엘
240126030042070,ULS,USED,2026-04-18,2026-05-19,,울산/엠지엘
240126030042072,ULS,USED,2026-04-18,2026-06-01,,울산/엠지엘
240126030042074,ULS,USED,2026-04-18,2026-06-01,,울산/엠지엘
240126030042076,ULS,USED,2026-04-18,2026-06-01,,울산/엠지엘
240126030042078,ULS,USED,2026-04-18,2026-05-29,,울산/엠지엘
240126030042056,ULS,USED,2026-04-18,2026-05-20,,울산/엠지엘
240126030042038,ULS,USED,2026-04-18,2026-05-14,,울산/엠지엘
240126030042046,ULS,USED,2026-04-18,2026-05-26,,울산/엠지엘
240126030042050,ULS,USED,2026-04-18,2026-05-26,,울산/엠지엘
240126030042052,ULS,USED,2026-04-18,2026-05-18,,울산/엠지엘
240126030042094,ULS,USED,2026-04-18,2026-05-21,,울산/엠지엘
240126030042108,ULS,USED,2026-04-18,2026-05-26,,울산/엠지엘
240126030042110,ULS,USED,2026-04-18,2026-05-26,,울산/엠지엘
240126030042112,ULS,USED,2026-04-18,2026-06-01,,울산/엠지엘
240126030042116,ULS,USED,2026-04-18,2026-05-28,,울산/엠지엘
240126030042120,ULS,USED,2026-04-18,2026-05-28,,울산/엠지엘
240126030042040,ULS,USED,2026-04-18,2026-05-15,,울산/엠지엘
240126030042087,ULS,USED,2026-04-18,2026-05-28,,울산/엠지엘
240126030042090,ULS,USED,2026-04-18,2026-05-28,,울산/엠지엘
240126030042092,ULS,USED,2026-04-18,2026-05-21,,울산/엠지엘
240126030042042,ULS,USED,2026-04-18,2026-05-27,,울산/엠지엘
240126030042044,ULS,USED,2026-04-18,2026-05-26,,울산/엠지엘
240126030042048,ULS,USED,2026-04-18,2026-05-26,,울산/엠지엘
240126030042054,ULS,USED,2026-04-18,2026-05-21,,울산/엠지엘
240126030042012,ULS,USED,2026-04-18,2026-05-19,,울산/엠지엘
240126030042013,ULS,USED,2026-04-18,2026-05-19,,울산/엠지엘
240126030042018,ULS,USED,2026-04-18,2026-05-19,,울산/엠지엘
240126030042026,ULS,USED,2026-04-18,2026-05-20,,울산/엠지엘
240126030042032,ULS,USED,2026-04-18,2026-05-21,,울산/엠지엘
240126030042034,ULS,USED,2026-04-18,2026-05-06,,울산/엠지엘
240126030042037,ULS,USED,2026-04-18,2026-05-14,,울산/엠지엘
240126030042031,ULS,USED,2026-04-18,2026-05-19,,울산/엠지엘
240126030042033,ULS,USED,2026-04-18,2026-05-07,,울산/엠지엘
240126030042035,ULS,USED,2026-04-18,2026-05-11,,울산/엠지엘
240126030042095,ULS,USED,2026-04-18,2026-05-21,,울산/엠지엘
240126030042101,ULS,USED,2026-04-18,2026-05-22,,울산/엠지엘
240126030042109,ULS,USED,2026-04-18,2026-05-26,,울산/엠지엘
240126030042113,ULS,USED,2026-04-18,2026-05-28,,울산/엠지엘
240126030042123,ULS,USED,2026-04-18,2026-05-29,,울산/엠지엘
240126030042125,ULS,USED,2026-04-18,2026-05-29,,울산/엠지엘
240126030042127,ULS,USED,2026-04-18,2026-05-19,,울산/엠지엘
240126030042132,ULS,USED,2026-04-18,2026-05-15,,울산/엠지엘
240126030042136,ULS,USED,2026-04-18,2026-05-06,,울산/엠지엘
240126030042155,ULS,USED,2026-04-18,2026-05-19,,울산/엠지엘
240126030042093,ULS,USED,2026-04-18,2026-05-21,,울산/엠지엘
240126030042096,ULS,USED,2026-04-18,2026-05-21,,울산/엠지엘
240126030042098,ULS,USED,2026-04-18,2026-05-21,,울산/엠지엘
240126030042100,ULS,USED,2026-04-18,2026-05-21,,울산/엠지엘
240126030042102,ULS,USED,2026-04-18,2026-05-22,,울산/엠지엘
240126030042055,ULS,USED,2026-04-18,2026-05-20,,울산/엠지엘
240126030042057,ULS,USED,2026-04-18,2026-05-26,,울산/엠지엘
240126030042104,ULS,USED,2026-04-18,2026-05-26,,울산/엠지엘
240126030042106,ULS,USED,2026-04-18,2026-05-26,,울산/엠지엘
240126030042114,ULS,USED,2026-04-18,2026-05-28,,울산/엠지엘
240126030042126,ULS,USED,2026-04-18,2026-05-19,,울산/엠지엘
240126030042128,ULS,USED,2026-04-18,2026-05-06,,울산/엠지엘
240126030042133,ULS,USED,2026-04-18,2026-05-08,,울산/엠지엘
240126030042135,ULS,USED,2026-04-18,2026-05-11,,울산/엠지엘
240126030042014,ULS,USED,2026-04-18,2026-05-19,,울산/엠지엘
240126030042015,ULS,USED,2026-04-18,2026-05-21,,울산/엠지엘
240126030042016,ULS,USED,2026-04-18,2026-05-19,,울산/엠지엘
240126030042017,ULS,USED,2026-04-18,2026-05-21,,울산/엠지엘
240126030042019,ULS,USED,2026-04-18,2026-05-19,,울산/엠지엘
240126030042020,ULS,USED,2026-04-18,2026-05-19,,울산/엠지엘
240126030042021,ULS,USED,2026-04-18,2026-05-27,,울산/엠지엘
240126030042022,ULS,USED,2026-04-18,2026-05-27,,울산/엠지엘
240126030042023,ULS,USED,2026-04-18,2026-05-20,,울산/엠지엘
240126030042024,ULS,USED,2026-04-18,2026-05-20,,울산/엠지엘
240126030042059,ULS,USED,2026-04-18,2026-05-26,,울산/엠지엘
240126030042061,ULS,USED,2026-04-18,2026-05-20,,울산/엠지엘
240126030042063,ULS,USED,2026-04-18,2026-05-18,,울산/엠지엘
240126030042065,ULS,USED,2026-04-18,2026-05-18,,울산/엠지엘
240126030042067,ULS,USED,2026-04-18,2026-05-18,,울산/엠지엘
240126030042069,ULS,USED,2026-04-18,2026-05-18,,울산/엠지엘
240126030042071,ULS,USED,2026-04-18,2026-06-02,,울산/엠지엘
240126030042073,ULS,USED,2026-04-18,2026-06-01,,울산/엠지엘
240126030042075,ULS,USED,2026-04-18,2026-06-01,,울산/엠지엘
240126030042079,ULS,USED,2026-04-18,2026-05-29,,울산/엠지엘
240126030042146,ULS,USED,2026-04-18,2026-05-19,,울산/엠지엘
240126030042148,ULS,USED,2026-04-18,2026-05-07,,울산/엠지엘
240126030042039,ULS,USED,2026-04-18,2026-05-13,,울산/엠지엘
240126030042041,ULS,USED,2026-04-18,2026-05-28,,울산/엠지엘
240126030042085,ULS,USED,2026-04-18,2026-05-28,,울산/엠지엘
240126030042158,ULS,USED,2026-04-18,2026-05-19,,울산/엠지엘
240126030042162,ULS,USED,2026-04-18,2026-05-18,,울산/엠지엘
240126030042164,ULS,USED,2026-04-18,2026-05-26,,울산/엠지엘
240126030042003,ULS,USED,2026-04-18,2026-05-26,,울산/엠지엘
240126030042004,ULS,USED,2026-04-18,2026-05-26,,울산/엠지엘
240126030042036,ULS,USED,2026-04-18,2026-05-15,,울산/엠지엘
240126030042043,ULS,USED,2026-04-18,2026-05-27,,울산/엠지엘
240126030042045,ULS,USED,2026-04-18,2026-05-26,,울산/엠지엘
240126030042047,ULS,USED,2026-04-18,2026-05-26,,울산/엠지엘
240126030042049,ULS,USED,2026-04-18,2026-05-26,,울산/엠지엘
240126030042051,ULS,USED,2026-04-18,2026-05-18,,울산/엠지엘
240126030042053,ULS,USED,2026-04-18,2026-05-21,,울산/엠지엘
240126030042077,ULS,USED,2026-04-18,2026-06-01,,울산/엠지엘
240126030042081,ULS,USED,2026-04-18,2026-05-29,,울산/엠지엘
240126030042083,ULS,USED,2026-04-18,2026-05-27,,울산/엠지엘
240126030042088,ULS,USED,2026-04-18,2026-05-28,,울산/엠지엘
240126030042080,ULS,USED,2026-04-18,2026-05-29,,울산/엠지엘
240126030042082,ULS,USED,2026-04-18,2026-05-29,,울산/엠지엘
240126030042084,ULS,USED,2026-04-18,2026-05-27,,울산/엠지엘
240126030042166,ULS,USED,2026-04-18,2026-05-28,,울산/엠지엘
240126030042168,ULS,USED,2026-04-18,2026-05-29,,울산/엠지엘
240126030042170,ULS,USED,2026-04-18,2026-05-28,,울산/엠지엘
240126030042001,ULS,USED,2026-04-18,2026-05-26,,울산/엠지엘
240126030042143,ULS,USED,2026-04-18,2026-05-19,,울산/엠지엘
240126030042144,ULS,USED,2026-04-18,2026-05-19,,울산/엠지엘
240126030042062,ULS,USED,2026-04-18,2026-05-20,,울산/엠지엘
240126030042064,ULS,USED,2026-04-18,2026-05-18,,울산/엠지엘
240126030042066,ULS,USED,2026-04-18,2026-05-18,,울산/엠지엘
240126030042161,ULS,USED,2026-04-18,2026-05-18,,울산/엠지엘
240126030042169,ULS,USED,2026-04-18,2026-05-28,,울산/엠지엘
240126030042097,ULS,USED,2026-04-18,2026-05-21,,울산/엠지엘
240126030042099,ULS,USED,2026-04-18,2026-05-21,,울산/엠지엘
240126030042121,ULS,USED,2026-04-18,2026-05-15,,울산/엠지엘
240126030042130,ULS,USED,2026-04-18,2026-05-06,,울산/엠지엘
240126030042134,ULS,USED,2026-04-18,2026-05-15,,울산/엠지엘
240126030042140,ULS,USED,2026-04-18,2026-05-08,,울산/엠지엘
240126030042142,ULS,USED,2026-04-18,2026-05-20,,울산/엠지엘
240126030042147,ULS,USED,2026-04-18,2026-05-19,,울산/엠지엘
240126030042157,ULS,USED,2026-04-18,2026-05-19,,울산/엠지엘
240126030042159,ULS,USED,2026-04-18,2026-05-29,,울산/엠지엘
240126030042163,ULS,USED,2026-04-18,2026-05-26,,울산/엠지엘
240126030042165,ULS,USED,2026-04-18,2026-05-28,,울산/엠지엘
240126030042167,ULS,USED,2026-04-18,2026-05-29,,울산/엠지엘
240126030042118,ULS,USED,2026-04-18,2026-05-28,,울산/엠지엘
240126030042122,ULS,USED,2026-04-18,2026-05-08,,울산/엠지엘
240126030042124,ULS,USED,2026-04-18,2026-05-08,,울산/엠지엘
240126030042129,ULS,USED,2026-04-18,2026-05-06,,울산/엠지엘
240126030042131,ULS,USED,2026-04-18,2026-05-15,,울산/엠지엘
240126030042137,ULS,USED,2026-04-18,2026-05-15,,울산/엠지엘
240126030042139,ULS,USED,2026-04-18,2026-05-11,,울산/엠지엘
240126030042141,ULS,USED,2026-04-18,2026-05-29,,울산/엠지엘
240126030042150,ULS,USED,2026-04-18,2026-06-01,,울산/엠지엘
240126030042103,ULS,USED,2026-04-18,2026-05-26,,울산/엠지엘
240126030042105,ULS,USED,2026-04-18,2026-05-26,,울산/엠지엘
240126030042107,ULS,USED,2026-04-18,2026-05-26,,울산/엠지엘
240126030042111,ULS,USED,2026-04-18,2026-06-01,,울산/엠지엘
240126030042115,ULS,USED,2026-04-18,2026-05-28,,울산/엠지엘
240126030042117,ULS,USED,2026-04-18,2026-05-28,,울산/엠지엘
240126030042119,ULS,USED,2026-04-18,2026-05-28,,울산/엠지엘
240126030042138,ULS,USED,2026-04-18,2026-05-11,,울산/엠지엘
240126030042145,ULS,USED,2026-04-18,2026-05-07,,울산/엠지엘
240126030042086,ULS,USED,2026-04-18,2026-05-27,,울산/엠지엘
240126030042089,ULS,USED,2026-04-18,2026-05-28,,울산/엠지엘
240126030042091,ULS,USED,2026-04-18,2026-05-21,,울산/엠지엘
240126030042007,ULS,USED,2026-04-18,2026-05-22,,울산/엠지엘
240126030042008,ULS,USED,2026-04-18,2026-05-22,,울산/엠지엘
240126030042009,ULS,USED,2026-04-18,2026-05-26,,울산/엠지엘
240126030042010,ULS,USED,2026-04-18,2026-05-26,,울산/엠지엘
240126030042011,ULS,USED,2026-04-18,2026-05-06,,울산/엠지엘
240126020015016,ULS,USED,2026-03-10,2026-03-25,,울산/엠지엘
240126020015018,ULS,USED,2026-03-10,2026-03-25,,울산/엠지엘
240126020015020,ULS,USED,2026-03-10,2026-03-25,,울산/엠지엘
240126020015022,ULS,USED,2026-03-10,2026-03-25,,울산/엠지엘
240126020015023,ULS,USED,2026-03-10,2026-03-25,,울산/엠지엘
240126020015024,ULS,USED,2026-03-10,2026-03-25,,울산/엠지엘
240126020015026,ULS,USED,2026-03-10,2026-03-25,,울산/엠지엘
240126020015037,ULS,USED,2026-03-10,2026-04-02,,울산/엠지엘
240126020015038,ULS,USED,2026-03-10,2026-04-02,,울산/엠지엘
240126030024167,ULS,USED,2026-04-02,2026-04-28,,울산/엠지엘
240126030024169,ULS,USED,2026-04-02,2026-04-27,,울산/엠지엘
240126030024171,ULS,USED,2026-04-02,2026-04-29,,울산/엠지엘
240126030024168,ULS,USED,2026-04-02,2026-04-27,,울산/엠지엘
240126030024170,ULS,USED,2026-04-02,2026-04-29,,울산/엠지엘
240126030024166,ULS,USED,2026-04-02,2026-04-27,,울산/엠지엘
240126030025122,ULS,USED,2026-04-02,2026-04-27,,울산/엠지엘
240126030025135,ULS,USED,2026-04-02,2026-04-08,,울산/엠지엘
240126030024041,ULS,USED,2026-04-02,2026-04-09,,울산/엠지엘
240126030024053,ULS,USED,2026-04-02,2026-04-29,,울산/엠지엘
240126030025152,ULS,USED,2026-04-02,2026-04-08,,울산/엠지엘
240126030024106,ULS,USED,2026-04-02,2026-04-27,,울산/엠지엘
240126030024107,ULS,USED,2026-04-02,2026-04-28,,울산/엠지엘
240126030024108,ULS,USED,2026-04-02,2026-04-27,,울산/엠지엘
240126030024109,ULS,USED,2026-04-02,2026-04-24,,울산/엠지엘
240126030024110,ULS,USED,2026-04-02,2026-04-24,,울산/엠지엘
240126030024111,ULS,USED,2026-04-02,2026-04-24,,울산/엠지엘
240126030024112,ULS,USED,2026-04-02,2026-04-24,,울산/엠지엘
240126030024113,ULS,USED,2026-04-02,2026-04-24,,울산/엠지엘
240126030024114,ULS,USED,2026-04-02,2026-04-24,,울산/엠지엘
240126030024115,ULS,USED,2026-04-02,2026-04-24,,울산/엠지엘
240126030025140,ULS,USED,2026-04-02,2026-04-08,,울산/엠지엘
240126030025142,ULS,USED,2026-04-02,2026-04-09,,울산/엠지엘
240126030025159,ULS,USED,2026-04-02,2026-04-24,,울산/엠지엘
240126030025161,ULS,USED,2026-04-02,2026-04-09,,울산/엠지엘
240126030025163,ULS,USED,2026-04-02,2026-04-09,,울산/엠지엘
240126030025165,ULS,USED,2026-04-02,2026-04-09,,울산/엠지엘
240126030025167,ULS,USED,2026-04-02,2026-04-08,,울산/엠지엘
240126030025121,ULS,USED,2026-04-02,2026-04-27,,울산/엠지엘
240126030025133,ULS,USED,2026-04-02,2026-04-08,,울산/엠지엘
240126030025137,ULS,USED,2026-04-02,2026-04-08,,울산/엠지엘
240126030025151,ULS,USED,2026-04-02,2026-04-08,,울산/엠지엘
240126030025153,ULS,USED,2026-04-02,2026-04-24,,울산/엠지엘
240126030025154,ULS,USED,2026-04-02,2026-04-24,,울산/엠지엘
240126030025155,ULS,USED,2026-04-02,2026-04-24,,울산/엠지엘
240126030025157,ULS,USED,2026-04-02,2026-04-24,,울산/엠지엘
240126030024042,ULS,USED,2026-04-02,2026-04-09,,울산/엠지엘
240126030024055,ULS,USED,2026-04-02,2026-04-29,,울산/엠지엘
240126030024134,ULS,USED,2026-04-02,2026-04-27,,울산/엠지엘
240126030024130,ULS,USED,2026-04-02,2026-05-15,,울산/엠지엘
240126030024132,ULS,USED,2026-04-02,2026-05-12,,울산/엠지엘
240126030024138,ULS,USED,2026-04-02,2026-04-24,,울산/엠지엘
240126030024141,ULS,USED,2026-04-02,2026-04-27,,울산/엠지엘
240126030024142,ULS,USED,2026-04-02,2026-04-29,,울산/엠지엘
240126030024148,ULS,USED,2026-04-02,2026-04-29,,울산/엠지엘
240126030025156,ULS,USED,2026-04-02,2026-04-24,,울산/엠지엘
240126030025158,ULS,USED,2026-04-02,2026-04-24,,울산/엠지엘
240126030025160,ULS,USED,2026-04-02,2026-04-24,,울산/엠지엘
240126030025164,ULS,USED,2026-04-02,2026-04-08,,울산/엠지엘
240126030025166,ULS,USED,2026-04-02,2026-04-09,,울산/엠지엘
240126030025168,ULS,USED,2026-04-02,2026-04-09,,울산/엠지엘
240126030024133,ULS,USED,2026-04-02,2026-05-12,,울산/엠지엘
240126030024135,ULS,USED,2026-04-02,2026-04-27,,울산/엠지엘
240126030024137,ULS,USED,2026-04-02,2026-04-24,,울산/엠지엘
240126030042002,ULS,USED,2026-04-18,2026-05-26,,울산/엠지엘
240126020015012,ULS,USED,2026-03-10,2026-03-27,,울산/엠지엘
240126020015014,ULS,USED,2026-03-10,2026-03-25,,울산/엠지엘
240126020015019,ULS,USED,2026-03-10,2026-03-25,,울산/엠지엘
240126020015030,ULS,USED,2026-03-10,2026-03-24,,울산/엠지엘
240126020015054,ULS,USED,2026-03-10,2026-03-31,,울산/엠지엘
240126020015079,ULS,USED,2026-03-10,2026-04-23,,울산/엠지엘
240126020015080,ULS,USED,2026-03-10,2026-04-23,,울산/엠지엘
240126020015137,ULS,USED,2026-03-10,2026-04-16,,울산/엠지엘
240126020015139,ULS,USED,2026-03-10,2026-03-10,,울산/엠지엘
240126020015141,ULS,USED,2026-03-10,2026-03-20,,울산/엠지엘
240126020015143,ULS,USED,2026-03-10,2026-03-23,,울산/엠지엘
240126020015145,ULS,USED,2026-03-10,2026-03-31,,울산/엠지엘
240126020015017,ULS,USED,2026-03-10,2026-03-25,,울산/엠지엘
240126020015035,ULS,USED,2026-03-10,2026-04-02,,울산/엠지엘
240126020015073,ULS,USED,2026-03-10,2026-04-24,,울산/엠지엘
240126020015036,ULS,USED,2026-03-10,2026-04-16,,울산/엠지엘
240126020015075,ULS,USED,2026-03-10,2026-04-23,,울산/엠지엘
240126020015077,ULS,USED,2026-03-10,2026-04-23,,울산/엠지엘
240126020015039,ULS,USED,2026-03-10,2026-04-01,,울산/엠지엘
240126020015040,ULS,USED,2026-03-10,2026-04-01,,울산/엠지엘
240126020015091,ULS,USED,2026-03-10,2026-04-01,,울산/엠지엘
240126020015071,ULS,USED,2026-03-10,2026-04-24,,울산/엠지엘
240126020015074,ULS,USED,2026-03-10,2026-04-24,,울산/엠지엘
240126020015001,ULS,USED,2026-03-10,2026-03-23,,울산/엠지엘
240126020015097,ULS,USED,2026-03-10,2026-04-01,,울산/엠지엘
240126020015130,ULS,USED,2026-03-10,2026-04-23,,울산/엠지엘
240126020015021,ULS,USED,2026-03-10,2026-03-25,,울산/엠지엘
240126020015025,ULS,USED,2026-03-10,2026-03-25,,울산/엠지엘
240126020015027,ULS,USED,2026-03-10,2026-03-25,,울산/엠지엘
240126020015029,ULS,USED,2026-03-10,2026-03-23,,울산/엠지엘
240126020015031,ULS,USED,2026-03-10,2026-04-27,,울산/엠지엘
240126020015034,ULS,USED,2026-03-10,2026-04-23,,울산/엠지엘
240126020015055,ULS,USED,2026-03-10,2026-03-31,,울산/엠지엘
240126020015056,ULS,USED,2026-03-10,2026-03-31,,울산/엠지엘
240126020015058,ULS,USED,2026-03-10,2026-03-27,,울산/엠지엘
240126020015059,ULS,USED,2026-03-10,2026-03-27,,울산/엠지엘
240126020015051,ULS,USED,2026-03-10,2026-03-31,,울산/엠지엘
240126020015052,ULS,USED,2026-03-10,2026-03-31,,울산/엠지엘
240126020015053,ULS,USED,2026-03-10,2026-03-31,,울산/엠지엘
240126020015057,ULS,USED,2026-03-10,2026-03-31,,울산/엠지엘
240126020015060,ULS,USED,2026-03-10,2026-03-27,,울산/엠지엘
240126020015093,ULS,USED,2026-03-10,2026-04-01,,울산/엠지엘
240126020015094,ULS,USED,2026-03-10,2026-04-01,,울산/엠지엘
240126020015095,ULS,USED,2026-03-10,2026-04-01,,울산/엠지엘
240126020015096,ULS,USED,2026-03-10,2026-04-01,,울산/엠지엘
240126020015098,ULS,USED,2026-03-10,2026-04-01,,울산/엠지엘
240126020015124,ULS,USED,2026-03-10,2026-03-23,,울산/엠지엘
240126020015125,ULS,USED,2026-03-10,2026-03-27,,울산/엠지엘
240126020015072,ULS,USED,2026-03-10,2026-04-24,,울산/엠지엘
240126020015076,ULS,USED,2026-03-10,2026-04-23,,울산/엠지엘
240126020015078,ULS,USED,2026-03-10,2026-04-23,,울산/엠지엘
240126020015100,ULS,USED,2026-03-10,2026-04-01,,울산/엠지엘
240126020015123,ULS,USED,2026-03-10,2026-03-23,,울산/엠지엘
240126020015126,ULS,USED,2026-03-10,2026-03-27,,울산/엠지엘
240126020015129,ULS,USED,2026-03-10,2026-04-23,,울산/엠지엘
240126020015135,ULS,USED,2026-03-10,2026-04-01,,울산/엠지엘
240126020015138,ULS,USED,2026-03-10,2026-04-03,,울산/엠지엘
240126020015140,ULS,USED,2026-03-10,2026-03-23,,울산/엠지엘
240126020015142,ULS,USED,2026-03-10,2026-03-10,,울산/엠지엘
240126020015144,ULS,USED,2026-03-10,2026-03-20,,울산/엠지엘
240126020015002,ULS,USED,2026-03-10,2026-03-23,,울산/엠지엘
240126020015146,ULS,USED,2026-03-10,2026-03-31,,울산/엠지엘
240126020015013,ULS,USED,2026-03-10,2026-03-26,,울산/엠지엘
240126020015015,ULS,USED,2026-03-10,2026-04-01,,울산/엠지엘
240126010057091,ULS,USED,2026-02-15,2026-03-05,,울산/엠지엘
240126010057092,ULS,USED,2026-02-15,2026-03-06,,울산/엠지엘
240126010057105,ULS,USED,2026-02-15,2026-03-03,,울산/엠지엘
240126010057106,ULS,USED,2026-02-15,2026-03-03,,울산/엠지엘
240126010057124,ULS,USED,2026-02-15,2026-03-11,,울산/엠지엘
240126010057154,ULS,USED,2026-02-15,2026-02-27,,울산/엠지엘
240126010057165,ULS,USED,2026-02-15,2026-02-26,,울산/엠지엘
240126010057168,ULS,USED,2026-02-15,2026-02-26,,울산/엠지엘
240126010057170,ULS,USED,2026-02-15,2026-02-27,,울산/엠지엘
240126010057008,ULS,USED,2026-02-15,2026-03-11,,울산/엠지엘
240126010057126,ULS,USED,2026-02-15,2026-03-11,,울산/엠지엘
240126010057122,ULS,USED,2026-02-15,2026-03-11,,울산/엠지엘
240126010057151,ULS,USED,2026-02-15,2026-02-11,,울산/엠지엘
240126010057152,ULS,USED,2026-02-15,2026-02-27,,울산/엠지엘
240126010057153,ULS,USED,2026-02-15,2026-02-27,,울산/엠지엘
240126010057155,ULS,USED,2026-02-15,2026-02-26,,울산/엠지엘
240126010057171,ULS,USED,2026-02-15,2026-02-27,,울산/엠지엘
240126010057006,ULS,USED,2026-02-15,2026-03-12,,울산/엠지엘
240126010057068,ULS,USED,2026-02-15,2026-03-03,,울산/엠지엘
240126010057120,ULS,USED,2026-02-15,2026-03-11,,울산/엠지엘
240126010057123,ULS,USED,2026-02-15,2026-03-11,,울산/엠지엘
240126010057125,ULS,USED,2026-02-15,2026-03-11,,울산/엠지엘
240126010057135,ULS,USED,2026-02-15,2026-03-18,,울산/엠지엘
240126010057040,ULS,USED,2026-02-15,2026-03-16,,울산/엠지엘
240126010057043,ULS,USED,2026-02-15,2026-03-17,,울산/엠지엘
240126010057045,ULS,USED,2026-02-15,2026-03-16,,울산/엠지엘
240126010057046,ULS,USED,2026-02-15,2026-03-16,,울산/엠지엘
240126010057060,ULS,USED,2026-02-15,2026-03-04,,울산/엠지엘
240126010057116,ULS,USED,2026-02-15,2026-03-13,,울산/엠지엘
240126010057119,ULS,USED,2026-02-15,2026-03-10,,울산/엠지엘
240126010057121,ULS,USED,2026-02-15,2026-03-11,,울산/엠지엘
240126010057141,ULS,USED,2026-02-15,2026-03-03,,울산/엠지엘
240126010057142,ULS,USED,2026-02-15,2026-03-03,,울산/엠지엘
240126010057038,ULS,USED,2026-02-15,2026-03-18,,울산/엠지엘
240126010057042,ULS,USED,2026-02-15,2026-03-17,,울산/엠지엘
240126010057059,ULS,USED,2026-02-15,2026-03-04,,울산/엠지엘
240126010057061,ULS,USED,2026-02-15,2026-03-03,,울산/엠지엘
240126010057079,ULS,USED,2026-02-15,2026-03-17,,울산/엠지엘
240126010057081,ULS,USED,2026-02-15,2026-03-17,,울산/엠지엘
240126010057083,ULS,USED,2026-02-15,2026-03-17,,울산/엠지엘
240126010057084,ULS,USED,2026-02-15,2026-03-16,,울산/엠지엘
240126010057086,ULS,USED,2026-02-15,2026-03-22,,울산/엠지엘
240126010057087,ULS,USED,2026-02-15,2026-03-16,,울산/엠지엘
240126010057096,ULS,USED,2026-02-15,2026-03-05,,울산/엠지엘
240126010057099,ULS,USED,2026-02-15,2026-03-11,,울산/엠지엘
240126010057112,ULS,USED,2026-02-15,2026-03-13,,울산/엠지엘
240126010057127,ULS,USED,2026-02-15,2026-03-05,,울산/엠지엘
240126010057129,ULS,USED,2026-02-15,2026-03-16,,울산/엠지엘
240126010057131,ULS,USED,2026-02-15,2026-03-11,,울산/엠지엘
240126010057133,ULS,USED,2026-02-15,2026-03-17,,울산/엠지엘
240126010057013,ULS,USED,2026-02-15,2026-02-27,,울산/엠지엘
240126010057015,ULS,USED,2026-02-15,2026-03-03,,울산/엠지엘
240126010057030,ULS,USED,2026-02-15,2026-03-19,,울산/엠지엘
240126010057017,ULS,USED,2026-02-15,2026-03-03,,울산/엠지엘
240126010057066,ULS,USED,2026-02-15,2026-03-05,,울산/엠지엘
240126010057088,ULS,USED,2026-02-15,2026-03-22,,울산/엠지엘
240126020015092,ULS,USED,2026-03-10,2026-04-01,,울산/엠지엘
240126020015099,ULS,USED,2026-03-10,2026-04-01,,울산/엠지엘
240126020015119,ULS,USED,2026-03-10,2026-04-03,,울산/엠지엘
240126020015136,ULS,USED,2026-03-10,2026-04-01,,울산/엠지엘
240126020015032,ULS,USED,2026-03-10,2026-04-23,,울산/엠지엘
240126020015033,ULS,USED,2026-03-10,2026-04-23,,울산/엠지엘
240126020015028,ULS,USED,2026-03-10,2026-03-25,,울산/엠지엘
240126020015011,ULS,USED,2026-03-10,2026-03-26,,울산/엠지엘
240126010057082,ULS,USED,2026-02-15,2026-03-17,,울산/엠지엘
240126010057130,ULS,USED,2026-02-15,2026-03-12,,울산/엠지엘
240126010057163,ULS,USED,2026-02-15,2026-02-27,,울산/엠지엘
240126010057158,ULS,USED,2026-02-15,2026-02-26,,울산/엠지엘
240126010057164,ULS,USED,2026-02-15,2026-02-27,,울산/엠지엘
240126010057172,ULS,USED,2026-02-15,2026-02-27,,울산/엠지엘
240126010057173,ULS,USED,2026-02-15,2026-02-27,,울산/엠지엘
240126010057174,ULS,USED,2026-02-15,2026-02-26,,울산/엠지엘
240126010057018,ULS,USED,2026-02-15,2026-02-26,,울산/엠지엘
240126010057010,ULS,USED,2026-02-15,2026-03-11,,울산/엠지엘
240126010057014,ULS,USED,2026-02-15,2026-02-26,,울산/엠지엘
240126010057016,ULS,USED,2026-02-15,2026-03-05,,울산/엠지엘
240126010057063,ULS,USED,2026-02-15,2026-03-03,,울산/엠지엘
240126010057114,ULS,USED,2026-02-15,2026-03-13,,울산/엠지엘
240126010057118,ULS,USED,2026-02-15,2026-03-11,,울산/엠지엘
240126010057020,ULS,USED,2026-02-15,2026-02-27,,울산/엠지엘
240126010057029,ULS,USED,2026-02-15,2026-03-19,,울산/엠지엘
240126010057034,ULS,USED,2026-02-15,2026-03-18,,울산/엠지엘
240126010057035,ULS,USED,2026-02-15,2026-03-18,,울산/엠지엘
240126010057036,ULS,USED,2026-02-15,2026-03-18,,울산/엠지엘
240126010057138,ULS,USED,2026-02-15,2026-03-26,,울산/엠지엘
240126010057139,ULS,USED,2026-02-15,2026-03-03,,울산/엠지엘
240126010057140,ULS,USED,2026-02-15,2026-03-03,,울산/엠지엘
240126010057143,ULS,USED,2026-02-15,2026-03-12,,울산/엠지엘
240126010057001,ULS,USED,2026-02-15,2026-03-12,,울산/엠지엘
240126010057003,ULS,USED,2026-02-15,2026-03-12,,울산/엠지엘
240126010057004,ULS,USED,2026-02-15,2026-03-12,,울산/엠지엘
240126010057007,ULS,USED,2026-02-15,2026-03-11,,울산/엠지엘
240126010057032,ULS,USED,2026-02-15,2026-03-19,,울산/엠지엘
240126010057009,ULS,USED,2026-02-15,2026-03-11,,울산/엠지엘
240126010057033,ULS,USED,2026-02-15,2026-03-19,,울산/엠지엘
240126010057037,ULS,USED,2026-02-15,2026-03-18,,울산/엠지엘
240126010057039,ULS,USED,2026-02-15,2026-03-16,,울산/엠지엘
240126010057041,ULS,USED,2026-02-15,2026-03-16,,울산/엠지엘
240126010057044,ULS,USED,2026-02-15,2026-03-17,,울산/엠지엘
240126010057047,ULS,USED,2026-02-15,2026-03-17,,울산/엠지엘
240126010057048,ULS,USED,2026-02-15,2026-03-16,,울산/엠지엘
240126010057065,ULS,USED,2026-02-15,2026-03-03,,울산/엠지엘
240126010057080,ULS,USED,2026-02-15,2026-03-17,,울산/엠지엘
240126010057093,ULS,USED,2026-02-15,2026-03-05,,울산/엠지엘
240126010057098,ULS,USED,2026-02-15,2026-03-05,,울산/엠지엘
240126010057100,ULS,USED,2026-02-15,2026-03-10,,울산/엠지엘
240126010057101,ULS,USED,2026-02-15,2026-03-03,,울산/엠지엘
240126010057107,ULS,USED,2026-02-15,2026-03-03,,울산/엠지엘
240126010057108,ULS,USED,2026-02-15,2026-03-03,,울산/엠지엘
240126010057062,ULS,USED,2026-02-15,2026-03-03,,울산/엠지엘
240126010057064,ULS,USED,2026-02-15,2026-03-03,,울산/엠지엘
240126010057067,ULS,USED,2026-02-15,2026-03-03,,울산/엠지엘
240126010057085,ULS,USED,2026-02-15,2026-03-16,,울산/엠지엘
240126010057089,ULS,USED,2026-02-15,2026-03-05,,울산/엠지엘
240126010057094,ULS,USED,2026-02-15,2026-03-05,,울산/엠지엘
240126010057095,ULS,USED,2026-02-15,2026-03-05,,울산/엠지엘
240126010057097,ULS,USED,2026-02-15,2026-03-03,,울산/엠지엘
240126010057102,ULS,USED,2026-02-15,2026-03-03,,울산/엠지엘
240126010057103,ULS,USED,2026-02-15,2026-03-03,,울산/엠지엘
240126010057104,ULS,USED,2026-02-15,2026-03-03,,울산/엠지엘
240126010057109,ULS,USED,2026-02-15,2026-03-19,,울산/엠지엘
240126010057110,ULS,USED,2026-02-15,2026-03-19,,울산/엠지엘
240126010057111,ULS,USED,2026-02-15,2026-03-17,,울산/엠지엘
240126010057113,ULS,USED,2026-02-15,2026-03-13,,울산/엠지엘
240126010057115,ULS,USED,2026-02-15,2026-03-13,,울산/엠지엘
240126010057117,ULS,USED,2026-02-15,2026-03-12,,울산/엠지엘
240126010057005,ULS,USED,2026-02-15,2026-03-12,,울산/엠지엘
240126010057090,ULS,USED,2026-02-15,2026-03-05,,울산/엠지엘
240126010005139,ULS,USED,2026-02-04,2026-02-18,,울산/엠지엘
240126010005141,ULS,USED,2026-02-04,2026-02-10,,울산/엠지엘
240126010005143,ULS,USED,2026-02-04,2026-02-10,,울산/엠지엘
240126010005145,ULS,USED,2026-02-04,2026-02-09,,울산/엠지엘
240126010005150,ULS,USED,2026-02-04,2026-02-10,,울산/엠지엘
240126010005152,ULS,USED,2026-02-04,2026-02-09,,울산/엠지엘
240126010005155,ULS,USED,2026-02-04,2026-02-09,,울산/엠지엘
240126010005157,ULS,USED,2026-02-04,2026-02-09,,울산/엠지엘
240126010005159,ULS,USED,2026-02-04,2026-02-10,,울산/엠지엘
240126010005005,ULS,USED,2026-02-04,2026-02-11,,울산/엠지엘
240126010005006,ULS,USED,2026-02-04,2026-02-11,,울산/엠지엘
240126010005067,ULS,USED,2026-02-04,2026-02-20,,울산/엠지엘
240126010005069,ULS,USED,2026-02-04,2026-03-31,,울산/엠지엘
240126010005070,ULS,USED,2026-02-04,2026-02-20,,울산/엠지엘
240126010005033,ULS,USED,2026-02-04,2026-02-11,,울산/엠지엘
240126010005035,ULS,USED,2026-02-04,2026-02-12,,울산/엠지엘
240126010005127,ULS,USED,2026-02-04,2026-02-10,,울산/엠지엘
240126010005001,ULS,USED,2026-02-04,2026-02-11,,울산/엠지엘
240126010005032,ULS,USED,2026-02-04,2026-02-13,,울산/엠지엘
240126010005034,ULS,USED,2026-02-04,2026-02-12,,울산/엠지엘
240126010005036,ULS,USED,2026-02-04,2026-02-12,,울산/엠지엘
240126010005042,ULS,USED,2026-02-04,2026-03-12,,울산/엠지엘
240126010005044,ULS,USED,2026-02-04,2026-03-11,,울산/엠지엘
240126010005046,ULS,USED,2026-02-04,2026-03-10,,울산/엠지엘
240126010005073,ULS,USED,2026-02-04,2026-02-19,,울산/엠지엘
240126010005076,ULS,USED,2026-02-04,2026-02-19,,울산/엠지엘
240126010005080,ULS,USED,2026-02-04,2026-02-18,,울산/엠지엘
240126010005090,ULS,USED,2026-02-04,2026-02-20,,울산/엠지엘
240126010005096,ULS,USED,2026-02-04,2026-02-20,,울산/엠지엘
240126010005099,ULS,USED,2026-02-04,2026-02-20,,울산/엠지엘
240126010005122,ULS,USED,2026-02-04,2026-02-09,,울산/엠지엘
240126010005124,ULS,USED,2026-02-04,2026-02-12,,울산/엠지엘
240126010005031,ULS,USED,2026-02-04,2026-02-12,,울산/엠지엘
240126010005037,ULS,USED,2026-02-04,2026-02-11,,울산/엠지엘
240126010005039,ULS,USED,2026-02-04,2026-02-11,,울산/엠지엘
240126010005041,ULS,USED,2026-02-04,2026-03-12,,울산/엠지엘
240126010005043,ULS,USED,2026-02-04,2026-03-12,,울산/엠지엘
240126010005045,ULS,USED,2026-02-04,2026-03-11,,울산/엠지엘
240126010005052,ULS,USED,2026-02-04,2026-02-10,,울산/엠지엘
240126010005063,ULS,USED,2026-02-04,2026-02-20,,울산/엠지엘
240126010005065,ULS,USED,2026-02-04,2026-02-20,,울산/엠지엘
240126010005166,ULS,USED,2026-02-04,2026-02-24,,울산/엠지엘
240126010005172,ULS,USED,2026-02-04,2026-02-10,,울산/엠지엘
240126010005173,ULS,USED,2026-02-04,2026-02-24,,울산/엠지엘
240126010005175,ULS,USED,2026-02-04,2026-02-24,,울산/엠지엘
240126010057019,ULS,USED,2026-02-15,2026-02-26,,울산/엠지엘
240126010057144,ULS,USED,2026-02-15,2026-03-16,,울산/엠지엘
240126010057150,ULS,USED,2026-02-15,2026-02-27,,울산/엠지엘
240126010057156,ULS,USED,2026-02-15,2026-02-26,,울산/엠지엘
240126010057149,ULS,USED,2026-02-15,2026-02-27,,울산/엠지엘
240126010057157,ULS,USED,2026-02-15,2026-02-26,,울산/엠지엘
240126010057159,ULS,USED,2026-02-15,2026-02-26,,울산/엠지엘
240126010057160,ULS,USED,2026-02-15,2026-02-26,,울산/엠지엘
240126010057161,ULS,USED,2026-02-15,2026-02-27,,울산/엠지엘
240126010057162,ULS,USED,2026-02-15,2026-02-26,,울산/엠지엘
240126010057166,ULS,USED,2026-02-15,2026-02-11,,울산/엠지엘
240126010057167,ULS,USED,2026-02-15,2026-02-26,,울산/엠지엘
240126010057169,ULS,USED,2026-02-15,2026-02-27,,울산/엠지엘
240126010057175,ULS,USED,2026-02-15,2026-02-27,,울산/엠지엘
240126010057128,ULS,USED,2026-02-15,2026-03-11,,울산/엠지엘
240126010057132,ULS,USED,2026-02-15,2026-03-17,,울산/엠지엘
240126010057134,ULS,USED,2026-02-15,2026-03-11,,울산/엠지엘
240126010057031,ULS,USED,2026-02-15,2026-03-21,,울산/엠지엘
240126010057002,ULS,USED,2026-02-15,2026-03-12,,울산/엠지엘
240126010005162,ULS,USED,2026-02-04,2026-02-18,,울산/엠지엘
240126010005164,ULS,USED,2026-02-04,2026-02-20,,울산/엠지엘
240126010005168,ULS,USED,2026-02-04,2026-02-24,,울산/엠지엘
240126010005094,ULS,USED,2026-02-04,2026-02-20,,울산/엠지엘
240126010005098,ULS,USED,2026-02-04,2026-02-20,,울산/엠지엘
240126010005100,ULS,USED,2026-02-04,2026-02-20,,울산/엠지엘
240126010005102,ULS,USED,2026-02-04,2026-02-12,,울산/엠지엘
240126010005104,ULS,USED,2026-02-04,2026-02-10,,울산/엠지엘
240126010005106,ULS,USED,2026-02-04,2026-02-10,,울산/엠지엘
240126010005108,ULS,USED,2026-02-04,2026-02-10,,울산/엠지엘
240126010005004,ULS,USED,2026-02-04,2026-02-11,,울산/엠지엘
240126010005008,ULS,USED,2026-02-04,2026-02-11,,울산/엠지엘
240126010005009,ULS,USED,2026-02-04,2026-02-11,,울산/엠지엘
240126010005010,ULS,USED,2026-02-04,2026-02-11,,울산/엠지엘
240126010005147,ULS,USED,2026-02-04,2026-02-10,,울산/엠지엘
240126010005163,ULS,USED,2026-02-04,2026-02-20,,울산/엠지엘
240126010005165,ULS,USED,2026-02-04,2026-02-24,,울산/엠지엘
240126010005038,ULS,USED,2026-02-04,2026-02-12,,울산/엠지엘
240126010005040,ULS,USED,2026-02-04,2026-02-11,,울산/엠지엘
240126010005061,ULS,USED,2026-02-04,2026-03-31,,울산/엠지엘
240126010005049,ULS,USED,2026-02-04,2026-02-04,,울산/엠지엘
240126010005051,ULS,USED,2026-02-04,2026-02-09,,울산/엠지엘
240126010005053,ULS,USED,2026-02-04,2026-02-10,,울산/엠지엘
240126010005062,ULS,USED,2026-02-04,2026-03-31,,울산/엠지엘
240126010005064,ULS,USED,2026-02-04,2026-02-20,,울산/엠지엘
240126010005066,ULS,USED,2026-02-04,2026-02-20,,울산/엠지엘
240126010005068,ULS,USED,2026-02-04,2026-02-20,,울산/엠지엘
240126010005071,ULS,USED,2026-02-04,2026-02-20,,울산/엠지엘
240126010005091,ULS,USED,2026-02-04,2026-02-18,,울산/엠지엘
240126010005092,ULS,USED,2026-02-04,2026-03-31,,울산/엠지엘
240126010005097,ULS,USED,2026-02-04,2026-02-20,,울산/엠지엘
240126010005101,ULS,USED,2026-02-04,2026-02-13,,울산/엠지엘
240126010005103,ULS,USED,2026-02-04,2026-02-10,,울산/엠지엘
240126010005105,ULS,USED,2026-02-04,2026-02-10,,울산/엠지엘
240126010005107,ULS,USED,2026-02-04,2026-02-10,,울산/엠지엘
240126010005170,ULS,USED,2026-02-04,2026-02-10,,울산/엠지엘
240126010005171,ULS,USED,2026-02-04,2026-02-24,,울산/엠지엘
240126010005125,ULS,USED,2026-02-04,2026-02-09,,울산/엠지엘
240126010005126,ULS,USED,2026-02-04,2026-02-10,,울산/엠지엘
240126010005128,ULS,USED,2026-02-04,2026-02-12,,울산/엠지엘
240126010005136,ULS,USED,2026-02-04,2026-02-11,,울산/엠지엘
240126010005138,ULS,USED,2026-02-04,2026-02-04,,울산/엠지엘
240126010005140,ULS,USED,2026-02-04,2026-02-18,,울산/엠지엘
240126010005142,ULS,USED,2026-02-04,2026-02-10,,울산/엠지엘
240126010005144,ULS,USED,2026-02-04,2026-02-10,,울산/엠지엘
240126010005146,ULS,USED,2026-02-04,2026-02-10,,울산/엠지엘
240126010005148,ULS,USED,2026-02-04,2026-02-10,,울산/엠지엘
240126010005158,ULS,USED,2026-02-04,2026-02-09,,울산/엠지엘
240126010005161,ULS,USED,2026-02-04,2026-02-18,,울산/엠지엘
240126010005160,ULS,USED,2026-02-04,2026-02-09,,울산/엠지엘
240126010005072,ULS,USED,2026-02-04,2026-02-19,,울산/엠지엘
240126010005074,ULS,USED,2026-02-04,2026-02-19,,울산/엠지엘
240126010005075,ULS,USED,2026-02-04,2026-02-19,,울산/엠지엘
240126010005077,ULS,USED,2026-02-04,2026-02-19,,울산/엠지엘
240126010005078,ULS,USED,2026-02-04,2026-02-04,,울산/엠지엘
240126010005079,ULS,USED,2026-02-04,2026-02-18,,울산/엠지엘
240126010005093,ULS,USED,2026-02-04,2026-02-20,,울산/엠지엘
240126010005130,ULS,USED,2026-02-04,2026-02-10,,울산/엠지엘
240126010005167,ULS,USED,2026-02-04,2026-02-24,,울산/엠지엘
240126010005002,ULS,USED,2026-02-04,2026-02-11,,울산/엠지엘
240126010005003,ULS,USED,2026-02-04,2026-02-11,,울산/엠지엘
240126010005007,ULS,USED,2026-02-04,2026-02-11,,울산/엠지엘
240126010005135,ULS,USED,2026-02-04,2026-02-11,,울산/엠지엘
240126010005137,ULS,USED,2026-02-04,2026-02-11,,울산/엠지엘
240125120042104,ULS,USED,2026-01-20,2026-01-24,,울산/엠지엘
240125120042113,ULS,USED,2026-01-20,2026-01-28,,울산/엠지엘
240125120042115,ULS,USED,2026-01-20,2026-01-26,,울산/엠지엘
240125120042117,ULS,USED,2026-01-20,2026-04-07,,울산/엠지엘
240125120024088,ULS,USED,2026-01-20,2026-02-06,,울산/엠지엘
240125120024090,ULS,USED,2026-01-20,2026-02-04,,울산/엠지엘
240125120024091,ULS,USED,2026-01-20,2026-02-04,,울산/엠지엘
240125120024120,ULS,USED,2026-01-20,2026-01-30,,울산/엠지엘
240125120024121,ULS,USED,2026-01-20,2026-04-09,,울산/엠지엘
240125120024123,ULS,USED,2026-01-20,2026-04-09,,울산/엠지엘
240125120024125,ULS,USED,2026-01-20,2026-02-23,,울산/엠지엘
240125120042075,ULS,USED,2026-01-20,2026-04-28,,울산/엠지엘
240125120024133,ULS,USED,2026-01-20,2026-04-22,,울산/엠지엘
240125120024136,ULS,USED,2026-01-20,2026-04-22,,울산/엠지엘
240125120024140,ULS,USED,2026-01-20,2026-01-24,,울산/엠지엘
240125120024141,ULS,USED,2026-01-20,2026-01-29,,울산/엠지엘
240125120024142,ULS,USED,2026-01-20,2026-01-29,,울산/엠지엘
240125120024144,ULS,USED,2026-01-20,2026-02-04,,울산/엠지엘
240125120024155,ULS,USED,2026-01-20,2026-04-07,,울산/엠지엘
240125120024168,ULS,USED,2026-01-20,2026-02-05,,울산/엠지엘
240125120024175,ULS,USED,2026-01-20,2026-01-28,,울산/엠지엘
240125120042001,ULS,USED,2026-01-20,2026-04-17,,울산/엠지엘
240125120042003,ULS,USED,2026-01-20,2026-04-17,,울산/엠지엘
240125120042017,ULS,USED,2026-01-20,2026-04-23,,울산/엠지엘
240125120042019,ULS,USED,2026-01-20,2026-02-08,,울산/엠지엘
240125120042021,ULS,USED,2026-01-20,2026-01-27,,울산/엠지엘
240125120042023,ULS,USED,2026-01-20,2026-01-27,,울산/엠지엘
240125120042025,ULS,USED,2026-01-20,2026-01-27,,울산/엠지엘
240125120042027,ULS,USED,2026-01-20,2026-01-27,,울산/엠지엘
240125120042029,ULS,USED,2026-01-20,2026-01-27,,울산/엠지엘
240125120042031,ULS,USED,2026-01-20,2026-02-08,,울산/엠지엘
240125120042033,ULS,USED,2026-01-20,2026-02-08,,울산/엠지엘
240125120042035,ULS,USED,2026-01-20,2026-04-23,,울산/엠지엘
240125120042037,ULS,USED,2026-01-20,2026-04-23,,울산/엠지엘
240125120042039,ULS,USED,2026-01-20,2026-02-02,,울산/엠지엘
240125120042041,ULS,USED,2026-01-20,2026-01-28,,울산/엠지엘
240125120042043,ULS,USED,2026-01-20,2026-01-28,,울산/엠지엘
240125120042045,ULS,USED,2026-01-20,2026-01-27,,울산/엠지엘
240125120042047,ULS,USED,2026-01-20,2026-01-20,,울산/엠지엘
240125120042049,ULS,USED,2026-01-20,2026-01-27,,울산/엠지엘
240125120042050,ULS,USED,2026-01-20,2026-01-27,,울산/엠지엘
240125120042052,ULS,USED,2026-01-20,2026-04-21,,울산/엠지엘
240125120024061,ULS,USED,2026-01-20,2026-02-03,,울산/엠지엘
240125120024063,ULS,USED,2026-01-20,2026-02-03,,울산/엠지엘
240125120024065,ULS,USED,2026-01-20,2026-02-03,,울산/엠지엘
240125120024067,ULS,USED,2026-01-20,2026-02-03,,울산/엠지엘
240125120024069,ULS,USED,2026-01-20,2026-02-03,,울산/엠지엘
240125120024071,ULS,USED,2026-01-20,2026-02-12,,울산/엠지엘
240125120024075,ULS,USED,2026-01-20,2026-02-06,,울산/엠지엘
240125120024078,ULS,USED,2026-01-20,2026-02-05,,울산/엠지엘
240125120042054,ULS,USED,2026-01-20,2026-04-17,,울산/엠지엘
240125120042056,ULS,USED,2026-01-20,2026-04-17,,울산/엠지엘
240126010005056,ULS,USED,2026-02-04,2026-02-10,,울산/엠지엘
240126010005174,ULS,USED,2026-02-04,2026-02-24,,울산/엠지엘
240126010005054,ULS,USED,2026-02-04,2026-02-04,,울산/엠지엘
240126010005121,ULS,USED,2026-02-04,2026-02-09,,울산/엠지엘
240126010005123,ULS,USED,2026-02-04,2026-02-09,,울산/엠지엘
240126010005129,ULS,USED,2026-02-04,2026-02-10,,울산/엠지엘
240126010005131,ULS,USED,2026-02-04,2026-02-10,,울산/엠지엘
240126010005149,ULS,USED,2026-02-04,2026-02-10,,울산/엠지엘
240126010005151,ULS,USED,2026-02-04,2026-02-09,,울산/엠지엘
240126010005153,ULS,USED,2026-02-04,2026-02-09,,울산/엠지엘
240126010005154,ULS,USED,2026-02-04,2026-02-09,,울산/엠지엘
240126010005156,ULS,USED,2026-02-04,2026-02-09,,울산/엠지엘
240125120024010,ULS,USED,2026-01-20,2026-05-22,,울산/엠지엘
240125120024011,ULS,USED,2026-01-20,2026-01-20,,울산/엠지엘
240125120024016,ULS,USED,2026-01-20,2026-02-02,,울산/엠지엘
240125120024018,ULS,USED,2026-01-20,2026-01-28,,울산/엠지엘
240125120024113,ULS,USED,2026-01-20,2026-02-03,,울산/엠지엘
240125120024128,ULS,USED,2026-01-20,2026-02-12,,울산/엠지엘
240125120024130,ULS,USED,2026-01-20,2026-01-28,,울산/엠지엘
240125120024132,ULS,USED,2026-01-20,2026-04-23,,울산/엠지엘
240125120024171,ULS,USED,2026-01-20,2026-04-23,,울산/엠지엘
240125120042044,ULS,USED,2026-01-20,2026-01-20,,울산/엠지엘
240125120042046,ULS,USED,2026-01-20,2026-01-20,,울산/엠지엘
240125120042048,ULS,USED,2026-01-20,2026-01-27,,울산/엠지엘
240125120042053,ULS,USED,2026-01-20,2026-04-17,,울산/엠지엘
240125120042055,ULS,USED,2026-01-20,2026-04-17,,울산/엠지엘
240125120042057,ULS,USED,2026-01-20,2026-01-24,,울산/엠지엘
240125120042063,ULS,USED,2026-01-20,2026-02-19,,울산/엠지엘
240125120042133,ULS,USED,2026-01-20,2026-04-16,,울산/엠지엘
240125120042135,ULS,USED,2026-01-20,2026-01-28,,울산/엠지엘
240125120042137,ULS,USED,2026-01-20,2026-04-28,,울산/엠지엘
240125120024041,ULS,USED,2026-01-20,2026-01-14,,울산/엠지엘
240125120024049,ULS,USED,2026-01-20,2026-01-14,,울산/엠지엘
240125120042081,ULS,USED,2026-01-20,2026-01-26,,울산/엠지엘
240125120024068,ULS,USED,2026-01-20,2026-02-03,,울산/엠지엘
240125120024070,ULS,USED,2026-01-20,2026-02-03,,울산/엠지엘
240125120024072,ULS,USED,2026-01-20,2026-02-06,,울산/엠지엘
240125120024076,ULS,USED,2026-01-20,2026-02-05,,울산/엠지엘
240125120024077,ULS,USED,2026-01-20,2026-02-05,,울산/엠지엘
240125120024080,ULS,USED,2026-01-20,2026-02-05,,울산/엠지엘
240125120042088,ULS,USED,2026-01-20,2026-01-26,,울산/엠지엘
240125120042090,ULS,USED,2026-01-20,2026-01-26,,울산/엠지엘
240125120024115,ULS,USED,2026-01-20,2026-02-02,,울산/엠지엘
240125120024117,ULS,USED,2026-01-20,2026-01-30,,울산/엠지엘
240125120024118,ULS,USED,2026-01-20,2026-01-29,,울산/엠지엘
240125120024122,ULS,USED,2026-01-20,2026-04-24,,울산/엠지엘
240125120024124,ULS,USED,2026-01-20,2026-04-09,,울산/엠지엘
240125120024126,ULS,USED,2026-01-20,2026-04-23,,울산/엠지엘
240125120042077,ULS,USED,2026-01-20,2026-04-28,,울산/엠지엘
240125120024165,ULS,USED,2026-01-20,2026-02-03,,울산/엠지엘
240125120024169,ULS,USED,2026-01-20,2026-04-23,,울산/엠지엘
240125120024174,ULS,USED,2026-01-20,2026-04-23,,울산/엠지엘
240125120042078,ULS,USED,2026-01-20,2026-04-28,,울산/엠지엘
240125120042080,ULS,USED,2026-01-20,2026-04-28,,울산/엠지엘
240125120042089,ULS,USED,2026-01-20,2026-01-26,,울산/엠지엘
240125120042091,ULS,USED,2026-01-20,2026-04-16,,울산/엠지엘
240125120024098,ULS,USED,2026-01-20,2026-02-04,,울산/엠지엘
240125120024099,ULS,USED,2026-01-20,2026-02-03,,울산/엠지엘
240125120024100,ULS,USED,2026-01-20,2026-02-03,,울산/엠지엘
240125120024101,ULS,USED,2026-01-20,2026-01-31,,울산/엠지엘
240125120024103,ULS,USED,2026-01-20,2026-01-29,,울산/엠지엘
240125120024105,ULS,USED,2026-01-20,2026-01-30,,울산/엠지엘
240125120024107,ULS,USED,2026-01-20,2026-02-02,,울산/엠지엘
240125120024109,ULS,USED,2026-01-20,2026-02-02,,울산/엠지엘
240125120024019,ULS,USED,2026-01-20,2026-01-29,,울산/엠지엘
240125120024036,ULS,USED,2026-01-20,2026-03-17,,울산/엠지엘
240125120024037,ULS,USED,2026-01-20,2026-03-03,,울산/엠지엘
240125120024038,ULS,USED,2026-01-20,2026-03-17,,울산/엠지엘
240125120024040,ULS,USED,2026-01-20,2026-03-03,,울산/엠지엘
240125120042149,ULS,USED,2026-01-20,2026-04-16,,울산/엠지엘
240125120042151,ULS,USED,2026-01-20,2026-04-06,,울산/엠지엘
240125120042093,ULS,USED,2026-01-20,2026-04-17,,울산/엠지엘
240125120042095,ULS,USED,2026-01-20,2026-04-06,,울산/엠지엘
240125120042097,ULS,USED,2026-01-20,2026-04-06,,울산/엠지엘
240125120042099,ULS,USED,2026-01-20,2026-02-21,,울산/엠지엘
240125120042100,ULS,USED,2026-01-20,2026-02-23,,울산/엠지엘
240125120024017,ULS,USED,2026-01-20,2026-02-02,,울산/엠지엘
240125120024116,ULS,USED,2026-01-20,2026-01-30,,울산/엠지엘
240125120024119,ULS,USED,2026-01-20,2026-01-28,,울산/엠지엘
240125120042084,ULS,USED,2026-01-20,2026-01-26,,울산/엠지엘
240125120042086,ULS,USED,2026-01-20,2026-01-26,,울산/엠지엘
240125120042092,ULS,USED,2026-01-20,2026-04-16,,울산/엠지엘
240125120042101,ULS,USED,2026-01-20,2026-01-24,,울산/엠지엘
240125120042103,ULS,USED,2026-01-20,2026-01-26,,울산/엠지엘
240125120042106,ULS,USED,2026-01-20,2026-01-20,,울산/엠지엘
240125120024012,ULS,USED,2026-01-20,2026-02-02,,울산/엠지엘
240125120024014,ULS,USED,2026-01-20,2026-02-02,,울산/엠지엘
240125120024020,ULS,USED,2026-01-20,2026-01-28,,울산/엠지엘
240125120042040,ULS,USED,2026-01-20,2026-01-24,,울산/엠지엘
240125120042042,ULS,USED,2026-01-20,2026-01-28,,울산/엠지엘
240125120042051,ULS,USED,2026-01-20,2026-01-22,,울산/엠지엘
240125120042059,ULS,USED,2026-01-20,2026-04-17,,울산/엠지엘
240125120042061,ULS,USED,2026-01-20,2026-02-18,,울산/엠지엘
240125120042065,ULS,USED,2026-01-20,2026-02-13,,울산/엠지엘
240125120042067,ULS,USED,2026-01-20,2026-02-13,,울산/엠지엘
240125120042069,ULS,USED,2026-01-20,2026-02-13,,울산/엠지엘
240125120042079,ULS,USED,2026-01-20,2026-04-28,,울산/엠지엘
240125120024050,ULS,USED,2026-01-20,2026-01-14,,울산/엠지엘
240125120042002,ULS,USED,2026-01-20,2026-04-17,,울산/엠지엘
240125120024062,ULS,USED,2026-01-20,2026-02-03,,울산/엠지엘
240125120024064,ULS,USED,2026-01-20,2026-02-03,,울산/엠지엘
240125120024066,ULS,USED,2026-01-20,2026-02-03,,울산/엠지엘
240125120042112,ULS,USED,2026-01-20,2026-04-07,,울산/엠지엘
240125120042114,ULS,USED,2026-01-20,2026-04-07,,울산/엠지엘
240125120042116,ULS,USED,2026-01-20,2026-01-28,,울산/엠지엘
240125120042118,ULS,USED,2026-01-20,2026-04-06,,울산/엠지엘
240125120042120,ULS,USED,2026-01-20,2026-04-06,,울산/엠지엘
240125120042122,ULS,USED,2026-01-20,2026-04-09,,울산/엠지엘
240125120042124,ULS,USED,2026-01-20,2026-04-06,,울산/엠지엘
240125120042125,ULS,USED,2026-01-20,2026-02-23,,울산/엠지엘
240125120042126,ULS,USED,2026-01-20,2026-02-25,,울산/엠지엘
240125120042128,ULS,USED,2026-01-20,2026-01-24,,울산/엠지엘
240125120042130,ULS,USED,2026-01-20,2026-01-28,,울산/엠지엘
240125120042132,ULS,USED,2026-01-20,2026-04-09,,울산/엠지엘
240125120042134,ULS,USED,2026-01-20,2026-04-16,,울산/엠지엘
240125120042136,ULS,USED,2026-01-20,2026-01-26,,울산/엠지엘
240125120042138,ULS,USED,2026-01-20,2026-04-28,,울산/엠지엘
240125120042140,ULS,USED,2026-01-20,2026-04-14,,울산/엠지엘
240125120042127,ULS,USED,2026-01-20,2026-04-09,,울산/엠지엘
240125120042102,ULS,USED,2026-01-20,2026-01-26,,울산/엠지엘
240125120042150,ULS,USED,2026-01-20,2026-04-07,,울산/엠지엘
240125120042154,ULS,USED,2026-01-20,2026-01-27,,울산/엠지엘
240125120042004,ULS,USED,2026-01-20,2026-04-17,,울산/엠지엘
240125120042005,ULS,USED,2026-01-20,2026-04-15,,울산/엠지엘
240125120042006,ULS,USED,2026-01-20,2026-04-15,,울산/엠지엘
240125120042010,ULS,USED,2026-01-20,2026-04-15,,울산/엠지엘
240125120042013,ULS,USED,2026-01-20,2026-02-08,,울산/엠지엘
240125120042026,ULS,USED,2026-01-20,2026-01-27,,울산/엠지엘
240125120042028,ULS,USED,2026-01-20,2026-01-27,,울산/엠지엘
240125120042030,ULS,USED,2026-01-20,2026-01-27,,울산/엠지엘
240125120042038,ULS,USED,2026-01-20,2026-04-23,,울산/엠지엘
240125120042139,ULS,USED,2026-01-20,2026-04-14,,울산/엠지엘
240125120024092,ULS,USED,2026-01-20,2026-02-04,,울산/엠지엘
240125120024094,ULS,USED,2026-01-20,2026-02-04,,울산/엠지엘
240125120024096,ULS,USED,2026-01-20,2026-02-04,,울산/엠지엘
240125120024145,ULS,USED,2026-01-20,2026-02-03,,울산/엠지엘
240125120024146,ULS,USED,2026-01-20,2026-02-03,,울산/엠지엘
240125120024153,ULS,USED,2026-01-20,2026-01-20,,울산/엠지엘
240125120024157,ULS,USED,2026-01-20,2026-04-09,,울산/엠지엘
240125120024158,ULS,USED,2026-01-20,2026-04-09,,울산/엠지엘
240125120042062,ULS,USED,2026-01-20,2026-02-19,,울산/엠지엘
240125120042064,ULS,USED,2026-01-20,2026-02-13,,울산/엠지엘
240125120042066,ULS,USED,2026-01-20,2026-02-13,,울산/엠지엘
240125120042068,ULS,USED,2026-01-20,2026-02-13,,울산/엠지엘
240125120042070,ULS,USED,2026-01-20,2026-02-17,,울산/엠지엘
240125120042072,ULS,USED,2026-01-20,2026-05-06,,울산/엠지엘
240125120042074,ULS,USED,2026-01-20,2026-04-28,,울산/엠지엘
240125120042076,ULS,USED,2026-01-20,2026-04-28,,울산/엠지엘
240125120042083,ULS,USED,2026-01-20,2026-01-26,,울산/엠지엘
240125120042085,ULS,USED,2026-01-20,2026-01-26,,울산/엠지엘
240125120042087,ULS,USED,2026-01-20,2026-01-24,,울산/엠지엘
240125120042094,ULS,USED,2026-01-20,2026-04-16,,울산/엠지엘
240125120042096,ULS,USED,2026-01-20,2026-04-17,,울산/엠지엘
240125120042098,ULS,USED,2026-01-20,2026-02-23,,울산/엠지엘
240125120024111,ULS,USED,2026-01-20,2026-02-03,,울산/엠지엘
240125120024114,ULS,USED,2026-01-20,2026-02-02,,울산/엠지엘
240125120024127,ULS,USED,2026-01-20,2026-02-21,,울산/엠지엘
240125120024134,ULS,USED,2026-01-20,2026-04-22,,울산/엠지엘
240125120024135,ULS,USED,2026-01-20,2026-04-23,,울산/엠지엘
240125120024137,ULS,USED,2026-01-20,2026-01-27,,울산/엠지엘
240125120024139,ULS,USED,2026-01-20,2026-01-28,,울산/엠지엘
240125120024143,ULS,USED,2026-01-20,2026-02-03,,울산/엠지엘
240125120024148,ULS,USED,2026-01-20,2026-02-02,,울산/엠지엘
240125120024150,ULS,USED,2026-01-20,2026-01-29,,울산/엠지엘
240125120024151,ULS,USED,2026-01-20,2026-02-21,,울산/엠지엘
240125120024152,ULS,USED,2026-01-20,2026-01-30,,울산/엠지엘
240125120024154,ULS,USED,2026-01-20,2026-02-02,,울산/엠지엘
240125120024160,ULS,USED,2026-01-20,2026-04-07,,울산/엠지엘
240125120024162,ULS,USED,2026-01-20,2026-01-29,,울산/엠지엘
240125120042144,ULS,USED,2026-01-20,2026-04-17,,울산/엠지엘
240125120042145,ULS,USED,2026-01-20,2026-04-17,,울산/엠지엘
240125120042146,ULS,USED,2026-01-20,2026-04-17,,울산/엠지엘
240125120042147,ULS,USED,2026-01-20,2026-04-17,,울산/엠지엘
240125120042148,ULS,USED,2026-01-20,2026-04-16,,울산/엠지엘
240125120042153,ULS,USED,2026-01-20,2026-01-27,,울산/엠지엘
240125120042155,ULS,USED,2026-01-20,2026-01-27,,울산/엠지엘
240125120024170,ULS,USED,2026-01-20,2026-04-09,,울산/엠지엘
240125120024172,ULS,USED,2026-01-20,2026-04-23,,울산/엠지엘
240125120042007,ULS,USED,2026-01-20,2026-04-15,,울산/엠지엘
240125120042009,ULS,USED,2026-01-20,2026-04-15,,울산/엠지엘
240125120042011,ULS,USED,2026-01-20,2026-04-21,,울산/엠지엘
240125120042014,ULS,USED,2026-01-20,2026-02-06,,울산/엠지엘
240125120042016,ULS,USED,2026-01-20,2026-04-21,,울산/엠지엘
240125120042018,ULS,USED,2026-01-20,2026-04-23,,울산/엠지엘
240125120042020,ULS,USED,2026-01-20,2026-02-08,,울산/엠지엘
240125120042022,ULS,USED,2026-01-20,2026-01-27,,울산/엠지엘
240125120042024,ULS,USED,2026-01-20,2026-01-27,,울산/엠지엘
240125120042032,ULS,USED,2026-01-20,2026-01-28,,울산/엠지엘
240125120042034,ULS,USED,2026-01-20,2026-02-08,,울산/엠지엘
240125120042036,ULS,USED,2026-01-20,2026-02-06,,울산/엠지엘
240125120024033,ULS,USED,2026-01-20,2026-03-17,,울산/엠지엘
240125120024035,ULS,USED,2026-01-20,2026-03-17,,울산/엠지엘
240125120042119,ULS,USED,2026-01-20,2026-04-06,,울산/엠지엘
240125120042121,ULS,USED,2026-01-20,2026-02-23,,울산/엠지엘
240125120024131,ULS,USED,2026-01-20,2026-04-23,,울산/엠지엘
240125120024138,ULS,USED,2026-01-20,2026-01-29,,울산/엠지엘
240125120024147,ULS,USED,2026-01-20,2026-02-02,,울산/엠지엘
240125120024149,ULS,USED,2026-01-20,2026-01-29,,울산/엠지엘
240125120024156,ULS,USED,2026-01-20,2026-04-07,,울산/엠지엘
240125120024159,ULS,USED,2026-01-20,2026-04-09,,울산/엠지엘
240125120024161,ULS,USED,2026-01-20,2026-01-28,,울산/엠지엘
240125120024167,ULS,USED,2026-01-20,2026-02-05,,울산/엠지엘
240125120024013,ULS,USED,2026-01-20,2026-01-29,,울산/엠지엘
240125120024015,ULS,USED,2026-01-20,2026-02-02,,울산/엠지엘
240126010018018,ULS,USED,2026-01-13,2026-01-21,,울산/엠지엘
240126010018054,ULS,USED,2026-01-13,2026-02-24,,울산/엠지엘
240126010018180,ULS,USED,2026-01-13,2026-01-19,,울산/엠지엘
240126010018182,ULS,USED,2026-01-13,2026-04-07,,울산/엠지엘
240126010018064,ULS,USED,2026-01-13,2026-03-10,,울산/엠지엘
240126010018010,ULS,USED,2026-01-13,2026-01-19,,울산/엠지엘
240126010018173,ULS,USED,2026-01-13,2026-01-19,,울산/엠지엘
240126010018175,ULS,USED,2026-01-13,2026-01-19,,울산/엠지엘
240126010018178,ULS,USED,2026-01-13,2026-01-16,,울산/엠지엘
240126010018186,ULS,USED,2026-01-13,2026-01-15,,울산/엠지엘
240126010018132,ULS,USED,2026-01-13,2026-01-22,,울산/엠지엘
240126010018134,ULS,USED,2026-01-13,2026-01-23,,울산/엠지엘
240126010018148,ULS,USED,2026-01-13,2026-01-24,,울산/엠지엘
240126010018149,ULS,USED,2026-01-13,2026-01-24,,울산/엠지엘
240126010018152,ULS,USED,2026-01-13,2026-01-15,,울산/엠지엘
240126010018153,ULS,USED,2026-01-13,2026-01-15,,울산/엠지엘
240126010018154,ULS,USED,2026-01-13,2026-01-15,,울산/엠지엘
240126010018158,ULS,USED,2026-01-13,2026-01-16,,울산/엠지엘
240126010018165,ULS,USED,2026-01-13,2026-01-19,,울산/엠지엘
240126010018166,ULS,USED,2026-01-13,2026-01-15,,울산/엠지엘
240126010018169,ULS,USED,2026-01-13,2026-01-14,,울산/엠지엘
240126010018171,ULS,USED,2026-01-13,2026-01-19,,울산/엠지엘
240126010018188,ULS,USED,2026-01-13,2026-04-07,,울산/엠지엘
240126010018190,ULS,USED,2026-01-13,2026-01-19,,울산/엠지엘
240126010018137,ULS,USED,2026-01-13,2026-02-27,,울산/엠지엘
240126010018139,ULS,USED,2026-01-13,2026-02-08,,울산/엠지엘
240126010018145,ULS,USED,2026-01-13,2026-01-19,,울산/엠지엘
240126010018150,ULS,USED,2026-01-13,2026-01-15,,울산/엠지엘
240126010018159,ULS,USED,2026-01-13,2026-01-19,,울산/엠지엘
240126010018162,ULS,USED,2026-01-13,2026-01-15,,울산/엠지엘
240126010018164,ULS,USED,2026-01-13,2026-01-15,,울산/엠지엘
240126010018179,ULS,USED,2026-01-13,2026-01-19,,울산/엠지엘
240126010018181,ULS,USED,2026-01-13,2026-04-07,,울산/엠지엘
240126010018189,ULS,USED,2026-01-13,2026-01-15,,울산/엠지엘
240126010018002,ULS,USED,2026-01-13,2026-01-16,,울산/엠지엘
240126010018003,ULS,USED,2026-01-13,2026-01-16,,울산/엠지엘
240126010018005,ULS,USED,2026-01-13,2026-01-16,,울산/엠지엘
240126010018007,ULS,USED,2026-01-13,2026-01-16,,울산/엠지엘
240126010018012,ULS,USED,2026-01-13,2026-01-21,,울산/엠지엘
240125120042111,ULS,USED,2026-01-20,2026-04-16,,울산/엠지엘
240125120042129,ULS,USED,2026-01-20,2026-01-26,,울산/엠지엘
240125120024039,ULS,USED,2026-01-20,2026-03-17,,울산/엠지엘
240125120024073,ULS,USED,2026-01-20,2026-02-06,,울산/엠지엘
240125120024074,ULS,USED,2026-01-20,2026-02-08,,울산/엠지엘
240125120024079,ULS,USED,2026-01-20,2026-02-05,,울산/엠지엘
240125120024089,ULS,USED,2026-01-20,2026-02-03,,울산/엠지엘
240125120024093,ULS,USED,2026-01-20,2026-02-04,,울산/엠지엘
240125120024095,ULS,USED,2026-01-20,2026-02-04,,울산/엠지엘
240125120024097,ULS,USED,2026-01-20,2026-02-04,,울산/엠지엘
240125120024102,ULS,USED,2026-01-20,2026-02-02,,울산/엠지엘
240125120024104,ULS,USED,2026-01-20,2026-01-31,,울산/엠지엘
240125120024106,ULS,USED,2026-01-20,2026-01-29,,울산/엠지엘
240125120042123,ULS,USED,2026-01-20,2026-04-06,,울산/엠지엘
240125120042131,ULS,USED,2026-01-20,2026-04-09,,울산/엠지엘
240125120024108,ULS,USED,2026-01-20,2026-02-02,,울산/엠지엘
240125120024110,ULS,USED,2026-01-20,2026-02-02,,울산/엠지엘
240125120024112,ULS,USED,2026-01-20,2026-02-03,,울산/엠지엘
240125120024166,ULS,USED,2026-01-20,2026-02-03,,울산/엠지엘
240125120024173,ULS,USED,2026-01-20,2026-01-28,,울산/엠지엘
240125120042008,ULS,USED,2026-01-20,2026-04-15,,울산/엠지엘
240125120042012,ULS,USED,2026-01-20,2026-04-22,,울산/엠지엘
240125120042015,ULS,USED,2026-01-20,2026-04-22,,울산/엠지엘
240125120042058,ULS,USED,2026-01-20,2026-02-13,,울산/엠지엘
240125120042060,ULS,USED,2026-01-20,2026-04-17,,울산/엠지엘
240126010018060,ULS,USED,2026-01-13,2026-02-24,,울산/엠지엘
240126010018062,ULS,USED,2026-01-13,2026-04-23,,울산/엠지엘
240126010018063,ULS,USED,2026-01-13,2026-03-19,,울산/엠지엘
240126010018065,ULS,USED,2026-01-13,2026-03-10,,울산/엠지엘
240126010018068,ULS,USED,2026-01-13,2026-03-11,,울산/엠지엘
240126010018069,ULS,USED,2026-01-13,2026-03-03,,울산/엠지엘
240126010018070,ULS,USED,2026-01-13,2026-02-26,,울산/엠지엘
240126010018082,ULS,USED,2026-01-13,2026-02-26,,울산/엠지엘
240126010018084,ULS,USED,2026-01-13,2026-02-25,,울산/엠지엘
240126010018101,ULS,USED,2026-01-13,2026-01-25,,울산/엠지엘
240126010018103,ULS,USED,2026-01-13,2026-01-23,,울산/엠지엘
240126010018105,ULS,USED,2026-01-13,2026-01-23,,울산/엠지엘
240126010018106,ULS,USED,2026-01-13,2026-01-13,,울산/엠지엘
240126010018107,ULS,USED,2026-01-13,2026-01-23,,울산/엠지엘
240126010018108,ULS,USED,2026-01-13,2026-01-23,,울산/엠지엘
240126010018109,ULS,USED,2026-01-13,2026-01-23,,울산/엠지엘
240126010018110,ULS,USED,2026-01-13,2026-01-23,,울산/엠지엘
240126010018172,ULS,USED,2026-01-13,2026-01-19,,울산/엠지엘
240126010018183,ULS,USED,2026-01-13,2026-04-07,,울산/엠지엘
240126010018019,ULS,USED,2026-01-13,2026-01-21,,울산/엠지엘
240126010018027,ULS,USED,2026-01-13,2026-01-21,,울산/엠지엘
240126010018035,ULS,USED,2026-01-13,2026-01-22,,울산/엠지엘
240126010018042,ULS,USED,2026-01-13,2026-01-20,,울산/엠지엘
240126010018047,ULS,USED,2026-01-13,2026-01-23,,울산/엠지엘
240126010018048,ULS,USED,2026-01-13,2026-01-22,,울산/엠지엘
240126010018174,ULS,USED,2026-01-13,2026-01-19,,울산/엠지엘
240126010018177,ULS,USED,2026-01-13,2026-01-19,,울산/엠지엘
240126010018187,ULS,USED,2026-01-13,2026-04-07,,울산/엠지엘
240126010018111,ULS,USED,2026-01-13,2026-02-25,,울산/엠지엘
240126010018113,ULS,USED,2026-01-13,2026-02-25,,울산/엠지엘
240126010018114,ULS,USED,2026-01-13,2026-02-24,,울산/엠지엘
240126010018118,ULS,USED,2026-01-13,2026-02-24,,울산/엠지엘
240126010018120,ULS,USED,2026-01-13,2026-02-24,,울산/엠지엘
240126010018124,ULS,USED,2026-01-13,2026-02-25,,울산/엠지엘
240126010018032,ULS,USED,2026-01-13,2026-01-21,,울산/엠지엘
240126010018036,ULS,USED,2026-01-13,2026-01-22,,울산/엠지엘
240126010018038,ULS,USED,2026-01-13,2026-01-22,,울산/엠지엘
240126010018040,ULS,USED,2026-01-13,2026-01-22,,울산/엠지엘
240126010018041,ULS,USED,2026-01-13,2026-01-22,,울산/엠지엘
240126010018045,ULS,USED,2026-01-13,2026-01-22,,울산/엠지엘
240126010018049,ULS,USED,2026-01-13,2026-01-22,,울산/엠지엘
240126010018051,ULS,USED,2026-01-13,2026-02-24,,울산/엠지엘
240126010018052,ULS,USED,2026-01-13,2026-02-24,,울산/엠지엘
240126010018029,ULS,USED,2026-01-13,2026-01-21,,울산/엠지엘
240126010018053,ULS,USED,2026-01-13,2026-02-24,,울산/엠지엘
240126010018056,ULS,USED,2026-01-13,2026-02-24,,울산/엠지엘
240126010018058,ULS,USED,2026-01-13,2026-02-24,,울산/엠지엘
240126010018059,ULS,USED,2026-01-13,2026-02-26,,울산/엠지엘
240126010018081,ULS,USED,2026-01-13,2026-02-26,,울산/엠지엘
240126010018083,ULS,USED,2026-01-13,2026-02-26,,울산/엠지엘
240126010018085,ULS,USED,2026-01-13,2026-02-26,,울산/엠지엘
240126010018086,ULS,USED,2026-01-13,2026-02-26,,울산/엠지엘
240126010018088,ULS,USED,2026-01-13,2026-02-25,,울산/엠지엘
240126010018090,ULS,USED,2026-01-13,2026-02-25,,울산/엠지엘
240126010018091,ULS,USED,2026-01-13,2026-02-06,,울산/엠지엘
240126010018093,ULS,USED,2026-01-13,2026-02-06,,울산/엠지엘
240126010018095,ULS,USED,2026-01-13,2026-02-08,,울산/엠지엘
240126010018097,ULS,USED,2026-01-13,2026-02-06,,울산/엠지엘
240126010018099,ULS,USED,2026-01-13,2026-02-06,,울산/엠지엘
240126010018021,ULS,USED,2026-01-13,2026-01-22,,울산/엠지엘
240126010018176,ULS,USED,2026-01-13,2026-01-19,,울산/엠지엘
240126010018004,ULS,USED,2026-01-13,2026-01-16,,울산/엠지엘
240126010018011,ULS,USED,2026-01-13,2026-01-16,,울산/엠지엘
240126010018017,ULS,USED,2026-01-13,2026-01-19,,울산/엠지엘
240126010018031,ULS,USED,2026-01-13,2026-01-21,,울산/엠지엘
240126010018033,ULS,USED,2026-01-13,2026-01-22,,울산/엠지엘
240126010018043,ULS,USED,2026-01-13,2026-01-22,,울산/엠지엘
240126010018044,ULS,USED,2026-01-13,2026-01-22,,울산/엠지엘
240126010018050,ULS,USED,2026-01-13,2026-01-22,,울산/엠지엘
240126010018057,ULS,USED,2026-01-13,2026-02-24,,울산/엠지엘
240126010018066,ULS,USED,2026-01-13,2026-03-11,,울산/엠지엘
240126010018089,ULS,USED,2026-01-13,2026-02-26,,울산/엠지엘
240126010018104,ULS,USED,2026-01-13,2026-01-23,,울산/엠지엘
240126010018112,ULS,USED,2026-01-13,2026-02-25,,울산/엠지엘
240126010018117,ULS,USED,2026-01-13,2026-02-24,,울산/엠지엘
240126010018119,ULS,USED,2026-01-13,2026-02-25,,울산/엠지엘
240126010018125,ULS,USED,2026-01-13,2026-03-03,,울산/엠지엘
240126010018130,ULS,USED,2026-01-13,2026-02-24,,울산/엠지엘
240126010018136,ULS,USED,2026-01-13,2026-01-22,,울산/엠지엘
240126010018138,ULS,USED,2026-01-13,2026-02-02,,울산/엠지엘
240126010018141,ULS,USED,2026-01-13,2026-01-22,,울산/엠지엘
240126010018144,ULS,USED,2026-01-13,2026-01-19,,울산/엠지엘
240126010018146,ULS,USED,2026-01-13,2026-01-24,,울산/엠지엘
240126010018147,ULS,USED,2026-01-13,2026-01-24,,울산/엠지엘
240126010018156,ULS,USED,2026-01-13,2026-01-13,,울산/엠지엘
240126010018160,ULS,USED,2026-01-13,2026-01-19,,울산/엠지엘
240126010018161,ULS,USED,2026-01-13,2026-01-15,,울산/엠지엘
240126010018163,ULS,USED,2026-01-13,2026-01-15,,울산/엠지엘
240126010018167,ULS,USED,2026-01-13,2026-01-15,,울산/엠지엘
240126010018115,ULS,USED,2026-01-13,2026-02-26,,울산/엠지엘
240126010018122,ULS,USED,2026-01-13,2026-01-22,,울산/엠지엘
240126010018168,ULS,USED,2026-01-13,2026-01-15,,울산/엠지엘
240126010018170,ULS,USED,2026-01-13,2026-01-15,,울산/엠지엘
240126010018184,ULS,USED,2026-01-13,2026-01-15,,울산/엠지엘
240126010018185,ULS,USED,2026-01-13,2026-01-15,,울산/엠지엘
240126010018131,ULS,USED,2026-01-13,2026-01-22,,울산/엠지엘
240126010018133,ULS,USED,2026-01-13,2026-01-23,,울산/엠지엘
240126010018151,ULS,USED,2026-01-13,2026-01-15,,울산/엠지엘
240126010018155,ULS,USED,2026-01-13,2026-01-15,,울산/엠지엘
240126010018157,ULS,USED,2026-01-13,2026-01-16,,울산/엠지엘
240126010018135,ULS,USED,2026-01-13,2026-01-22,,울산/엠지엘
240126010018140,ULS,USED,2026-01-13,2026-02-08,,울산/엠지엘
240126010018142,ULS,USED,2026-01-13,2026-01-14,,울산/엠지엘
240126010018143,ULS,USED,2026-01-13,2026-01-13,,울산/엠지엘
240126010018006,ULS,USED,2026-01-13,2026-01-16,,울산/엠지엘
240126010018008,ULS,USED,2026-01-13,2026-01-19,,울산/엠지엘
240126010018009,ULS,USED,2026-01-13,2026-01-19,,울산/엠지엘
240126010018013,ULS,USED,2026-01-13,2026-01-21,,울산/엠지엘
240126010018015,ULS,USED,2026-01-13,2026-01-19,,울산/엠지엘
240126010018020,ULS,USED,2026-01-13,2026-01-22,,울산/엠지엘
240126010018025,ULS,USED,2026-01-13,2026-01-21,,울산/엠지엘
240126010018034,ULS,USED,2026-01-13,2026-01-22,,울산/엠지엘
240126010018037,ULS,USED,2026-01-13,2026-01-22,,울산/엠지엘
240126010018039,ULS,USED,2026-01-13,2026-01-23,,울산/엠지엘
240126010018046,ULS,USED,2026-01-13,2026-01-22,,울산/엠지엘
240126010018055,ULS,USED,2026-01-13,2026-02-24,,울산/엠지엘
240126010018061,ULS,USED,2026-01-13,2026-03-19,,울산/엠지엘
240126010018087,ULS,USED,2026-01-13,2026-02-25,,울산/엠지엘
240126010018092,ULS,USED,2026-01-13,2026-02-06,,울산/엠지엘
240126010018094,ULS,USED,2026-01-13,2026-02-06,,울산/엠지엘
240126010018096,ULS,USED,2026-01-13,2026-02-06,,울산/엠지엘
240126010018098,ULS,USED,2026-01-13,2026-02-08,,울산/엠지엘
240126010018100,ULS,USED,2026-01-13,2026-02-06,,울산/엠지엘
240126010018102,ULS,USED,2026-01-13,2026-01-24,,울산/엠지엘
240126010018116,ULS,USED,2026-01-13,2026-02-24,,울산/엠지엘
240126010018121,ULS,USED,2026-01-13,2026-01-22,,울산/엠지엘
240126010018123,ULS,USED,2026-01-13,2026-02-25,,울산/엠지엘
240126010018126,ULS,USED,2026-01-13,2026-02-25,,울산/엠지엘
240125120001010,ULS,USED,2025-12-24,2026-01-07,,울산/엠지엘
240125120001017,ULS,USED,2025-12-24,2026-01-09,,울산/엠지엘
240125120001019,ULS,USED,2025-12-24,2026-01-09,,울산/엠지엘
240125120001021,ULS,USED,2025-12-24,2026-01-14,,울산/엠지엘
240125120001023,ULS,USED,2025-12-24,2026-01-14,,울산/엠지엘
240125120001025,ULS,USED,2025-12-24,2026-01-14,,울산/엠지엘
240125120001027,ULS,USED,2025-12-24,2026-01-14,,울산/엠지엘
240125120001029,ULS,USED,2025-12-24,2026-01-13,,울산/엠지엘
240125120001031,ULS,USED,2025-12-24,2026-01-13,,울산/엠지엘
240125120001033,ULS,USED,2025-12-24,2026-01-13,,울산/엠지엘
240125120001035,ULS,USED,2025-12-24,2026-01-13,,울산/엠지엘
240125120001040,ULS,USED,2025-12-24,2026-01-13,,울산/엠지엘
240125120001149,ULS,USED,2025-12-24,2025-12-29,,울산/엠지엘
240125120001042,ULS,USED,2025-12-24,2026-01-13,,울산/엠지엘
240125120001044,ULS,USED,2025-12-24,2026-01-13,,울산/엠지엘
240125120001083,ULS,USED,2025-12-24,2026-01-14,,울산/엠지엘
240125120001085,ULS,USED,2025-12-24,2026-01-14,,울산/엠지엘
240125120001087,ULS,USED,2025-12-24,2026-01-14,,울산/엠지엘
240125120001088,ULS,USED,2025-12-24,2026-01-14,,울산/엠지엘
240125120001089,ULS,USED,2025-12-24,2026-01-14,,울산/엠지엘
240125120001091,ULS,USED,2025-12-24,2026-01-07,,울산/엠지엘
240125120001093,ULS,USED,2025-12-24,2026-01-29,,울산/엠지엘
240125120001004,ULS,USED,2025-12-24,2026-01-07,,울산/엠지엘
240125120001005,ULS,USED,2025-12-24,2026-01-07,,울산/엠지엘
240125120001007,ULS,USED,2025-12-24,2026-01-07,,울산/엠지엘
240125120001011,ULS,USED,2025-12-24,2026-01-27,,울산/엠지엘
240125120001013,ULS,USED,2025-12-24,2026-01-09,,울산/엠지엘
240125120001024,ULS,USED,2025-12-24,2026-01-14,,울산/엠지엘
240125120001038,ULS,USED,2025-12-24,2026-01-13,,울산/엠지엘
240125120001046,ULS,USED,2025-12-24,2026-01-12,,울산/엠지엘
240125120001048,ULS,USED,2025-12-24,2026-01-12,,울산/엠지엘
240125120001052,ULS,USED,2025-12-24,2026-01-06,,울산/엠지엘
240125120001053,ULS,USED,2025-12-24,2026-01-06,,울산/엠지엘
240125120001065,ULS,USED,2025-12-24,2026-01-05,,울산/엠지엘
240125120001026,ULS,USED,2025-12-24,2026-01-14,,울산/엠지엘
240125120001028,ULS,USED,2025-12-24,2026-01-13,,울산/엠지엘
240125120001030,ULS,USED,2025-12-24,2026-01-12,,울산/엠지엘
240125120001032,ULS,USED,2025-12-24,2026-01-13,,울산/엠지엘
240125120001034,ULS,USED,2025-12-24,2026-01-13,,울산/엠지엘
240125120001036,ULS,USED,2025-12-24,2026-01-13,,울산/엠지엘
240125120001037,ULS,USED,2025-12-24,2026-01-13,,울산/엠지엘
240125120001039,ULS,USED,2025-12-24,2026-01-13,,울산/엠지엘
240125120001041,ULS,USED,2025-12-24,2026-01-13,,울산/엠지엘
240125120001043,ULS,USED,2025-12-24,2026-01-13,,울산/엠지엘
240125120001045,ULS,USED,2025-12-24,2026-01-23,,울산/엠지엘
240125120001047,ULS,USED,2025-12-24,2026-01-12,,울산/엠지엘
240125120001002,ULS,USED,2025-12-24,2026-01-07,,울산/엠지엘
240125120001009,ULS,USED,2025-12-24,2026-01-07,,울산/엠지엘
240125120001014,ULS,USED,2025-12-24,2026-01-09,,울산/엠지엘
240125120001016,ULS,USED,2025-12-24,2026-01-09,,울산/엠지엘
240125120001018,ULS,USED,2025-12-24,2026-01-09,,울산/엠지엘
240125120001020,ULS,USED,2025-12-24,2026-01-09,,울산/엠지엘
240125120001022,ULS,USED,2025-12-24,2026-01-14,,울산/엠지엘
240126010018014,ULS,USED,2026-01-13,2026-01-21,,울산/엠지엘
240126010018016,ULS,USED,2026-01-13,2026-01-19,,울산/엠지엘
240126010018023,ULS,USED,2026-01-13,2026-01-13,,울산/엠지엘
240126010018067,ULS,USED,2026-01-13,2026-03-10,,울산/엠지엘
240126010018129,ULS,USED,2026-01-13,2026-02-24,,울산/엠지엘
240126010018001,ULS,USED,2026-01-13,2026-01-22,,울산/엠지엘
240126010018022,ULS,USED,2026-01-13,2026-01-22,,울산/엠지엘
240126010018024,ULS,USED,2026-01-13,2026-01-21,,울산/엠지엘
240126010018026,ULS,USED,2026-01-13,2026-01-21,,울산/엠지엘
240126010018028,ULS,USED,2026-01-13,2026-01-21,,울산/엠지엘
240126010018030,ULS,USED,2026-01-13,2026-01-21,,울산/엠지엘
240125120001049,ULS,USED,2025-12-24,2026-01-08,,울산/엠지엘
240125120001051,ULS,USED,2025-12-24,2026-01-06,,울산/엠지엘
240125120001067,ULS,USED,2025-12-24,2026-01-05,,울산/엠지엘
240125120001069,ULS,USED,2025-12-24,2025-12-31,,울산/엠지엘
240125120001084,ULS,USED,2025-12-24,2026-01-14,,울산/엠지엘
240125120001086,ULS,USED,2025-12-24,2026-01-14,,울산/엠지엘
240125120001136,ULS,USED,2025-12-24,2026-01-05,,울산/엠지엘
240125120001072,ULS,USED,2025-12-24,2026-01-08,,울산/엠지엘
240125120001074,ULS,USED,2025-12-24,2026-01-08,,울산/엠지엘
240125120001076,ULS,USED,2025-12-24,2026-01-08,,울산/엠지엘
240125120001078,ULS,USED,2025-12-24,2026-01-08,,울산/엠지엘
240125120001081,ULS,USED,2025-12-24,2026-01-14,,울산/엠지엘
240125120001098,ULS,USED,2025-12-24,2026-01-06,,울산/엠지엘
240125120001100,ULS,USED,2025-12-24,2026-01-06,,울산/엠지엘
240125120001102,ULS,USED,2025-12-24,2026-01-08,,울산/엠지엘
240125120001104,ULS,USED,2025-12-24,2026-01-08,,울산/엠지엘
240125120001090,ULS,USED,2025-12-24,2026-01-14,,울산/엠지엘
240125120001092,ULS,USED,2025-12-24,2026-01-07,,울산/엠지엘
240125120001094,ULS,USED,2025-12-24,2026-01-06,,울산/엠지엘
240125120001095,ULS,USED,2025-12-24,2026-01-06,,울산/엠지엘
240125120001097,ULS,USED,2025-12-24,2026-01-06,,울산/엠지엘
240125120001099,ULS,USED,2025-12-24,2026-01-06,,울산/엠지엘
240125120001101,ULS,USED,2025-12-24,2026-01-08,,울산/엠지엘
240125120001103,ULS,USED,2025-12-24,2026-01-07,,울산/엠지엘
240125120001105,ULS,USED,2025-12-24,2026-01-07,,울산/엠지엘
240125120001107,ULS,USED,2025-12-24,2026-01-07,,울산/엠지엘
240125120001109,ULS,USED,2025-12-24,2026-01-07,,울산/엠지엘
240125120001111,ULS,USED,2025-12-24,2026-02-11,,울산/엠지엘
240125120001113,ULS,USED,2025-12-24,2026-02-04,,울산/엠지엘
240125120001138,ULS,USED,2025-12-24,2026-01-05,,울산/엠지엘
240125120001140,ULS,USED,2025-12-24,2026-01-05,,울산/엠지엘
240125120001151,ULS,USED,2025-12-24,2026-01-09,,울산/엠지엘
240125120001153,ULS,USED,2025-12-24,2026-01-08,,울산/엠지엘
240125120001055,ULS,USED,2025-12-24,2026-01-06,,울산/엠지엘
240125120001057,ULS,USED,2025-12-24,2026-01-06,,울산/엠지엘
240125120001059,ULS,USED,2025-12-24,2026-01-06,,울산/엠지엘
240125120001061,ULS,USED,2025-12-24,2026-01-12,,울산/엠지엘
240125120001063,ULS,USED,2025-12-24,2026-01-12,,울산/엠지엘
240125120001066,ULS,USED,2025-12-24,2026-01-05,,울산/엠지엘
240125120001071,ULS,USED,2025-12-24,2026-01-08,,울산/엠지엘
240125120001073,ULS,USED,2025-12-24,2026-01-08,,울산/엠지엘
240125120001075,ULS,USED,2025-12-24,2026-01-08,,울산/엠지엘
240125120001077,ULS,USED,2025-12-24,2026-01-08,,울산/엠지엘
240125120001079,ULS,USED,2025-12-24,2026-01-08,,울산/엠지엘
240125120001080,ULS,USED,2025-12-24,2026-01-08,,울산/엠지엘
240125120001082,ULS,USED,2025-12-24,2026-01-14,,울산/엠지엘
240125120001096,ULS,USED,2025-12-24,2026-01-06,,울산/엠지엘
240125120001115,ULS,USED,2025-12-24,2026-01-22,,울산/엠지엘
240125120001117,ULS,USED,2025-12-24,2026-01-13,,울산/엠지엘
240125120001119,ULS,USED,2025-12-24,2026-01-14,,울산/엠지엘
240125120001122,ULS,USED,2025-12-24,2026-01-05,,울산/엠지엘
240125120001124,ULS,USED,2025-12-24,2026-01-05,,울산/엠지엘
240125120001126,ULS,USED,2025-12-24,2026-01-05,,울산/엠지엘
240125120001128,ULS,USED,2025-12-24,2025-12-29,,울산/엠지엘
240125120001130,ULS,USED,2025-12-24,2025-12-29,,울산/엠지엘
240125120001133,ULS,USED,2025-12-24,2025-12-31,,울산/엠지엘
240125120001142,ULS,USED,2025-12-24,2026-01-06,,울산/엠지엘
240125120001144,ULS,USED,2025-12-24,2025-12-31,,울산/엠지엘
240125120001146,ULS,USED,2025-12-24,2025-12-31,,울산/엠지엘
240125120001148,ULS,USED,2025-12-24,2025-12-31,,울산/엠지엘
240125120001156,ULS,USED,2025-12-24,2026-01-13,,울산/엠지엘
240125120001157,ULS,USED,2025-12-24,2026-01-14,,울산/엠지엘
240125120001159,ULS,USED,2025-12-24,2025-12-31,,울산/엠지엘
220125120002011,ULS,USED,2025-12-24,2025-12-31,,울산/엠지엘
240125110022036,ULS,USED,2025-12-08,2025-12-23,,울산/엠지엘
240125110022038,ULS,USED,2025-12-08,2025-12-23,,울산/엠지엘
240125110022040,ULS,USED,2025-12-08,2025-12-23,,울산/엠지엘
240125110022042,ULS,USED,2025-12-08,2025-12-15,,울산/엠지엘
240125110022044,ULS,USED,2025-12-08,2025-12-15,,울산/엠지엘
240125110022046,ULS,USED,2025-12-08,2025-12-15,,울산/엠지엘
240125110022047,ULS,USED,2025-12-08,2025-12-15,,울산/엠지엘
240125110022055,ULS,USED,2025-12-08,2025-12-31,,울산/엠지엘
240125110022056,ULS,USED,2025-12-08,2025-12-31,,울산/엠지엘
240125110022061,ULS,USED,2025-12-08,2025-12-05,,울산/엠지엘
240125110022062,ULS,USED,2025-12-08,2025-12-31,,울산/엠지엘
240125110022063,ULS,USED,2025-12-08,2025-12-05,,울산/엠지엘
240125110022065,ULS,USED,2025-12-08,2025-12-05,,울산/엠지엘
240125110022067,ULS,USED,2025-12-08,2025-12-08,,울산/엠지엘
240125110022069,ULS,USED,2025-12-08,2025-12-08,,울산/엠지엘
240125110022071,ULS,USED,2025-12-08,2025-12-05,,울산/엠지엘
240125110022147,ULS,USED,2025-12-08,2025-12-15,,울산/엠지엘
240125110022149,ULS,USED,2025-12-08,2025-12-15,,울산/엠지엘
240125110022155,ULS,USED,2025-12-08,2025-12-22,,울산/엠지엘
240125110022164,ULS,USED,2025-12-08,2025-12-16,,울산/엠지엘
240125120001141,ULS,USED,2025-12-24,2025-12-31,,울산/엠지엘
240125120001143,ULS,USED,2025-12-24,2025-12-31,,울산/엠지엘
240125120001145,ULS,USED,2025-12-24,2025-12-31,,울산/엠지엘
240125120001147,ULS,USED,2025-12-24,2025-12-29,,울산/엠지엘
240125120001150,ULS,USED,2025-12-24,2025-12-29,,울산/엠지엘
240125120001152,ULS,USED,2025-12-24,2026-01-09,,울산/엠지엘
240125120001154,ULS,USED,2025-12-24,2026-01-08,,울산/엠지엘
240125120001158,ULS,USED,2025-12-24,2026-01-14,,울산/엠지엘
240125120001054,ULS,USED,2025-12-24,2026-01-06,,울산/엠지엘
240125120001056,ULS,USED,2025-12-24,2026-01-16,,울산/엠지엘
240125120001058,ULS,USED,2025-12-24,2026-01-06,,울산/엠지엘
240125120001060,ULS,USED,2025-12-24,2026-01-07,,울산/엠지엘
240125120001062,ULS,USED,2025-12-24,2026-01-12,,울산/엠지엘
240125120001064,ULS,USED,2025-12-24,2026-01-05,,울산/엠지엘
240125120001068,ULS,USED,2025-12-24,2026-01-06,,울산/엠지엘
240125120001070,ULS,USED,2025-12-24,2025-12-31,,울산/엠지엘
240125120001155,ULS,USED,2025-12-24,2026-01-12,,울산/엠지엘
240125120001160,ULS,USED,2025-12-24,2025-12-31,,울산/엠지엘
240125120001120,ULS,USED,2025-12-24,2026-01-13,,울산/엠지엘
240125120001121,ULS,USED,2025-12-24,2026-01-06,,울산/엠지엘
240125120001123,ULS,USED,2025-12-24,2026-01-05,,울산/엠지엘
240125120001125,ULS,USED,2025-12-24,2025-12-30,,울산/엠지엘
240125120001127,ULS,USED,2025-12-24,2025-12-29,,울산/엠지엘
240125120001129,ULS,USED,2025-12-24,2025-12-29,,울산/엠지엘
240125120001131,ULS,USED,2025-12-24,2025-12-31,,울산/엠지엘
240125120001132,ULS,USED,2025-12-24,2025-12-31,,울산/엠지엘
240125120001135,ULS,USED,2025-12-24,2026-01-08,,울산/엠지엘
240125120001137,ULS,USED,2025-12-24,2026-01-05,,울산/엠지엘
240125120001106,ULS,USED,2025-12-24,2026-01-06,,울산/엠지엘
240125120001108,ULS,USED,2025-12-24,2026-01-07,,울산/엠지엘
240125120001110,ULS,USED,2025-12-24,2026-01-07,,울산/엠지엘
240125120001112,ULS,USED,2025-12-24,2026-02-11,,울산/엠지엘
240125120001114,ULS,USED,2025-12-24,2026-01-19,,울산/엠지엘
240125120001116,ULS,USED,2025-12-24,2026-01-13,,울산/엠지엘
240125120001118,ULS,USED,2025-12-24,2026-01-13,,울산/엠지엘
240125120001134,ULS,USED,2025-12-24,2025-12-29,,울산/엠지엘
240125120001001,ULS,USED,2025-12-24,2026-01-07,,울산/엠지엘
240125120001003,ULS,USED,2025-12-24,2026-01-07,,울산/엠지엘
240125120001006,ULS,USED,2025-12-24,2026-01-07,,울산/엠지엘
240125120001008,ULS,USED,2025-12-24,2026-01-07,,울산/엠지엘
240125120001012,ULS,USED,2025-12-24,2026-01-27,,울산/엠지엘
240125120001015,ULS,USED,2025-12-24,2026-01-08,,울산/엠지엘
240125120001139,ULS,USED,2025-12-24,2026-01-05,,울산/엠지엘
240125120001050,ULS,USED,2025-12-24,2026-01-08,,울산/엠지엘
240125110022049,ULS,USED,2025-12-08,2025-12-16,,울산/엠지엘
240125110022051,ULS,USED,2025-12-08,2025-12-31,,울산/엠지엘
240125110022053,ULS,USED,2025-12-08,2025-12-31,,울산/엠지엘
240125110022057,ULS,USED,2025-12-08,2025-12-31,,울산/엠지엘
240125110022059,ULS,USED,2025-12-08,2025-12-31,,울산/엠지엘
240125110022170,ULS,USED,2025-12-08,2025-12-16,,울산/엠지엘
240125110022171,ULS,USED,2025-12-08,2025-12-16,,울산/엠지엘
240125110022172,ULS,USED,2025-12-08,2025-12-16,,울산/엠지엘
240125110022174,ULS,USED,2025-12-08,2025-12-16,,울산/엠지엘
240125110022002,ULS,USED,2025-12-08,2025-12-15,,울산/엠지엘
240125110022004,ULS,USED,2025-12-08,2025-12-12,,울산/엠지엘
240125110022009,ULS,USED,2025-12-08,2025-12-11,,울산/엠지엘
240125110022073,ULS,USED,2025-12-08,2025-12-31,,울산/엠지엘
240125110022075,ULS,USED,2025-12-08,2025-12-05,,울산/엠지엘
240125110022077,ULS,USED,2025-12-08,2025-12-05,,울산/엠지엘
240125110022079,ULS,USED,2025-12-08,2025-12-08,,울산/엠지엘
240125110022081,ULS,USED,2025-12-08,2025-12-23,,울산/엠지엘
240125110022083,ULS,USED,2025-12-08,2025-12-23,,울산/엠지엘
240125110022085,ULS,USED,2025-12-08,2025-12-23,,울산/엠지엘
240125110022087,ULS,USED,2025-12-08,2025-12-23,,울산/엠지엘
240125110022089,ULS,USED,2025-12-08,2025-12-19,,울산/엠지엘
240125110022090,ULS,USED,2025-12-08,2025-12-19,,울산/엠지엘
240125110022095,ULS,USED,2025-12-08,2025-12-22,,울산/엠지엘
240125110022098,ULS,USED,2025-12-08,2025-12-22,,울산/엠지엘
240125110022102,ULS,USED,2025-12-08,2025-12-19,,울산/엠지엘
240125110022103,ULS,USED,2025-12-08,2025-12-19,,울산/엠지엘
240125110022104,ULS,USED,2025-12-08,2025-12-19,,울산/엠지엘
240125110022105,ULS,USED,2025-12-08,2025-12-21,,울산/엠지엘
240125110022107,ULS,USED,2025-12-08,2025-12-21,,울산/엠지엘
240125110022109,ULS,USED,2025-12-08,2025-12-19,,울산/엠지엘
240125110022115,ULS,USED,2025-12-08,2025-12-18,,울산/엠지엘
240125110022001,ULS,USED,2025-12-08,2025-12-12,,울산/엠지엘
240125110022054,ULS,USED,2025-12-08,2025-12-31,,울산/엠지엘
240125110022092,ULS,USED,2025-12-08,2025-12-22,,울산/엠지엘
240125110022099,ULS,USED,2025-12-08,2025-12-22,,울산/엠지엘
240125110022101,ULS,USED,2025-12-08,2025-12-19,,울산/엠지엘
240125110022106,ULS,USED,2025-12-08,2025-12-19,,울산/엠지엘
240125110022112,ULS,USED,2025-12-08,2025-12-19,,울산/엠지엘
240125110022117,ULS,USED,2025-12-08,2025-12-08,,울산/엠지엘
240125110022119,ULS,USED,2025-12-08,2025-12-18,,울산/엠지엘
240125110022120,ULS,USED,2025-12-08,2025-12-18,,울산/엠지엘
240125110022141,ULS,USED,2025-12-08,2025-12-11,,울산/엠지엘
240125110022148,ULS,USED,2025-12-08,2025-12-16,,울산/엠지엘
240125110022150,ULS,USED,2025-12-08,2025-12-15,,울산/엠지엘
240125110022166,ULS,USED,2025-12-08,2025-12-11,,울산/엠지엘
240125110022156,ULS,USED,2025-12-08,2025-12-22,,울산/엠지엘
240125110022157,ULS,USED,2025-12-08,2025-12-22,,울산/엠지엘
240125110022165,ULS,USED,2025-12-08,2025-12-11,,울산/엠지엘
240125110022167,ULS,USED,2025-12-08,2025-12-11,,울산/엠지엘
240125110022091,ULS,USED,2025-12-08,2025-12-23,,울산/엠지엘
240125110022093,ULS,USED,2025-12-08,2025-12-28,,울산/엠지엘
240125110022142,ULS,USED,2025-12-08,2025-12-11,,울산/엠지엘
240125110022146,ULS,USED,2025-12-08,2025-12-26,,울산/엠지엘
240125110022151,ULS,USED,2025-12-08,2025-12-16,,울산/엠지엘
240125110022159,ULS,USED,2025-12-08,2025-12-16,,울산/엠지엘
240125110022160,ULS,USED,2025-12-08,2025-12-16,,울산/엠지엘
240125110022161,ULS,USED,2025-12-08,2025-12-16,,울산/엠지엘
240125110022162,ULS,USED,2025-12-08,2025-12-16,,울산/엠지엘
240125110022168,ULS,USED,2025-12-08,2025-12-11,,울산/엠지엘
240125110022017,ULS,USED,2025-12-08,2026-01-05,,울산/엠지엘
240125110022019,ULS,USED,2025-12-08,2025-12-31,,울산/엠지엘
240125110022021,ULS,USED,2025-12-08,2025-12-31,,울산/엠지엘
240125110022032,ULS,USED,2025-12-08,2025-12-23,,울산/엠지엘
240125110022034,ULS,USED,2025-12-08,2025-12-28,,울산/엠지엘
240125110022135,ULS,USED,2025-12-08,2025-12-11,,울산/엠지엘
240125110022137,ULS,USED,2025-12-08,2025-12-22,,울산/엠지엘
240125110022139,ULS,USED,2025-12-08,2025-12-22,,울산/엠지엘
240125110022020,ULS,USED,2025-12-08,2025-12-31,,울산/엠지엘
240125110022022,ULS,USED,2025-12-08,2025-12-31,,울산/엠지엘
240125110022024,ULS,USED,2025-12-08,2025-12-31,,울산/엠지엘
240125110022026,ULS,USED,2025-12-08,2025-12-31,,울산/엠지엘
240125110022028,ULS,USED,2025-12-08,2025-12-31,,울산/엠지엘
240125110022031,ULS,USED,2025-12-08,2025-12-08,,울산/엠지엘
240125110022033,ULS,USED,2025-12-08,2025-12-29,,울산/엠지엘
240125110022035,ULS,USED,2025-12-08,2025-12-23,,울산/엠지엘
240125110022037,ULS,USED,2025-12-08,2025-12-28,,울산/엠지엘
240125110022039,ULS,USED,2025-12-08,2025-12-23,,울산/엠지엘
240125110022041,ULS,USED,2025-12-08,2025-12-15,,울산/엠지엘
240125110022043,ULS,USED,2025-12-08,2025-12-15,,울산/엠지엘
240125110022045,ULS,USED,2025-12-08,2025-12-15,,울산/엠지엘
240125110022048,ULS,USED,2025-12-08,2025-12-15,,울산/엠지엘
240125110022050,ULS,USED,2025-12-08,2025-12-15,,울산/엠지엘
240125110022052,ULS,USED,2025-12-08,2025-12-31,,울산/엠지엘
240125110022058,ULS,USED,2025-12-08,2025-12-31,,울산/엠지엘
240125110022060,ULS,USED,2025-12-08,2025-12-31,,울산/엠지엘
240125110022064,ULS,USED,2025-12-08,2025-12-05,,울산/엠지엘
240125110022066,ULS,USED,2025-12-08,2025-12-08,,울산/엠지엘
240125110022068,ULS,USED,2025-12-08,2025-12-08,,울산/엠지엘
240125110022070,ULS,USED,2025-12-08,2025-12-08,,울산/엠지엘
240125110022072,ULS,USED,2025-12-08,2025-12-05,,울산/엠지엘
240125110022074,ULS,USED,2025-12-08,2025-12-05,,울산/엠지엘
240125110022076,ULS,USED,2025-12-08,2025-12-05,,울산/엠지엘
240125110022078,ULS,USED,2025-12-08,2025-12-08,,울산/엠지엘
240125110022080,ULS,USED,2025-12-08,2025-12-05,,울산/엠지엘
240125110022082,ULS,USED,2025-12-08,2025-12-23,,울산/엠지엘
240125110022084,ULS,USED,2025-12-08,2025-12-23,,울산/엠지엘
240125110022086,ULS,USED,2025-12-08,2025-12-23,,울산/엠지엘
240125110022088,ULS,USED,2025-12-08,2025-12-22,,울산/엠지엘
240125110022094,ULS,USED,2025-12-08,2025-12-23,,울산/엠지엘
240125110022096,ULS,USED,2025-12-08,2025-12-22,,울산/엠지엘
240125110022097,ULS,USED,2025-12-08,2025-12-22,,울산/엠지엘
240125110022100,ULS,USED,2025-12-08,2025-12-22,,울산/엠지엘
240125110022108,ULS,USED,2025-12-08,2025-12-19,,울산/엠지엘
240125110022110,ULS,USED,2025-12-08,2025-12-21,,울산/엠지엘
240125110022122,ULS,USED,2025-12-08,2025-12-16,,울산/엠지엘
240125110022124,ULS,USED,2025-12-08,2025-12-16,,울산/엠지엘
240125110022126,ULS,USED,2025-12-08,2025-12-17,,울산/엠지엘
240125110022128,ULS,USED,2025-12-08,2025-12-17,,울산/엠지엘
240125110022130,ULS,USED,2025-12-08,2025-12-17,,울산/엠지엘
240125110022132,ULS,USED,2025-12-08,2025-12-16,,울산/엠지엘
240125110022134,ULS,USED,2025-12-08,2025-12-17,,울산/엠지엘
240125110022136,ULS,USED,2025-12-08,2025-12-15,,울산/엠지엘
240125110022138,ULS,USED,2025-12-08,2025-12-22,,울산/엠지엘
240125110022140,ULS,USED,2025-12-08,2025-12-22,,울산/엠지엘
240125110022143,ULS,USED,2025-12-08,2025-12-17,,울산/엠지엘
240125110022144,ULS,USED,2025-12-08,2025-12-15,,울산/엠지엘
240125110022145,ULS,USED,2025-12-08,2025-12-29,,울산/엠지엘
240125110022152,ULS,USED,2025-12-08,2025-12-16,,울산/엠지엘
240125110022153,ULS,USED,2025-12-08,2025-12-16,,울산/엠지엘
240125110022154,ULS,USED,2025-12-08,2025-12-16,,울산/엠지엘
240125110022011,ULS,USED,2025-12-08,2026-02-11,,울산/엠지엘
240125110022013,ULS,USED,2025-12-08,2026-01-05,,울산/엠지엘
240125110022015,ULS,USED,2025-12-08,2026-01-15,,울산/엠지엘
240125110022023,ULS,USED,2025-12-08,2025-12-31,,울산/엠지엘
240125110022025,ULS,USED,2025-12-08,2025-12-31,,울산/엠지엘
240125110022027,ULS,USED,2025-12-08,2025-12-31,,울산/엠지엘
240125110022029,ULS,USED,2025-12-08,2025-12-31,,울산/엠지엘
240125110022030,ULS,USED,2025-12-08,2025-12-31,,울산/엠지엘
240125090026003,ULS,USED,2025-10-04,2025-10-20,,울산/엠지엘
240125090026005,ULS,USED,2025-10-04,2025-10-20,,울산/엠지엘
240125090026007,ULS,USED,2025-10-04,2025-10-20,,울산/엠지엘
240125090026009,ULS,USED,2025-10-04,2025-10-20,,울산/엠지엘
240125090026010,ULS,USED,2025-10-04,2025-10-20,,울산/엠지엘
240125090026011,ULS,USED,2025-10-04,2025-11-03,,울산/엠지엘
240125090026014,ULS,USED,2025-10-04,2025-10-30,,울산/엠지엘
240125090026016,ULS,USED,2025-10-04,2025-10-30,,울산/엠지엘
240125090026020,ULS,USED,2025-10-04,2025-10-30,,울산/엠지엘
240125090026021,ULS,USED,2025-10-04,2025-11-03,,울산/엠지엘
240125090026022,ULS,USED,2025-10-04,2025-10-28,,울산/엠지엘
240125090026023,ULS,USED,2025-10-04,2025-10-28,,울산/엠지엘
240125090026024,ULS,USED,2025-10-04,2025-10-28,,울산/엠지엘
240125090026025,ULS,USED,2025-10-04,2025-10-28,,울산/엠지엘
240125090026026,ULS,USED,2025-10-04,2025-11-03,,울산/엠지엘
240125090026029,ULS,USED,2025-10-04,2025-11-03,,울산/엠지엘
240125090026018,ULS,USED,2025-10-04,2025-10-30,,울산/엠지엘
240125090026069,ULS,USED,2025-10-04,2025-10-29,,울산/엠지엘
240125090026075,ULS,USED,2025-10-04,2025-10-29,,울산/엠지엘
240125090026078,ULS,USED,2025-10-04,2025-11-20,,울산/엠지엘
240125090026080,ULS,USED,2025-10-04,2025-11-19,,울산/엠지엘
240125090026081,ULS,USED,2025-10-04,2025-11-20,,울산/엠지엘
240125090026082,ULS,USED,2025-10-04,2025-11-19,,울산/엠지엘
240125090026085,ULS,USED,2025-10-04,2025-11-19,,울산/엠지엘
240125090026087,ULS,USED,2025-10-04,2025-11-11,,울산/엠지엘
240125090026091,ULS,USED,2025-10-04,2025-11-05,,울산/엠지엘
240125090026095,ULS,USED,2025-10-04,2025-11-03,,울산/엠지엘
240125090026096,ULS,USED,2025-10-04,2025-11-15,,울산/엠지엘
240125090026097,ULS,USED,2025-10-04,2025-11-15,,울산/엠지엘
240125090026028,ULS,USED,2025-10-04,2025-11-03,,울산/엠지엘
240125090026030,ULS,USED,2025-10-04,2025-10-30,,울산/엠지엘
240125090026036,ULS,USED,2025-10-04,2025-11-07,,울산/엠지엘
240125090026044,ULS,USED,2025-10-04,2025-11-06,,울산/엠지엘
240125090026049,ULS,USED,2025-10-04,2025-10-18,,울산/엠지엘
240125090026052,ULS,USED,2025-10-04,2025-10-17,,울산/엠지엘
240125090026038,ULS,USED,2025-10-04,2025-11-07,,울산/엠지엘
240125090026040,ULS,USED,2025-10-04,2025-11-06,,울산/엠지엘
240125110022003,ULS,USED,2025-12-08,2025-12-12,,울산/엠지엘
240125110022005,ULS,USED,2025-12-08,2025-12-11,,울산/엠지엘
240125110022006,ULS,USED,2025-12-08,2025-12-12,,울산/엠지엘
240125110022007,ULS,USED,2025-12-08,2025-12-11,,울산/엠지엘
240125110022008,ULS,USED,2025-12-08,2025-12-11,,울산/엠지엘
240125110022010,ULS,USED,2025-12-08,2025-12-11,,울산/엠지엘
240125110022012,ULS,USED,2025-12-08,2026-02-12,,울산/엠지엘
240125110022014,ULS,USED,2025-12-08,2026-01-05,,울산/엠지엘
240125110022016,ULS,USED,2025-12-08,2026-01-05,,울산/엠지엘
240125110022018,ULS,USED,2025-12-08,2025-12-31,,울산/엠지엘
240125110022158,ULS,USED,2025-12-08,2025-12-02,,울산/엠지엘
240125110022163,ULS,USED,2025-12-08,2025-12-08,,울산/엠지엘
240125110022169,ULS,USED,2025-12-08,2025-12-16,,울산/엠지엘
240125110022173,ULS,USED,2025-12-08,2025-12-20,,울산/엠지엘
240125110022175,ULS,USED,2025-12-08,2025-12-17,,울산/엠지엘
240125110022111,ULS,USED,2025-12-08,2025-12-21,,울산/엠지엘
240125110022113,ULS,USED,2025-12-08,2025-12-22,,울산/엠지엘
240125110022114,ULS,USED,2025-12-08,2025-12-18,,울산/엠지엘
240125110022116,ULS,USED,2025-12-08,2025-12-18,,울산/엠지엘
240125110022118,ULS,USED,2025-12-08,2025-12-18,,울산/엠지엘
240125110022121,ULS,USED,2025-12-08,2025-12-22,,울산/엠지엘
240125110022123,ULS,USED,2025-12-08,2025-12-16,,울산/엠지엘
240125110022125,ULS,USED,2025-12-08,2025-12-17,,울산/엠지엘
240125110022127,ULS,USED,2025-12-08,2025-12-17,,울산/엠지엘
240125110022129,ULS,USED,2025-12-08,2025-12-17,,울산/엠지엘
240125110022131,ULS,USED,2025-12-08,2025-12-17,,울산/엠지엘
240125110022133,ULS,USED,2025-12-08,2025-12-17,,울산/엠지엘
240125090026103,ULS,USED,2025-10-04,2025-11-14,,울산/엠지엘
240125090026105,ULS,USED,2025-10-04,2025-11-14,,울산/엠지엘
240125090026106,ULS,USED,2025-10-04,2025-11-15,,울산/엠지엘
240125090026115,ULS,USED,2025-10-04,2025-11-12,,울산/엠지엘
240125090026123,ULS,USED,2025-10-04,2025-11-11,,울산/엠지엘
240125090026125,ULS,USED,2025-10-04,2025-11-11,,울산/엠지엘
240125090026135,ULS,USED,2025-10-04,2025-10-28,,울산/엠지엘
240125090026136,ULS,USED,2025-10-04,2025-10-28,,울산/엠지엘
240125090026137,ULS,USED,2025-10-04,2025-10-18,,울산/엠지엘
240125090026138,ULS,USED,2025-10-04,2025-10-18,,울산/엠지엘
240125090026140,ULS,USED,2025-10-04,2025-10-14,,울산/엠지엘
240125090026144,ULS,USED,2025-10-04,2025-10-16,,울산/엠지엘
240125090026146,ULS,USED,2025-10-04,2025-11-10,,울산/엠지엘
240125090026147,ULS,USED,2025-10-04,2025-11-10,,울산/엠지엘
240125090026149,ULS,USED,2025-10-04,2025-11-12,,울산/엠지엘
240125090026153,ULS,USED,2025-10-04,2025-10-16,,울산/엠지엘
240125090026154,ULS,USED,2025-10-04,2025-10-16,,울산/엠지엘
240125090026157,ULS,USED,2025-10-04,2025-10-18,,울산/엠지엘
240125090026158,ULS,USED,2025-10-04,2025-11-11,,울산/엠지엘
240125090026159,ULS,USED,2025-10-04,2025-11-11,,울산/엠지엘
240125090026160,ULS,USED,2025-10-04,2025-11-12,,울산/엠지엘
240125090026163,ULS,USED,2025-10-04,2025-11-14,,울산/엠지엘
240125090026166,ULS,USED,2025-10-04,2025-10-16,,울산/엠지엘
240125090026170,ULS,USED,2025-10-04,2025-11-10,,울산/엠지엘
240125090026171,ULS,USED,2025-10-04,2025-11-27,,울산/엠지엘
240125090026172,ULS,USED,2025-10-04,2025-11-11,,울산/엠지엘
240125090026174,ULS,USED,2025-10-04,2025-11-11,,울산/엠지엘
240125090026175,ULS,USED,2025-10-04,2025-11-12,,울산/엠지엘
240125090026102,ULS,USED,2025-10-04,2025-11-14,,울산/엠지엘
240125090026145,ULS,USED,2025-10-04,2025-10-22,,울산/엠지엘
240125090026148,ULS,USED,2025-10-04,2025-11-12,,울산/엠지엘
240125090026152,ULS,USED,2025-10-04,2025-10-20,,울산/엠지엘
240125090026108,ULS,USED,2025-10-04,2025-11-13,,울산/엠지엘
240125090026109,ULS,USED,2025-10-04,2025-11-13,,울산/엠지엘
240125090026130,ULS,USED,2025-10-04,2025-10-20,,울산/엠지엘
240125090026134,ULS,USED,2025-10-04,2025-10-30,,울산/엠지엘
240125090026139,ULS,USED,2025-10-04,2025-10-22,,울산/엠지엘
240125090026156,ULS,USED,2025-10-04,2025-11-11,,울산/엠지엘
240125090026162,ULS,USED,2025-10-04,2025-11-14,,울산/엠지엘
240125090026165,ULS,USED,2025-10-04,2025-11-20,,울산/엠지엘
240125090026167,ULS,USED,2025-10-04,2025-10-16,,울산/엠지엘
240125090026001,ULS,USED,2025-10-04,2025-10-20,,울산/엠지엘
240125090026002,ULS,USED,2025-10-04,2025-10-20,,울산/엠지엘
240125090026008,ULS,USED,2025-10-04,2025-10-20,,울산/엠지엘
240125090026013,ULS,USED,2025-10-04,2025-11-03,,울산/엠지엘
240125090026015,ULS,USED,2025-10-04,2025-10-30,,울산/엠지엘
240125090026019,ULS,USED,2025-10-04,2025-10-30,,울산/엠지엘
240125090026027,ULS,USED,2025-10-04,2025-11-03,,울산/엠지엘
240125090026041,ULS,USED,2025-10-04,2025-11-06,,울산/엠지엘
240125090026042,ULS,USED,2025-10-04,2025-11-06,,울산/엠지엘
240125090026045,ULS,USED,2025-10-04,2025-11-06,,울산/엠지엘
240125090026032,ULS,USED,2025-10-04,2025-11-06,,울산/엠지엘
240125090026051,ULS,USED,2025-10-04,2025-10-18,,울산/엠지엘
240125090026046,ULS,USED,2025-10-04,2025-10-22,,울산/엠지엘
240125090026050,ULS,USED,2025-10-04,2025-10-18,,울산/엠지엘
240125090026058,ULS,USED,2025-10-04,2025-10-27,,울산/엠지엘
240125090026074,ULS,USED,2025-10-04,2025-11-01,,울산/엠지엘
240125090026076,ULS,USED,2025-10-04,2025-11-21,,울산/엠지엘
240125090026083,ULS,USED,2025-10-04,2025-11-19,,울산/엠지엘
240125090026004,ULS,USED,2025-10-04,2025-10-20,,울산/엠지엘
240125090026072,ULS,USED,2025-10-04,2025-10-29,,울산/엠지엘
240125090026090,ULS,USED,2025-10-04,2025-11-03,,울산/엠지엘
240125090026043,ULS,USED,2025-10-04,2025-11-06,,울산/엠지엘
240125090026099,ULS,USED,2025-10-04,2025-11-17,,울산/엠지엘
240125090026120,ULS,USED,2025-10-04,2025-11-10,,울산/엠지엘
240125090026121,ULS,USED,2025-10-04,2025-11-10,,울산/엠지엘
240125090026122,ULS,USED,2025-10-04,2025-11-11,,울산/엠지엘
240125090026124,ULS,USED,2025-10-04,2025-11-11,,울산/엠지엘
240125090026126,ULS,USED,2025-10-04,2025-10-17,,울산/엠지엘
240125090026127,ULS,USED,2025-10-04,2025-10-14,,울산/엠지엘
240125090026141,ULS,USED,2025-10-04,2025-10-16,,울산/엠지엘
240125090026142,ULS,USED,2025-10-04,2025-10-22,,울산/엠지엘
240125090026143,ULS,USED,2025-10-04,2025-10-18,,울산/엠지엘
240125090026150,ULS,USED,2025-10-04,2025-10-21,,울산/엠지엘
240125090026151,ULS,USED,2025-10-04,2025-11-11,,울산/엠지엘
240125090026155,ULS,USED,2025-10-04,2025-10-04,,울산/엠지엘
240125090026161,ULS,USED,2025-10-04,2025-11-12,,울산/엠지엘
240125090026164,ULS,USED,2025-10-04,2025-11-20,,울산/엠지엘
240125090026168,ULS,USED,2025-10-04,2025-10-16,,울산/엠지엘
240125090026169,ULS,USED,2025-10-04,2025-10-16,,울산/엠지엘
240125090026173,ULS,USED,2025-10-04,2025-11-11,,울산/엠지엘
240125090026104,ULS,USED,2025-10-04,2025-11-14,,울산/엠지엘
240125090026053,ULS,USED,2025-10-04,2025-10-17,,울산/엠지엘
240125090026057,ULS,USED,2025-10-04,2025-11-03,,울산/엠지엘
240125090026047,ULS,USED,2025-10-04,2025-10-22,,울산/엠지엘
240125090026048,ULS,USED,2025-10-04,2025-10-18,,울산/엠지엘
240125090026065,ULS,USED,2025-10-04,2025-10-14,,울산/엠지엘
240125090026107,ULS,USED,2025-10-04,2025-11-13,,울산/엠지엘
240125090026110,ULS,USED,2025-10-04,2025-11-13,,울산/엠지엘
240125090026111,ULS,USED,2025-10-04,2025-11-21,,울산/엠지엘
240125090026112,ULS,USED,2025-10-04,2025-11-13,,울산/엠지엘
240125090026113,ULS,USED,2025-10-04,2025-11-13,,울산/엠지엘
240125090026114,ULS,USED,2025-10-04,2025-11-13,,울산/엠지엘
240125090026116,ULS,USED,2025-10-04,2025-11-12,,울산/엠지엘
240125090026117,ULS,USED,2025-10-04,2025-11-11,,울산/엠지엘
240125090026119,ULS,USED,2025-10-04,2025-11-12,,울산/엠지엘
240125090026128,ULS,USED,2025-10-04,2025-10-29,,울산/엠지엘
240125090026129,ULS,USED,2025-10-04,2025-10-29,,울산/엠지엘
240125090026131,ULS,USED,2025-10-04,2025-10-20,,울산/엠지엘
240125090026132,ULS,USED,2025-10-04,2025-10-23,,울산/엠지엘
240125090026133,ULS,USED,2025-10-04,2025-10-30,,울산/엠지엘
240125090026054,ULS,USED,2025-10-04,2025-10-17,,울산/엠지엘
240125090026055,ULS,USED,2025-10-04,2025-10-17,,울산/엠지엘
240125090026056,ULS,USED,2025-10-04,2025-11-03,,울산/엠지엘
240125090026059,ULS,USED,2025-10-04,2025-10-23,,울산/엠지엘
240125090026060,ULS,USED,2025-10-04,2025-10-18,,울산/엠지엘
240125090026061,ULS,USED,2025-10-04,2025-10-18,,울산/엠지엘
240125090026062,ULS,USED,2025-10-04,2025-10-18,,울산/엠지엘
240125090026063,ULS,USED,2025-10-04,2025-10-18,,울산/엠지엘
240125090026064,ULS,USED,2025-10-04,2025-10-18,,울산/엠지엘
240125090026066,ULS,USED,2025-10-04,2025-10-30,,울산/엠지엘
240125090026067,ULS,USED,2025-10-04,2025-10-30,,울산/엠지엘
240125090026068,ULS,USED,2025-10-04,2025-10-30,,울산/엠지엘
240125090026070,ULS,USED,2025-10-04,2025-10-29,,울산/엠지엘
240125090026071,ULS,USED,2025-10-04,2025-10-29,,울산/엠지엘
240125090026073,ULS,USED,2025-10-04,2025-10-29,,울산/엠지엘
240125090026077,ULS,USED,2025-10-04,2025-11-20,,울산/엠지엘
240125090026079,ULS,USED,2025-10-04,2025-11-20,,울산/엠지엘
240125090026084,ULS,USED,2025-10-04,2025-11-19,,울산/엠지엘
240125090026092,ULS,USED,2025-10-04,2025-11-03,,울산/엠지엘
240125090026093,ULS,USED,2025-10-04,2025-11-04,,울산/엠지엘
240125090026006,ULS,USED,2025-10-04,2025-10-20,,울산/엠지엘
240125090026012,ULS,USED,2025-10-04,2025-11-03,,울산/엠지엘
240125090026017,ULS,USED,2025-10-04,2025-10-30,,울산/엠지엘
240125090026031,ULS,USED,2025-10-04,2025-11-06,,울산/엠지엘
240125090026033,ULS,USED,2025-10-04,2025-11-03,,울산/엠지엘
240125090026035,ULS,USED,2025-10-04,2025-10-17,,울산/엠지엘
240125090026039,ULS,USED,2025-10-04,2025-11-06,,울산/엠지엘
240125090005020,ULS,USED,2025-09-18,2025-11-25,,울산/엠지엘
240125090005042,ULS,USED,2025-09-18,2025-11-21,,울산/엠지엘
240125090005047,ULS,USED,2025-09-18,2025-12-01,,울산/엠지엘
240125090005065,ULS,USED,2025-09-18,2025-11-26,,울산/엠지엘
240125090005048,ULS,USED,2025-09-18,2025-12-03,,울산/엠지엘
240125090005062,ULS,USED,2025-09-18,2025-11-26,,울산/엠지엘
240125090005068,ULS,USED,2025-09-18,2025-11-26,,울산/엠지엘
240125090005074,ULS,USED,2025-09-18,2025-10-01,,울산/엠지엘
240125090005077,ULS,USED,2025-09-18,2025-10-01,,울산/엠지엘
240125090005087,ULS,USED,2025-09-18,2025-10-15,,울산/엠지엘
240125090005089,ULS,USED,2025-09-18,2025-10-15,,울산/엠지엘
240125090005090,ULS,USED,2025-09-18,2025-10-15,,울산/엠지엘
240125090005091,ULS,USED,2025-09-18,2025-11-24,,울산/엠지엘
240125090005098,ULS,USED,2025-09-18,2025-11-24,,울산/엠지엘
240125090005041,ULS,USED,2025-09-18,2025-11-21,,울산/엠지엘
240125090005051,ULS,USED,2025-09-18,2025-11-25,,울산/엠지엘
240125090005057,ULS,USED,2025-09-18,2025-12-01,,울산/엠지엘
240125090005104,ULS,USED,2025-09-18,2025-11-27,,울산/엠지엘
240125090005105,ULS,USED,2025-09-18,2025-11-27,,울산/엠지엘
240125090005106,ULS,USED,2025-09-18,2025-11-27,,울산/엠지엘
240125090005110,ULS,USED,2025-09-18,2025-11-27,,울산/엠지엘
240125090005113,ULS,USED,2025-09-18,2025-11-30,,울산/엠지엘
240125090005115,ULS,USED,2025-09-18,2025-11-27,,울산/엠지엘
240125090005120,ULS,USED,2025-09-18,2025-11-11,,울산/엠지엘
240125090005121,ULS,USED,2025-09-18,2025-11-18,,울산/엠지엘
240125090005126,ULS,USED,2025-09-18,2025-11-21,,울산/엠지엘
240125090005129,ULS,USED,2025-09-18,2025-11-26,,울산/엠지엘
240125090005058,ULS,USED,2025-09-18,2025-12-01,,울산/엠지엘
240125090005060,ULS,USED,2025-09-18,2025-12-01,,울산/엠지엘
240125090005130,ULS,USED,2025-09-18,2025-12-01,,울산/엠지엘
240125090005139,ULS,USED,2025-09-18,2025-09-29,,울산/엠지엘
240125090005140,ULS,USED,2025-09-18,2025-09-30,,울산/엠지엘
240125090005148,ULS,USED,2025-09-18,2025-11-20,,울산/엠지엘
240125090005149,ULS,USED,2025-09-18,2025-10-13,,울산/엠지엘
240125090005040,ULS,USED,2025-09-18,2025-10-02,,울산/엠지엘
240125090005005,ULS,USED,2025-09-18,2025-10-13,,울산/엠지엘
240125090005137,ULS,USED,2025-09-18,2025-09-10,,울산/엠지엘
240125090005163,ULS,USED,2025-09-18,2025-12-01,,울산/엠지엘
240125090005167,ULS,USED,2025-09-18,2025-11-27,,울산/엠지엘
240125090005064,ULS,USED,2025-09-18,2025-11-27,,울산/엠지엘
240125090005066,ULS,USED,2025-09-18,2025-11-27,,울산/엠지엘
240125090005114,ULS,USED,2025-09-18,2025-11-30,,울산/엠지엘
240125090005118,ULS,USED,2025-09-18,2025-11-21,,울산/엠지엘
240125090005136,ULS,USED,2025-09-18,2025-09-30,,울산/엠지엘
240125090005145,ULS,USED,2025-09-18,2025-11-20,,울산/엠지엘
240125090005146,ULS,USED,2025-09-18,2025-11-10,,울산/엠지엘
240125090005107,ULS,USED,2025-09-18,2025-11-27,,울산/엠지엘
240125090005039,ULS,USED,2025-09-18,2025-10-02,,울산/엠지엘
240125090005151,ULS,USED,2025-09-18,2025-09-30,,울산/엠지엘
240125090005009,ULS,USED,2025-09-18,2025-10-13,,울산/엠지엘
240125090005171,ULS,USED,2025-09-18,2025-10-15,,울산/엠지엘
240125090005111,ULS,USED,2025-09-18,2025-12-04,,울산/엠지엘
240125090005036,ULS,USED,2025-09-18,2025-10-01,,울산/엠지엘
240125090005037,ULS,USED,2025-09-18,2025-10-02,,울산/엠지엘
240125090026034,ULS,USED,2025-10-04,2025-11-03,,울산/엠지엘
240125090026037,ULS,USED,2025-10-04,2025-11-07,,울산/엠지엘
240125090026086,ULS,USED,2025-10-04,2025-11-11,,울산/엠지엘
240125090026088,ULS,USED,2025-10-04,2025-11-11,,울산/엠지엘
240125090026089,ULS,USED,2025-10-04,2025-11-11,,울산/엠지엘
240125090026094,ULS,USED,2025-10-04,2025-11-03,,울산/엠지엘
240125090026098,ULS,USED,2025-10-04,2025-11-15,,울산/엠지엘
240125090026100,ULS,USED,2025-10-04,2025-11-15,,울산/엠지엘
240125090026101,ULS,USED,2025-10-04,2025-11-17,,울산/엠지엘
240125090026118,ULS,USED,2025-10-04,2025-11-12,,울산/엠지엘
240125090005052,ULS,USED,2025-09-18,2025-11-21,,울산/엠지엘
240125090005069,ULS,USED,2025-09-18,2025-11-26,,울산/엠지엘
240125090005071,ULS,USED,2025-09-18,2025-10-02,,울산/엠지엘
240125090005073,ULS,USED,2025-09-18,2025-10-01,,울산/엠지엘
240125090005079,ULS,USED,2025-09-18,2025-10-01,,울산/엠지엘
240125090005080,ULS,USED,2025-09-18,2025-10-01,,울산/엠지엘
240125090005082,ULS,USED,2025-09-18,2025-10-21,,울산/엠지엘
240125090005081,ULS,USED,2025-09-18,2025-10-21,,울산/엠지엘
240125090005123,ULS,USED,2025-09-18,2025-11-18,,울산/엠지엘
240125090005094,ULS,USED,2025-09-18,2025-11-24,,울산/엠지엘
240125090005135,ULS,USED,2025-09-18,2025-10-14,,울산/엠지엘
240125090005154,ULS,USED,2025-09-18,2025-09-30,,울산/엠지엘
240125090005063,ULS,USED,2025-09-18,2025-11-27,,울산/엠지엘
240125090005152,ULS,USED,2025-09-18,2025-09-30,,울산/엠지엘
240125090005008,ULS,USED,2025-09-18,2025-10-13,,울산/엠지엘
240125090005021,ULS,USED,2025-09-18,2025-12-05,,울산/엠지엘
240125090005175,ULS,USED,2025-09-18,2025-11-11,,울산/엠지엘
240125090005124,ULS,USED,2025-09-18,2025-11-19,,울산/엠지엘
240125090005025,ULS,USED,2025-09-18,2025-12-04,,울산/엠지엘
240125090005006,ULS,USED,2025-09-18,2025-10-13,,울산/엠지엘
240125090005014,ULS,USED,2025-09-18,2025-11-25,,울산/엠지엘
240125090005032,ULS,USED,2025-09-18,2025-10-15,,울산/엠지엘
240125090005072,ULS,USED,2025-09-18,2025-10-02,,울산/엠지엘
240125090005075,ULS,USED,2025-09-18,2025-10-01,,울산/엠지엘
240125090005078,ULS,USED,2025-09-18,2025-10-01,,울산/엠지엘
240125090005088,ULS,USED,2025-09-18,2025-10-15,,울산/엠지엘
240125090005095,ULS,USED,2025-09-18,2025-11-24,,울산/엠지엘
240125090005099,ULS,USED,2025-09-18,2025-11-24,,울산/엠지엘
240125090005116,ULS,USED,2025-09-18,2025-11-27,,울산/엠지엘
240125090005119,ULS,USED,2025-09-18,2025-11-21,,울산/엠지엘
240125090005161,ULS,USED,2025-09-18,2025-11-24,,울산/엠지엘
240125090005165,ULS,USED,2025-09-18,2025-10-01,,울산/엠지엘
240125090005166,ULS,USED,2025-09-18,2025-11-27,,울산/엠지엘
240125090005153,ULS,USED,2025-09-18,2025-09-29,,울산/엠지엘
240125090005156,ULS,USED,2025-09-18,2025-10-14,,울산/엠지엘
240125090005007,ULS,USED,2025-09-18,2025-10-13,,울산/엠지엘
240125090005019,ULS,USED,2025-09-18,2025-11-24,,울산/엠지엘
240125090005029,ULS,USED,2025-09-18,2025-12-05,,울산/엠지엘
240125090005031,ULS,USED,2025-09-18,2025-10-15,,울산/엠지엘
240125090005033,ULS,USED,2025-09-18,2025-10-14,,울산/엠지엘
240125090005050,ULS,USED,2025-09-18,2025-11-21,,울산/엠지엘
240125090005054,ULS,USED,2025-09-18,2025-11-21,,울산/엠지엘
240125090005141,ULS,USED,2025-09-18,2025-11-18,,울산/엠지엘
240125090005142,ULS,USED,2025-09-18,2025-11-18,,울산/엠지엘
240125090005158,ULS,USED,2025-09-18,2025-10-02,,울산/엠지엘
240125090005086,ULS,USED,2025-09-18,2025-10-15,,울산/엠지엘
240125090005096,ULS,USED,2025-09-18,2025-11-24,,울산/엠지엘
240125090005101,ULS,USED,2025-09-18,2025-11-27,,울산/엠지엘
240125090005128,ULS,USED,2025-09-18,2025-11-26,,울산/엠지엘
240125090005132,ULS,USED,2025-09-18,2025-10-14,,울산/엠지엘
240125090005143,ULS,USED,2025-09-18,2025-11-19,,울산/엠지엘
240125090005147,ULS,USED,2025-09-18,2025-11-24,,울산/엠지엘
240125090005172,ULS,USED,2025-09-18,2025-12-07,,울산/엠지엘
240125090005173,ULS,USED,2025-09-18,2025-12-07,,울산/엠지엘
240125090005001,ULS,USED,2025-09-18,2025-10-14,,울산/엠지엘
240125090005028,ULS,USED,2025-09-18,2025-12-07,,울산/엠지엘
240125090005150,ULS,USED,2025-09-18,2025-10-13,,울산/엠지엘
240125090005157,ULS,USED,2025-09-18,2025-11-13,,울산/엠지엘
240125090005160,ULS,USED,2025-09-18,2025-10-02,,울산/엠지엘
240125090005162,ULS,USED,2025-09-18,2025-11-24,,울산/엠지엘
240125090005168,ULS,USED,2025-09-18,2025-10-15,,울산/엠지엘
240125090005010,ULS,USED,2025-09-18,2025-10-13,,울산/엠지엘
240125090005013,ULS,USED,2025-09-18,2025-11-27,,울산/엠지엘
240125090005018,ULS,USED,2025-09-18,2025-11-25,,울산/엠지엘
240125080046103,ULS,USED,2025-09-10,2025-09-17,,울산/엠지엘
240125080046153,ULS,USED,2025-09-10,2025-09-12,,울산/엠지엘
240125080046154,ULS,USED,2025-09-10,2025-09-10,,울산/엠지엘
240125080046158,ULS,USED,2025-09-10,2025-09-12,,울산/엠지엘
240125080046162,ULS,USED,2025-09-10,2025-09-30,,울산/엠지엘
240125080046163,ULS,USED,2025-09-10,2025-09-16,,울산/엠지엘
240125080046165,ULS,USED,2025-09-10,2025-09-12,,울산/엠지엘
240125090005159,ULS,USED,2025-09-18,2025-11-01,,울산/엠지엘
240125090005169,ULS,USED,2025-09-18,2025-10-02,,울산/엠지엘
240125090005011,ULS,USED,2025-09-18,2025-11-24,,울산/엠지엘
240125090005023,ULS,USED,2025-09-18,2025-12-04,,울산/엠지엘
240125090005053,ULS,USED,2025-09-18,2025-11-21,,울산/엠지엘
240125090005061,ULS,USED,2025-09-18,2025-11-27,,울산/엠지엘
240125090005097,ULS,USED,2025-09-18,2025-11-24,,울산/엠지엘
240125090005100,ULS,USED,2025-09-18,2025-11-24,,울산/엠지엘
240125090005108,ULS,USED,2025-09-18,2025-11-27,,울산/엠지엘
240125090005122,ULS,USED,2025-09-18,2025-09-30,,울산/엠지엘
240125090005125,ULS,USED,2025-09-18,2025-11-20,,울산/엠지엘
240125090005127,ULS,USED,2025-09-18,2025-11-21,,울산/엠지엘
240125090005134,ULS,USED,2025-09-18,2025-09-30,,울산/엠지엘
240125090005034,ULS,USED,2025-09-18,2025-10-14,,울산/엠지엘
240125090005038,ULS,USED,2025-09-18,2025-10-01,,울산/엠지엘
240125090005056,ULS,USED,2025-09-18,2025-12-01,,울산/엠지엘
240125090005070,ULS,USED,2025-09-18,2025-11-26,,울산/엠지엘
240125090005067,ULS,USED,2025-09-18,2025-11-27,,울산/엠지엘
240125090005084,ULS,USED,2025-09-18,2025-10-21,,울산/엠지엘
240125090005085,ULS,USED,2025-09-18,2025-10-15,,울산/엠지엘
240125090005093,ULS,USED,2025-09-18,2025-11-24,,울산/엠지엘
240125090005109,ULS,USED,2025-09-18,2025-11-27,,울산/엠지엘
240125090005117,ULS,USED,2025-09-18,2025-11-21,,울산/엠지엘
240125090005131,ULS,USED,2025-09-18,2025-09-30,,울산/엠지엘
240125090005155,ULS,USED,2025-09-18,2025-10-10,,울산/엠지엘
240125090005174,ULS,USED,2025-09-18,2025-11-11,,울산/엠지엘
240125090005030,ULS,USED,2025-09-18,2025-12-07,,울산/엠지엘
240125090005044,ULS,USED,2025-09-18,2025-11-21,,울산/엠지엘
240125090005046,ULS,USED,2025-09-18,2025-12-03,,울산/엠지엘
240125090005055,ULS,USED,2025-09-18,2025-12-01,,울산/엠지엘
240125090005059,ULS,USED,2025-09-18,2025-12-01,,울산/엠지엘
240125090005076,ULS,USED,2025-09-18,2025-10-01,,울산/엠지엘
240125090005102,ULS,USED,2025-09-18,2025-11-27,,울산/엠지엘
240125090005103,ULS,USED,2025-09-18,2025-11-27,,울산/엠지엘
240125090005138,ULS,USED,2025-09-18,2025-09-10,,울산/엠지엘
240125090005144,ULS,USED,2025-09-18,2025-11-18,,울산/엠지엘
240125090005083,ULS,USED,2025-09-18,2025-10-21,,울산/엠지엘
240125090005092,ULS,USED,2025-09-18,2025-11-24,,울산/엠지엘
240125090005002,ULS,USED,2025-09-18,2025-11-01,,울산/엠지엘
240125090005003,ULS,USED,2025-09-18,2025-10-13,,울산/엠지엘
240125090005016,ULS,USED,2025-09-18,2025-11-25,,울산/엠지엘
240125090005022,ULS,USED,2025-09-18,2025-12-04,,울산/엠지엘
240125090005024,ULS,USED,2025-09-18,2025-12-04,,울산/엠지엘
240125090005026,ULS,USED,2025-09-18,2025-12-04,,울산/엠지엘
240125090005027,ULS,USED,2025-09-18,2025-12-05,,울산/엠지엘
240125090005133,ULS,USED,2025-09-18,2025-10-02,,울산/엠지엘
240125090005112,ULS,USED,2025-09-18,2025-11-27,,울산/엠지엘
240125090005015,ULS,USED,2025-09-18,2025-11-25,,울산/엠지엘
240125090005045,ULS,USED,2025-09-18,2025-12-03,,울산/엠지엘
240125090005164,ULS,USED,2025-09-18,2025-10-01,,울산/엠지엘
240125090005170,ULS,USED,2025-09-18,2025-10-02,,울산/엠지엘
240125090005012,ULS,USED,2025-09-18,2025-11-12,,울산/엠지엘
240125090005017,ULS,USED,2025-09-18,2025-11-25,,울산/엠지엘
240125090005035,ULS,USED,2025-09-18,2025-10-01,,울산/엠지엘
240125090005043,ULS,USED,2025-09-18,2025-11-21,,울산/엠지엘
240125090005049,ULS,USED,2025-09-18,2025-11-21,,울산/엠지엘
240125090005004,ULS,USED,2025-09-18,2025-10-13,,울산/엠지엘
240125080046116,ULS,USED,2025-09-10,2025-09-26,,울산/엠지엘
240125080046118,ULS,USED,2025-09-10,2025-09-26,,울산/엠지엘
240125080046121,ULS,USED,2025-09-10,2025-09-12,,울산/엠지엘
240125080046126,ULS,USED,2025-09-10,2025-09-23,,울산/엠지엘
240125080046128,ULS,USED,2025-09-10,2025-09-23,,울산/엠지엘
240125080046129,ULS,USED,2025-09-10,2025-09-25,,울산/엠지엘
240125080046135,ULS,USED,2025-09-10,2025-09-16,,울산/엠지엘
240125080046136,ULS,USED,2025-09-10,2025-09-17,,울산/엠지엘
240125080046138,ULS,USED,2025-09-10,2025-09-19,,울산/엠지엘
240125080046094,ULS,USED,2025-09-10,2025-09-25,,울산/엠지엘
240125080046101,ULS,USED,2025-09-10,2025-09-19,,울산/엠지엘
240125080046104,ULS,USED,2025-09-10,2025-09-18,,울산/엠지엘
240125080046106,ULS,USED,2025-09-10,2025-09-18,,울산/엠지엘
240125080046109,ULS,USED,2025-09-10,2025-09-18,,울산/엠지엘
240125080046110,ULS,USED,2025-09-10,2025-09-19,,울산/엠지엘
240125080046111,ULS,USED,2025-09-10,2025-09-26,,울산/엠지엘
240125080046113,ULS,USED,2025-09-10,2025-09-26,,울산/엠지엘
240125080046117,ULS,USED,2025-09-10,2025-09-26,,울산/엠지엘
240125080046130,ULS,USED,2025-09-10,2025-09-25,,울산/엠지엘
240125080046133,ULS,USED,2025-09-10,2025-09-23,,울산/엠지엘
240125080046134,ULS,USED,2025-09-10,2025-09-16,,울산/엠지엘
240125080046137,ULS,USED,2025-09-10,2025-09-19,,울산/엠지엘
240125080046139,ULS,USED,2025-09-10,2025-09-19,,울산/엠지엘
240125080046140,ULS,USED,2025-09-10,2025-09-17,,울산/엠지엘
240125080046144,ULS,USED,2025-09-10,2025-09-25,,울산/엠지엘
240125080046155,ULS,USED,2025-09-10,2025-09-17,,울산/엠지엘
240125080046156,ULS,USED,2025-09-10,2025-09-17,,울산/엠지엘
240125080046160,ULS,USED,2025-09-10,2025-09-17,,울산/엠지엘
240125080046119,ULS,USED,2025-09-10,2025-09-26,,울산/엠지엘
240125080046142,ULS,USED,2025-09-10,2025-09-22,,울산/엠지엘
240125080046143,ULS,USED,2025-09-10,2025-09-25,,울산/엠지엘
240125080046145,ULS,USED,2025-09-10,2025-09-26,,울산/엠지엘
240125080046147,ULS,USED,2025-09-10,2025-09-28,,울산/엠지엘
240125080046148,ULS,USED,2025-09-10,2025-09-28,,울산/엠지엘
240125080046149,ULS,USED,2025-09-10,2025-09-15,,울산/엠지엘
240125080046112,ULS,USED,2025-09-10,2025-09-25,,울산/엠지엘
240125080046125,ULS,USED,2025-09-10,2025-09-23,,울산/엠지엘
240125080046131,ULS,USED,2025-09-10,2025-09-16,,울산/엠지엘
240125080046123,ULS,USED,2025-09-10,2025-09-15,,울산/엠지엘
240125080046124,ULS,USED,2025-09-10,2025-09-19,,울산/엠지엘
240125080046127,ULS,USED,2025-09-10,2025-09-23,,울산/엠지엘
240125080046141,ULS,USED,2025-09-10,2025-09-19,,울산/엠지엘
240125080046168,ULS,USED,2025-09-10,2025-09-30,,울산/엠지엘
240125080046122,ULS,USED,2025-09-10,2025-09-19,,울산/엠지엘
240125080046132,ULS,USED,2025-09-10,2025-09-19,,울산/엠지엘
240125080046146,ULS,USED,2025-09-10,2025-09-24,,울산/엠지엘
240125080046150,ULS,USED,2025-09-10,2025-09-17,,울산/엠지엘
240125080046151,ULS,USED,2025-09-10,2025-10-02,,울산/엠지엘
240125080046161,ULS,USED,2025-09-10,2025-09-12,,울산/엠지엘
240125080046164,ULS,USED,2025-09-10,2025-09-17,,울산/엠지엘
240125080046157,ULS,USED,2025-09-10,2025-09-17,,울산/엠지엘
240125080046159,ULS,USED,2025-09-10,2025-09-17,,울산/엠지엘
240125080046166,ULS,USED,2025-09-10,2025-09-12,,울산/엠지엘
240125080046167,ULS,USED,2025-09-10,2025-10-02,,울산/엠지엘
240125080046108,ULS,USED,2025-09-10,2025-09-18,,울산/엠지엘
240125080046092,ULS,USED,2025-09-10,2025-09-28,,울산/엠지엘
240125080046097,ULS,USED,2025-09-10,2025-09-25,,울산/엠지엘
240125080046102,ULS,USED,2025-09-10,2025-09-17,,울산/엠지엘
240125080046120,ULS,USED,2025-09-10,2025-09-26,,울산/엠지엘
240125080046169,ULS,USED,2025-09-10,2025-10-02,,울산/엠지엘
240125080046170,ULS,USED,2025-09-10,2025-09-30,,울산/엠지엘
240125080046096,ULS,USED,2025-09-10,2025-09-25,,울산/엠지엘
240125080046099,ULS,USED,2025-09-10,2025-09-25,,울산/엠지엘
240125080046100,ULS,USED,2025-09-10,2025-09-25,,울산/엠지엘
240125080046006,ULS,USED,2025-09-10,2025-09-23,,울산/엠지엘
240125080046076,ULS,USED,2025-09-10,2025-09-25,,울산/엠지엘
240125080046078,ULS,USED,2025-09-10,2025-09-25,,울산/엠지엘
240125080046057,ULS,USED,2025-09-10,2025-09-22,,울산/엠지엘
240125080046061,ULS,USED,2025-09-10,2025-09-22,,울산/엠지엘
240125080046071,ULS,USED,2025-09-10,2025-09-25,,울산/엠지엘
240125080046087,ULS,USED,2025-09-10,2025-09-26,,울산/엠지엘
240125080046052,ULS,USED,2025-09-10,2025-09-23,,울산/엠지엘
240125080046016,ULS,USED,2025-09-10,2025-09-12,,울산/엠지엘
240125080046036,ULS,USED,2025-09-10,2025-09-19,,울산/엠지엘
240125080046079,ULS,USED,2025-09-10,2025-09-25,,울산/엠지엘
240125080046083,ULS,USED,2025-09-10,2025-09-26,,울산/엠지엘
240125080046084,ULS,USED,2025-09-10,2025-09-26,,울산/엠지엘
240125080046005,ULS,USED,2025-09-10,2025-09-17,,울산/엠지엘
240125080046065,ULS,USED,2025-09-10,2025-09-22,,울산/엠지엘
240125080046073,ULS,USED,2025-09-10,2025-09-25,,울산/엠지엘
240125080046012,ULS,USED,2025-09-10,2025-09-12,,울산/엠지엘
240125080046015,ULS,USED,2025-09-10,2025-09-12,,울산/엠지엘
240125080046060,ULS,USED,2025-09-10,2025-09-23,,울산/엠지엘
240125080046007,ULS,USED,2025-09-10,2025-09-19,,울산/엠지엘
240125080046028,ULS,USED,2025-09-10,2025-09-10,,울산/엠지엘
240125080046034,ULS,USED,2025-09-10,2025-09-17,,울산/엠지엘
240125080046037,ULS,USED,2025-09-10,2025-09-23,,울산/엠지엘
240125080046064,ULS,USED,2025-09-10,2025-09-22,,울산/엠지엘
240125080046074,ULS,USED,2025-09-10,2025-09-25,,울산/엠지엘
240125080046047,ULS,USED,2025-09-10,2025-09-23,,울산/엠지엘
240125080046070,ULS,USED,2025-09-10,2025-09-22,,울산/엠지엘
240125080046030,ULS,USED,2025-09-10,2025-09-12,,울산/엠지엘
240125080046038,ULS,USED,2025-09-10,2025-09-19,,울산/엠지엘
240125080046002,ULS,USED,2025-09-10,2025-09-19,,울산/엠지엘
240125080046004,ULS,USED,2025-09-10,2025-09-19,,울산/엠지엘
240125080046010,ULS,USED,2025-09-10,2025-09-17,,울산/엠지엘
240125080046041,ULS,USED,2025-09-10,2025-09-17,,울산/엠지엘
240125080046043,ULS,USED,2025-09-10,2025-09-17,,울산/엠지엘
240125080046062,ULS,USED,2025-09-10,2025-09-22,,울산/엠지엘
240125080046045,ULS,USED,2025-09-10,2025-09-17,,울산/엠지엘
240125080046048,ULS,USED,2025-09-10,2025-09-17,,울산/엠지엘
240125080046049,ULS,USED,2025-09-10,2025-09-22,,울산/엠지엘
240125080046020,ULS,USED,2025-09-10,2025-09-16,,울산/엠지엘
240125080046029,ULS,USED,2025-09-10,2025-09-12,,울산/엠지엘
240125080046042,ULS,USED,2025-09-10,2025-09-17,,울산/엠지엘
240125080046046,ULS,USED,2025-09-10,2025-09-17,,울산/엠지엘
240125080046051,ULS,USED,2025-09-10,2025-09-23,,울산/엠지엘
240125080046054,ULS,USED,2025-09-10,2025-09-23,,울산/엠지엘
240125080046086,ULS,USED,2025-09-10,2025-09-28,,울산/엠지엘
240125080046063,ULS,USED,2025-09-10,2025-09-22,,울산/엠지엘
240125080046039,ULS,USED,2025-09-10,2025-09-19,,울산/엠지엘
240125080046044,ULS,USED,2025-09-10,2025-09-17,,울산/엠지엘
240125080046023,ULS,USED,2025-09-10,2025-09-15,,울산/엠지엘
240125080046011,ULS,USED,2025-09-10,2025-09-12,,울산/엠지엘
240125080046017,ULS,USED,2025-09-10,2025-09-12,,울산/엠지엘
240125080046018,ULS,USED,2025-09-10,2025-09-12,,울산/엠지엘
240125080046085,ULS,USED,2025-09-10,2025-09-28,,울산/엠지엘
240125080046021,ULS,USED,2025-09-10,2025-09-12,,울산/엠지엘
240125080046077,ULS,USED,2025-09-10,2025-09-25,,울산/엠지엘
240125080046080,ULS,USED,2025-09-10,2025-09-25,,울산/엠지엘
240125080046107,ULS,USED,2025-09-10,2025-09-18,,울산/엠지엘
240125080046091,ULS,USED,2025-09-10,2025-09-28,,울산/엠지엘
240125080046093,ULS,USED,2025-09-10,2025-09-25,,울산/엠지엘
240125080046095,ULS,USED,2025-09-10,2025-09-25,,울산/엠지엘
240125080046098,ULS,USED,2025-09-10,2025-09-25,,울산/엠지엘
240125080046105,ULS,USED,2025-09-10,2025-09-18,,울산/엠지엘
240125080046114,ULS,USED,2025-09-10,2025-09-26,,울산/엠지엘
240125080046115,ULS,USED,2025-09-10,2025-09-26,,울산/엠지엘
240125080002021,ULS,USED,2025-08-13,2025-08-25,,울산/엠지엘
240125080002023,ULS,USED,2025-08-13,2025-08-25,,울산/엠지엘
240125080002025,ULS,USED,2025-08-13,2025-08-25,,울산/엠지엘
240125080002038,ULS,USED,2025-08-13,2025-08-27,,울산/엠지엘
240125080002041,ULS,USED,2025-08-13,2025-08-28,,울산/엠지엘
240125080002100,ULS,USED,2025-08-13,2025-09-08,,울산/엠지엘
240125080002101,ULS,USED,2025-08-13,2025-08-22,,울산/엠지엘
240125080002106,ULS,USED,2025-08-13,2025-08-13,,울산/엠지엘
240125080002108,ULS,USED,2025-08-13,2025-08-22,,울산/엠지엘
240125080002077,ULS,USED,2025-08-13,2025-08-27,,울산/엠지엘
240125080002007,ULS,USED,2025-08-13,2025-08-22,,울산/엠지엘
240125080002011,ULS,USED,2025-08-13,2025-09-01,,울산/엠지엘
240125080002040,ULS,USED,2025-08-13,2025-08-27,,울산/엠지엘
240125080002045,ULS,USED,2025-08-13,2025-08-27,,울산/엠지엘
240125080002048,ULS,USED,2025-08-13,2025-08-27,,울산/엠지엘
240125080002050,ULS,USED,2025-08-13,2025-08-27,,울산/엠지엘
240125080002125,ULS,USED,2025-08-13,2025-08-25,,울산/엠지엘
240125080002083,ULS,USED,2025-08-13,2025-09-05,,울산/엠지엘
240125080002054,ULS,USED,2025-08-13,2025-08-26,,울산/엠지엘
240125080002055,ULS,USED,2025-08-13,2025-08-26,,울산/엠지엘
240125080002084,ULS,USED,2025-08-13,2025-09-05,,울산/엠지엘
240125080002085,ULS,USED,2025-08-13,2025-09-05,,울산/엠지엘
240125080002097,ULS,USED,2025-08-13,2025-09-08,,울산/엠지엘
240125080002105,ULS,USED,2025-08-13,2025-08-22,,울산/엠지엘
240125080002107,ULS,USED,2025-08-13,2025-08-21,,울산/엠지엘
240125080002130,ULS,USED,2025-08-13,2025-08-28,,울산/엠지엘
240125080002002,ULS,USED,2025-08-13,2025-08-22,,울산/엠지엘
240125080002010,ULS,USED,2025-08-13,2025-08-22,,울산/엠지엘
240125080002049,ULS,USED,2025-08-13,2025-08-28,,울산/엠지엘
240125080002122,ULS,USED,2025-08-13,2025-09-11,,울산/엠지엘
240125080002047,ULS,USED,2025-08-13,2025-08-27,,울산/엠지엘
240125080046001,ULS,USED,2025-09-10,2025-09-17,,울산/엠지엘
240125080046067,ULS,USED,2025-09-10,2025-09-22,,울산/엠지엘
240125080046069,ULS,USED,2025-09-10,2025-09-22,,울산/엠지엘
240125080046050,ULS,USED,2025-09-10,2025-09-23,,울산/엠지엘
240125080046053,ULS,USED,2025-09-10,2025-09-22,,울산/엠지엘
240125080046082,ULS,USED,2025-09-10,2025-09-26,,울산/엠지엘
240125080046081,ULS,USED,2025-09-10,2025-09-10,,울산/엠지엘
240125080046009,ULS,USED,2025-09-10,2025-09-23,,울산/엠지엘
240125080046013,ULS,USED,2025-09-10,2025-09-12,,울산/엠지엘
240125080046035,ULS,USED,2025-09-10,2025-09-17,,울산/엠지엘
240125080046003,ULS,USED,2025-09-10,2025-09-23,,울산/엠지엘
240125080046040,ULS,USED,2025-09-10,2025-09-19,,울산/엠지엘
240125080046058,ULS,USED,2025-09-10,2025-09-22,,울산/엠지엘
240125080046059,ULS,USED,2025-09-10,2025-09-23,,울산/엠지엘
240125080046026,ULS,USED,2025-09-10,2025-09-17,,울산/엠지엘
240125080046022,ULS,USED,2025-09-10,2025-09-12,,울산/엠지엘
240125080046027,ULS,USED,2025-09-10,2025-09-12,,울산/엠지엘
240125080046033,ULS,USED,2025-09-10,2025-09-19,,울산/엠지엘
240125080046014,ULS,USED,2025-09-10,2025-09-12,,울산/엠지엘
240125080046019,ULS,USED,2025-09-10,2025-09-16,,울산/엠지엘
240125080046024,ULS,USED,2025-09-10,2025-09-12,,울산/엠지엘
240125080046025,ULS,USED,2025-09-10,2025-09-17,,울산/엠지엘
240125080046055,ULS,USED,2025-09-10,2025-09-23,,울산/엠지엘
240125080046056,ULS,USED,2025-09-10,2025-09-23,,울산/엠지엘
240125080046072,ULS,USED,2025-09-10,2025-09-24,,울산/엠지엘
240125080046075,ULS,USED,2025-09-10,2025-09-25,,울산/엠지엘
240125080046066,ULS,USED,2025-09-10,2025-09-19,,울산/엠지엘
240125080046068,ULS,USED,2025-09-10,2025-09-22,,울산/엠지엘
240125080046088,ULS,USED,2025-09-10,2025-09-28,,울산/엠지엘
240125080046089,ULS,USED,2025-09-10,2025-09-26,,울산/엠지엘
240125080046090,ULS,USED,2025-09-10,2025-09-26,,울산/엠지엘
240125080046008,ULS,USED,2025-09-10,2025-09-17,,울산/엠지엘
240125080046031,ULS,USED,2025-09-10,2025-09-19,,울산/엠지엘
240125080002144,ULS,USED,2025-08-13,2025-08-22,,울산/엠지엘
240125080002147,ULS,USED,2025-08-13,2025-09-11,,울산/엠지엘
240125080002165,ULS,USED,2025-08-13,2025-09-02,,울산/엠지엘
240125080002173,ULS,USED,2025-08-13,2025-09-01,,울산/엠지엘
240125080002121,ULS,USED,2025-08-13,2025-09-11,,울산/엠지엘
240125080002013,ULS,USED,2025-08-13,2025-09-01,,울산/엠지엘
240125080002042,ULS,USED,2025-08-13,2025-08-27,,울산/엠지엘
240125080002043,ULS,USED,2025-08-13,2025-08-28,,울산/엠지엘
240125080002128,ULS,USED,2025-08-13,2025-08-27,,울산/엠지엘
240125080002119,ULS,USED,2025-08-13,2025-08-27,,울산/엠지엘
240125080002126,ULS,USED,2025-08-13,2025-08-25,,울산/엠지엘
240125080002133,ULS,USED,2025-08-13,2025-08-27,,울산/엠지엘
240125080002146,ULS,USED,2025-08-13,2025-09-11,,울산/엠지엘
240125080002030,ULS,USED,2025-08-13,2025-08-25,,울산/엠지엘
240125080002092,ULS,USED,2025-08-13,2025-09-08,,울산/엠지엘
240125080002057,ULS,USED,2025-08-13,2025-08-26,,울산/엠지엘
240125080002058,ULS,USED,2025-08-13,2025-08-26,,울산/엠지엘
240125080002066,ULS,USED,2025-08-13,2025-08-29,,울산/엠지엘
240125080002102,ULS,USED,2025-08-13,2025-08-21,,울산/엠지엘
240125080002113,ULS,USED,2025-08-13,2025-08-27,,울산/엠지엘
240125080002082,ULS,USED,2025-08-13,2025-09-08,,울산/엠지엘
240125080002087,ULS,USED,2025-08-13,2025-09-05,,울산/엠지엘
240125080002088,ULS,USED,2025-08-13,2025-09-05,,울산/엠지엘
240125080002099,ULS,USED,2025-08-13,2025-09-08,,울산/엠지엘
240125080002149,ULS,USED,2025-08-13,2025-09-11,,울산/엠지엘
240125080002151,ULS,USED,2025-08-13,2025-08-22,,울산/엠지엘
240125080002164,ULS,USED,2025-08-13,2025-09-02,,울산/엠지엘
240125080002171,ULS,USED,2025-08-13,2025-09-01,,울산/엠지엘
240125080002008,ULS,USED,2025-08-13,2025-08-22,,울산/엠지엘
240125080002009,ULS,USED,2025-08-13,2025-08-22,,울산/엠지엘
240125080002060,ULS,USED,2025-08-13,2025-08-25,,울산/엠지엘
240125080002061,ULS,USED,2025-08-13,2025-08-29,,울산/엠지엘
240125080002064,ULS,USED,2025-08-13,2025-08-29,,울산/엠지엘
240125080002005,ULS,USED,2025-08-13,2025-08-22,,울산/엠지엘
240125080002026,ULS,USED,2025-08-13,2025-08-25,,울산/엠지엘
240125080002027,ULS,USED,2025-08-13,2025-08-13,,울산/엠지엘
240125080002029,ULS,USED,2025-08-13,2025-08-26,,울산/엠지엘
240125080002032,ULS,USED,2025-08-13,2025-08-28,,울산/엠지엘
240125080002039,ULS,USED,2025-08-13,2025-08-27,,울산/엠지엘
240125080002076,ULS,USED,2025-08-13,2025-08-27,,울산/엠지엘
240125080002078,ULS,USED,2025-08-13,2025-08-27,,울산/엠지엘
240125080002034,ULS,USED,2025-08-13,2025-08-28,,울산/엠지엘
240125080002035,ULS,USED,2025-08-13,2025-08-27,,울산/엠지엘
240125080002044,ULS,USED,2025-08-13,2025-08-28,,울산/엠지엘
240125080002093,ULS,USED,2025-08-13,2025-09-08,,울산/엠지엘
240125080002096,ULS,USED,2025-08-13,2025-09-08,,울산/엠지엘
240125080002109,ULS,USED,2025-08-13,2025-08-22,,울산/엠지엘
240125080002111,ULS,USED,2025-08-13,2025-08-26,,울산/엠지엘
240125080002115,ULS,USED,2025-08-13,2025-08-27,,울산/엠지엘
240125080002116,ULS,USED,2025-08-13,2025-08-27,,울산/엠지엘
240125080002117,ULS,USED,2025-08-13,2025-08-13,,울산/엠지엘
240125080002134,ULS,USED,2025-08-13,2025-08-27,,울산/엠지엘
240125080002123,ULS,USED,2025-08-13,2025-08-27,,울산/엠지엘
240125080002124,ULS,USED,2025-08-13,2025-09-11,,울산/엠지엘
240125080002135,ULS,USED,2025-08-13,2025-08-29,,울산/엠지엘
240125080002137,ULS,USED,2025-08-13,2025-09-08,,울산/엠지엘
240125080002167,ULS,USED,2025-08-13,2025-09-03,,울산/엠지엘
240125080002142,ULS,USED,2025-08-13,2025-08-22,,울산/엠지엘
240125080002145,ULS,USED,2025-08-13,2025-09-09,,울산/엠지엘
240125080002168,ULS,USED,2025-08-13,2025-09-03,,울산/엠지엘
240125080002169,ULS,USED,2025-08-13,2025-09-05,,울산/엠지엘
240125080002170,ULS,USED,2025-08-13,2025-09-05,,울산/엠지엘
240125080002014,ULS,USED,2025-08-13,2025-09-01,,울산/엠지엘
240125080002015,ULS,USED,2025-08-13,2025-09-01,,울산/엠지엘
240125080002022,ULS,USED,2025-08-13,2025-09-04,,울산/엠지엘
240125080002033,ULS,USED,2025-08-13,2025-08-28,,울산/엠지엘
240125080002037,ULS,USED,2025-08-13,2025-08-27,,울산/엠지엘
240125080002020,ULS,USED,2025-08-13,2025-08-29,,울산/엠지엘
240125080002001,ULS,USED,2025-08-13,2025-08-22,,울산/엠지엘
240125080002062,ULS,USED,2025-08-13,2025-08-29,,울산/엠지엘
240125080002067,ULS,USED,2025-08-13,2025-08-18,,울산/엠지엘
240125080002073,ULS,USED,2025-08-13,2025-08-27,,울산/엠지엘
240125080002086,ULS,USED,2025-08-13,2025-09-05,,울산/엠지엘
240125080002138,ULS,USED,2025-08-13,2025-09-08,,울산/엠지엘
240125080002143,ULS,USED,2025-08-13,2025-08-22,,울산/엠지엘
240125080002150,ULS,USED,2025-08-13,2025-09-11,,울산/엠지엘
240125080002158,ULS,USED,2025-08-13,2025-08-29,,울산/엠지엘
240125080002159,ULS,USED,2025-08-13,2025-08-22,,울산/엠지엘
240125080002161,ULS,USED,2025-08-13,2025-08-22,,울산/엠지엘
240125080002166,ULS,USED,2025-08-13,2025-09-03,,울산/엠지엘
240125080002018,ULS,USED,2025-08-13,2025-08-29,,울산/엠지엘
240125080002036,ULS,USED,2025-08-13,2025-08-27,,울산/엠지엘
240125080002046,ULS,USED,2025-08-13,2025-08-27,,울산/엠지엘
240125080002080,ULS,USED,2025-08-13,2025-08-27,,울산/엠지엘
240125080002074,ULS,USED,2025-08-13,2025-08-27,,울산/엠지엘
240125080002081,ULS,USED,2025-08-13,2025-09-08,,울산/엠지엘
240125080002127,ULS,USED,2025-08-13,2025-08-27,,울산/엠지엘
240125080002129,ULS,USED,2025-08-13,2025-08-27,,울산/엠지엘
240125080002095,ULS,USED,2025-08-13,2025-09-08,,울산/엠지엘
240125080002136,ULS,USED,2025-08-13,2025-08-28,,울산/엠지엘
240125080002152,ULS,USED,2025-08-13,2025-09-09,,울산/엠지엘
240125080002153,ULS,USED,2025-08-13,2025-08-22,,울산/엠지엘
240125080002160,ULS,USED,2025-08-13,2025-08-22,,울산/엠지엘
240125080002091,ULS,USED,2025-08-13,2025-09-08,,울산/엠지엘
240125080002075,ULS,USED,2025-08-13,2025-08-27,,울산/엠지엘
240125080002068,ULS,USED,2025-08-13,2025-08-28,,울산/엠지엘
240125080002104,ULS,USED,2025-08-13,2025-08-22,,울산/엠지엘
240125080002110,ULS,USED,2025-08-13,2025-08-22,,울산/엠지엘
240125080002112,ULS,USED,2025-08-13,2025-08-26,,울산/엠지엘
240125080002103,ULS,USED,2025-08-13,2025-08-21,,울산/엠지엘
240125080002094,ULS,USED,2025-08-13,2025-09-08,,울산/엠지엘
240125080002098,ULS,USED,2025-08-13,2025-09-08,,울산/엠지엘
240125080002155,ULS,USED,2025-08-13,2025-08-22,,울산/엠지엘
240125080002163,ULS,USED,2025-08-13,2025-08-22,,울산/엠지엘
240125080002175,ULS,USED,2025-08-13,2025-09-04,,울산/엠지엘
240125080002070,ULS,USED,2025-08-13,2025-08-28,,울산/엠지엘
240125080002017,ULS,USED,2025-08-13,2025-08-29,,울산/엠지엘
240125080002031,ULS,USED,2025-08-13,2025-08-28,,울산/엠지엘
240125080002132,ULS,USED,2025-08-13,2025-09-09,,울산/엠지엘
240125080002051,ULS,USED,2025-08-13,2025-09-04,,울산/엠지엘
240125080002052,ULS,USED,2025-08-13,2025-08-26,,울산/엠지엘
240125080002140,ULS,USED,2025-08-13,2025-09-05,,울산/엠지엘
240125080002141,ULS,USED,2025-08-13,2025-08-22,,울산/엠지엘
240125080002139,ULS,USED,2025-08-13,2025-09-05,,울산/엠지엘
240125080002156,ULS,USED,2025-08-13,2025-08-29,,울산/엠지엘
240125080002162,ULS,USED,2025-08-13,2025-08-22,,울산/엠지엘
240125080002172,ULS,USED,2025-08-13,2025-09-05,,울산/엠지엘
240125080002174,ULS,USED,2025-08-13,2025-09-05,,울산/엠지엘
240125080002089,ULS,USED,2025-08-13,2025-09-05,,울산/엠지엘
240125080002148,ULS,USED,2025-08-13,2025-09-09,,울산/엠지엘
240125080002157,ULS,USED,2025-08-13,2025-08-26,,울산/엠지엘
240125080002056,ULS,USED,2025-08-13,2025-08-26,,울산/엠지엘
240125080002059,ULS,USED,2025-08-13,2025-08-25,,울산/엠지엘
240125080002065,ULS,USED,2025-08-13,2025-08-29,,울산/엠지엘
240125080002069,ULS,USED,2025-08-13,2025-08-28,,울산/엠지엘
240125080002071,ULS,USED,2025-08-13,2025-08-29,,울산/엠지엘
240125080002072,ULS,USED,2025-08-13,2025-08-29,,울산/엠지엘
240125080002090,ULS,USED,2025-08-13,2025-09-05,,울산/엠지엘
240125070048100,ULS,USED,2025-08-08,2025-08-12,,울산/엠지엘
240125070048145,ULS,USED,2025-08-08,2025-12-31,,울산/엠지엘
240125070048141,ULS,USED,2025-08-08,2025-09-09,,울산/엠지엘
240125070048147,ULS,USED,2025-08-08,2025-08-14,,울산/엠지엘
240125070048155,ULS,USED,2025-08-08,2025-12-31,,울산/엠지엘
240125070048135,ULS,USED,2025-08-08,2025-08-19,,울산/엠지엘
240125070048148,ULS,USED,2025-08-08,2025-08-14,,울산/엠지엘
240125070048174,ULS,USED,2025-08-08,2025-08-12,,울산/엠지엘
240125070048039,ULS,USED,2025-08-08,2025-10-30,,울산/엠지엘
240125070048007,ULS,USED,2025-08-08,2025-08-18,,울산/엠지엘
240125070048023,ULS,USED,2025-08-08,2025-09-10,,울산/엠지엘
240125070048026,ULS,USED,2025-08-08,2025-09-09,,울산/엠지엘
240125070048034,ULS,USED,2025-08-08,2025-09-09,,울산/엠지엘
240125070048040,ULS,USED,2025-08-08,2025-09-12,,울산/엠지엘
240125070048033,ULS,USED,2025-08-08,2025-09-09,,울산/엠지엘
240125070048001,ULS,USED,2025-08-08,2025-08-22,,울산/엠지엘
240125070048085,ULS,USED,2025-08-08,2025-08-14,,울산/엠지엘
240125070048042,ULS,USED,2025-08-08,2025-09-12,,울산/엠지엘
240125070048011,ULS,USED,2025-08-08,2025-09-11,,울산/엠지엘
240125070048127,ULS,USED,2025-08-08,2025-08-20,,울산/엠지엘
240125070048010,ULS,USED,2025-08-08,2025-08-18,,울산/엠지엘
240125070048162,ULS,USED,2025-08-08,2025-08-20,,울산/엠지엘
240125070048167,ULS,USED,2025-08-08,2025-08-11,,울산/엠지엘
240125070048169,ULS,USED,2025-08-08,2025-08-11,,울산/엠지엘
240125070048070,ULS,USED,2025-08-08,2025-09-14,,울산/엠지엘
240125070048170,ULS,USED,2025-08-08,2025-08-11,,울산/엠지엘
240125070048004,ULS,USED,2025-08-08,2025-08-22,,울산/엠지엘
240125070048122,ULS,USED,2025-08-08,2025-11-07,,울산/엠지엘
240125070048136,ULS,USED,2025-08-08,2025-08-15,,울산/엠지엘
240125070048114,ULS,USED,2025-08-08,2025-08-18,,울산/엠지엘
240125070048009,ULS,USED,2025-08-08,2025-08-15,,울산/엠지엘
240125070048012,ULS,USED,2025-08-08,2025-09-10,,울산/엠지엘
240125070048018,ULS,USED,2025-08-08,2025-09-11,,울산/엠지엘
240125070048083,ULS,USED,2025-08-08,2025-08-14,,울산/엠지엘
240125070048094,ULS,USED,2025-08-08,2025-08-14,,울산/엠지엘
240125070048014,ULS,USED,2025-08-08,2025-09-10,,울산/엠지엘
240125070048019,ULS,USED,2025-08-08,2025-09-10,,울산/엠지엘
240125070048028,ULS,USED,2025-08-08,2025-09-09,,울산/엠지엘
240125070048027,ULS,USED,2025-08-08,2025-09-11,,울산/엠지엘
240125070048116,ULS,USED,2025-08-08,2025-08-13,,울산/엠지엘
240125070048150,ULS,USED,2025-08-08,2025-08-12,,울산/엠지엘
240125070048151,ULS,USED,2025-08-08,2025-08-12,,울산/엠지엘
240125070048123,ULS,USED,2025-08-08,2025-11-07,,울산/엠지엘
240125070048126,ULS,USED,2025-08-08,2025-08-20,,울산/엠지엘
240125070048059,ULS,USED,2025-08-08,2025-08-13,,울산/엠지엘
240125070048062,ULS,USED,2025-08-08,2025-08-13,,울산/엠지엘
240125070048071,ULS,USED,2025-08-08,2025-09-11,,울산/엠지엘
240125070048129,ULS,USED,2025-08-08,2025-08-20,,울산/엠지엘
240125080002053,ULS,USED,2025-08-13,2025-08-26,,울산/엠지엘
240125080002063,ULS,USED,2025-08-13,2025-08-29,,울산/엠지엘
240125080002079,ULS,USED,2025-08-13,2025-08-27,,울산/엠지엘
240125080002004,ULS,USED,2025-08-13,2025-08-22,,울산/엠지엘
240125080002024,ULS,USED,2025-08-13,2025-08-25,,울산/엠지엘
240125080002028,ULS,USED,2025-08-13,2025-08-25,,울산/엠지엘
240125080002003,ULS,USED,2025-08-13,2025-08-22,,울산/엠지엘
240125080002006,ULS,USED,2025-08-13,2025-08-22,,울산/엠지엘
240125080002012,ULS,USED,2025-08-13,2025-09-01,,울산/엠지엘
240125080002016,ULS,USED,2025-08-13,2025-09-01,,울산/엠지엘
240125080002019,ULS,USED,2025-08-13,2025-08-29,,울산/엠지엘
240125080002114,ULS,USED,2025-08-13,2025-08-27,,울산/엠지엘
240125080002118,ULS,USED,2025-08-13,2025-08-13,,울산/엠지엘
240125080002120,ULS,USED,2025-08-13,2025-08-27,,울산/엠지엘
240125080002131,ULS,USED,2025-08-13,2025-09-11,,울산/엠지엘
240125080002154,ULS,USED,2025-08-13,2025-08-22,,울산/엠지엘
240125070048022,ULS,USED,2025-08-08,2025-09-11,,울산/엠지엘
240125070048013,ULS,USED,2025-08-08,2025-09-10,,울산/엠지엘
240125070048036,ULS,USED,2025-08-08,2025-11-07,,울산/엠지엘
240125070048038,ULS,USED,2025-08-08,2025-10-23,,울산/엠지엘
240125070048048,ULS,USED,2025-08-08,2025-09-15,,울산/엠지엘
240125070048050,ULS,USED,2025-08-08,2025-09-15,,울산/엠지엘
240125070048058,ULS,USED,2025-08-08,2025-08-13,,울산/엠지엘
240125070048081,ULS,USED,2025-08-08,2025-08-14,,울산/엠지엘
240125070048107,ULS,USED,2025-08-08,2025-08-22,,울산/엠지엘
240125070048120,ULS,USED,2025-08-08,2025-08-12,,울산/엠지엘
240125070048124,ULS,USED,2025-08-08,2025-08-13,,울산/엠지엘
240125070048065,ULS,USED,2025-08-08,2025-08-13,,울산/엠지엘
240125070048066,ULS,USED,2025-08-08,2025-09-11,,울산/엠지엘
240125070048068,ULS,USED,2025-08-08,2025-09-11,,울산/엠지엘
240125070048078,ULS,USED,2025-08-08,2025-08-14,,울산/엠지엘
240125070048002,ULS,USED,2025-08-08,2025-08-22,,울산/엠지엘
240125070048084,ULS,USED,2025-08-08,2025-08-14,,울산/엠지엘
240125070048088,ULS,USED,2025-08-08,2025-08-14,,울산/엠지엘
240125070048090,ULS,USED,2025-08-08,2025-08-14,,울산/엠지엘
240125070048101,ULS,USED,2025-08-08,2025-08-12,,울산/엠지엘
240125070048102,ULS,USED,2025-08-08,2025-08-12,,울산/엠지엘
240125070048105,ULS,USED,2025-08-08,2025-08-12,,울산/엠지엘
240125070048037,ULS,USED,2025-08-08,2025-08-15,,울산/엠지엘
240125070048055,ULS,USED,2025-08-08,2025-08-28,,울산/엠지엘
240125070048060,ULS,USED,2025-08-08,2025-08-13,,울산/엠지엘
240125070048067,ULS,USED,2025-08-08,2025-09-11,,울산/엠지엘
240125070048140,ULS,USED,2025-08-08,2025-08-22,,울산/엠지엘
240125070048152,ULS,USED,2025-08-08,2025-08-12,,울산/엠지엘
240125070048154,ULS,USED,2025-08-08,2025-12-31,,울산/엠지엘
240125070048131,ULS,USED,2025-08-08,2025-08-09,,울산/엠지엘
240125070048138,ULS,USED,2025-08-08,2025-09-17,,울산/엠지엘
240125070048130,ULS,USED,2025-08-08,2025-08-20,,울산/엠지엘
240125070048025,ULS,USED,2025-08-08,2025-08-13,,울산/엠지엘
240125070048137,ULS,USED,2025-08-08,2025-08-15,,울산/엠지엘
240125070048030,ULS,USED,2025-08-08,2025-09-09,,울산/엠지엘
240125070048035,ULS,USED,2025-08-08,2025-09-09,,울산/엠지엘
240125070048043,ULS,USED,2025-08-08,2025-09-12,,울산/엠지엘
240125070048044,ULS,USED,2025-08-08,2025-09-12,,울산/엠지엘
240125070048046,ULS,USED,2025-08-08,2025-09-15,,울산/엠지엘
240125070048069,ULS,USED,2025-08-08,2025-09-11,,울산/엠지엘
240125070048079,ULS,USED,2025-08-08,2025-08-14,,울산/엠지엘
240125070048139,ULS,USED,2025-08-08,2025-09-29,,울산/엠지엘
240125070048146,ULS,USED,2025-08-08,2025-08-14,,울산/엠지엘
240125070048029,ULS,USED,2025-08-08,2025-09-09,,울산/엠지엘
240125070048049,ULS,USED,2025-08-08,2025-09-15,,울산/엠지엘
240125070048021,ULS,USED,2025-08-08,2025-09-05,,울산/엠지엘
240125070048051,ULS,USED,2025-08-08,2025-09-15,,울산/엠지엘
240125070048053,ULS,USED,2025-08-08,2025-09-12,,울산/엠지엘
240125070048056,ULS,USED,2025-08-08,2025-08-22,,울산/엠지엘
240125070048061,ULS,USED,2025-08-08,2025-08-13,,울산/엠지엘
240125070048156,ULS,USED,2025-08-08,2025-08-09,,울산/엠지엘
240125070048115,ULS,USED,2025-08-08,2025-08-18,,울산/엠지엘
240125070048158,ULS,USED,2025-08-08,2025-08-09,,울산/엠지엘
240125070048111,ULS,USED,2025-08-08,2025-08-18,,울산/엠지엘
240125070048166,ULS,USED,2025-08-08,2025-08-11,,울산/엠지엘
240125070048171,ULS,USED,2025-08-08,2025-08-11,,울산/엠지엘
240125070048173,ULS,USED,2025-08-08,2025-08-11,,울산/엠지엘
240125070048076,ULS,USED,2025-08-08,2025-12-31,,울산/엠지엘
240125070048108,ULS,USED,2025-08-08,2025-08-21,,울산/엠지엘
240125070048112,ULS,USED,2025-08-08,2025-08-18,,울산/엠지엘
240125070048118,ULS,USED,2025-08-08,2025-08-12,,울산/엠지엘
240125070048125,ULS,USED,2025-08-08,2025-08-13,,울산/엠지엘
240125070048057,ULS,USED,2025-08-08,2025-08-22,,울산/엠지엘
240125070048008,ULS,USED,2025-08-08,2025-08-18,,울산/엠지엘
240125060056103,ULS,USED,2025-07-11,2025-07-28,,울산/엠지엘
240125070048132,ULS,USED,2025-08-08,2025-08-09,,울산/엠지엘
240125070048109,ULS,USED,2025-08-08,2025-08-22,,울산/엠지엘
240125070048020,ULS,USED,2025-08-08,2025-09-10,,울산/엠지엘
240125070048119,ULS,USED,2025-08-08,2025-08-12,,울산/엠지엘
240125070048133,ULS,USED,2025-08-08,2025-08-09,,울산/엠지엘
240125070048016,ULS,USED,2025-08-08,2025-09-10,,울산/엠지엘
240125070048099,ULS,USED,2025-08-08,2025-08-12,,울산/엠지엘
240125070048047,ULS,USED,2025-08-08,2025-09-17,,울산/엠지엘
240125070048052,ULS,USED,2025-08-08,2025-08-28,,울산/엠지엘
240125070048003,ULS,USED,2025-08-08,2025-08-22,,울산/엠지엘
240125070048117,ULS,USED,2025-08-08,2025-08-12,,울산/엠지엘
240125070048134,ULS,USED,2025-08-08,2025-08-09,,울산/엠지엘
240125070048142,ULS,USED,2025-08-08,2025-09-10,,울산/엠지엘
240125070048143,ULS,USED,2025-08-08,2025-09-11,,울산/엠지엘
240125070048074,ULS,USED,2025-08-08,2025-09-11,,울산/엠지엘
240125070048144,ULS,USED,2025-08-08,2025-12-31,,울산/엠지엘
240125070048149,ULS,USED,2025-08-08,2025-08-14,,울산/엠지엘
240125070048159,ULS,USED,2025-08-08,2025-08-09,,울산/엠지엘
240125070048163,ULS,USED,2025-08-08,2025-08-20,,울산/엠지엘
240125070048168,ULS,USED,2025-08-08,2025-08-11,,울산/엠지엘
240125070048157,ULS,USED,2025-08-08,2025-08-09,,울산/엠지엘
240125070048160,ULS,USED,2025-08-08,2025-08-20,,울산/엠지엘
240125070048164,ULS,USED,2025-08-08,2025-08-20,,울산/엠지엘
240125070048165,ULS,USED,2025-08-08,2025-08-20,,울산/엠지엘
240125070048064,ULS,USED,2025-08-08,2025-08-13,,울산/엠지엘
240125070048005,ULS,USED,2025-08-08,2025-08-18,,울산/엠지엘
240125070048024,ULS,USED,2025-08-08,2025-08-13,,울산/엠지엘
240125070048093,ULS,USED,2025-08-08,2025-08-14,,울산/엠지엘
240125070048041,ULS,USED,2025-08-08,2025-09-12,,울산/엠지엘
240125070048087,ULS,USED,2025-08-08,2025-08-14,,울산/엠지엘
240125070048091,ULS,USED,2025-08-08,2025-08-14,,울산/엠지엘
240125070048095,ULS,USED,2025-08-08,2025-08-14,,울산/엠지엘
240125070048096,ULS,USED,2025-08-08,2025-08-12,,울산/엠지엘
240125070048106,ULS,USED,2025-08-08,2025-08-22,,울산/엠지엘
240125070048075,ULS,USED,2025-08-08,2025-09-10,,울산/엠지엘
240125070048077,ULS,USED,2025-08-08,2025-12-31,,울산/엠지엘
240125070048098,ULS,USED,2025-08-08,2025-08-12,,울산/엠지엘
240125070048121,ULS,USED,2025-08-08,2025-12-31,,울산/엠지엘
240125070048128,ULS,USED,2025-08-08,2025-09-08,,울산/엠지엘
240125070048063,ULS,USED,2025-08-08,2025-08-13,,울산/엠지엘
240125070048172,ULS,USED,2025-08-08,2025-08-15,,울산/엠지엘
240125070048092,ULS,USED,2025-08-08,2025-08-14,,울산/엠지엘
240125070048104,ULS,USED,2025-08-08,2025-08-12,,울산/엠지엘
240125070048072,ULS,USED,2025-08-08,2025-09-11,,울산/엠지엘
240125070048073,ULS,USED,2025-08-08,2025-09-11,,울산/엠지엘
240125070048082,ULS,USED,2025-08-08,2025-08-14,,울산/엠지엘
240125070048110,ULS,USED,2025-08-08,2025-08-28,,울산/엠지엘
240125070048153,ULS,USED,2025-08-08,2025-08-12,,울산/엠지엘
240125070048161,ULS,USED,2025-08-08,2025-08-20,,울산/엠지엘
240125070048175,ULS,USED,2025-08-08,2025-08-11,,울산/엠지엘
240125070048031,ULS,USED,2025-08-08,2025-09-09,,울산/엠지엘
240125070048032,ULS,USED,2025-08-08,2025-09-09,,울산/엠지엘
240125070048045,ULS,USED,2025-08-08,2025-09-12,,울산/엠지엘
240125070048054,ULS,USED,2025-08-08,2025-08-28,,울산/엠지엘
240125070048006,ULS,USED,2025-08-08,2025-08-18,,울산/엠지엘
240125070048015,ULS,USED,2025-08-08,2025-09-11,,울산/엠지엘
240125070048017,ULS,USED,2025-08-08,2025-09-10,,울산/엠지엘
240125070048097,ULS,USED,2025-08-08,2025-08-12,,울산/엠지엘
240125070048113,ULS,USED,2025-08-08,2025-08-18,,울산/엠지엘
240125070048080,ULS,USED,2025-08-08,2025-08-14,,울산/엠지엘
240125070048086,ULS,USED,2025-08-08,2025-08-14,,울산/엠지엘
240125070048089,ULS,USED,2025-08-08,2025-08-14,,울산/엠지엘
240125070048103,ULS,USED,2025-08-08,2025-08-12,,울산/엠지엘
240125060056005,ULS,USED,2025-07-11,2025-07-24,,울산/엠지엘
240125060056006,ULS,USED,2025-07-11,2025-07-24,,울산/엠지엘
240125060056019,ULS,USED,2025-07-11,2025-08-01,,울산/엠지엘
240125060056033,ULS,USED,2025-07-11,2025-07-22,,울산/엠지엘
240125060056038,ULS,USED,2025-07-11,2025-07-21,,울산/엠지엘
240125060056035,ULS,USED,2025-07-11,2025-07-21,,울산/엠지엘
240125060056047,ULS,USED,2025-07-11,2025-07-31,,울산/엠지엘
240125060056013,ULS,USED,2025-07-11,2025-07-31,,울산/엠지엘
240125060056004,ULS,USED,2025-07-11,2025-07-24,,울산/엠지엘
240125060056134,ULS,USED,2025-07-11,2025-07-22,,울산/엠지엘
240125060056090,ULS,USED,2025-07-11,2025-08-04,,울산/엠지엘
240125060056096,ULS,USED,2025-07-11,2025-08-04,,울산/엠지엘
240125060056100,ULS,USED,2025-07-11,2025-08-04,,울산/엠지엘
240125060056157,ULS,USED,2025-07-11,2025-07-22,,울산/엠지엘
240125060056118,ULS,USED,2025-07-11,2025-07-25,,울산/엠지엘
240125060056119,ULS,USED,2025-07-11,2025-07-25,,울산/엠지엘
240125060056121,ULS,USED,2025-07-11,2025-07-31,,울산/엠지엘
240125060056126,ULS,USED,2025-07-11,2025-08-01,,울산/엠지엘
240125060056084,ULS,USED,2025-07-11,2025-08-04,,울산/엠지엘
240125060056101,ULS,USED,2025-07-11,2025-07-29,,울산/엠지엘
240125060056108,ULS,USED,2025-07-11,2025-07-28,,울산/엠지엘
240125060056146,ULS,USED,2025-07-11,2025-07-25,,울산/엠지엘
240125060056147,ULS,USED,2025-07-11,2025-07-22,,울산/엠지엘
240125060056152,ULS,USED,2025-07-11,2025-07-23,,울산/엠지엘
240125060056155,ULS,USED,2025-07-11,2025-07-24,,울산/엠지엘
240125060056167,ULS,USED,2025-07-11,2025-07-22,,울산/엠지엘
240125060056161,ULS,USED,2025-07-11,2025-07-23,,울산/엠지엘
240125060056162,ULS,USED,2025-07-11,2025-07-11,,울산/엠지엘
240125060056154,ULS,USED,2025-07-11,2025-07-22,,울산/엠지엘
240125060056042,ULS,USED,2025-07-11,2025-08-04,,울산/엠지엘
240125060056091,ULS,USED,2025-07-11,2025-08-04,,울산/엠지엘
240125060056112,ULS,USED,2025-07-11,2025-07-28,,울산/엠지엘
240125060056089,ULS,USED,2025-07-11,2025-08-04,,울산/엠지엘
240125060056002,ULS,USED,2025-07-11,2025-07-24,,울산/엠지엘
240125060056137,ULS,USED,2025-07-11,2025-07-31,,울산/엠지엘
240125060056139,ULS,USED,2025-07-11,2025-07-29,,울산/엠지엘
240125060056015,ULS,USED,2025-07-11,2025-07-31,,울산/엠지엘
240125060056026,ULS,USED,2025-07-11,2025-07-31,,울산/엠지엘
240125060056030,ULS,USED,2025-07-11,2025-07-31,,울산/엠지엘
240125060056037,ULS,USED,2025-07-11,2025-07-22,,울산/엠지엘
240125060056049,ULS,USED,2025-07-11,2025-08-01,,울산/엠지엘
240125060056052,ULS,USED,2025-07-11,2025-08-01,,울산/엠지엘
240125060056046,ULS,USED,2025-07-11,2025-08-01,,울산/엠지엘
240125060056059,ULS,USED,2025-07-11,2025-08-01,,울산/엠지엘
240125060056062,ULS,USED,2025-07-11,2025-07-29,,울산/엠지엘
240125060056072,ULS,USED,2025-07-11,2025-08-07,,울산/엠지엘
240125060056145,ULS,USED,2025-07-11,2025-07-21,,울산/엠지엘
240125060056109,ULS,USED,2025-07-11,2025-07-28,,울산/엠지엘
240125060056113,ULS,USED,2025-07-11,2025-07-28,,울산/엠지엘
240125060056114,ULS,USED,2025-07-11,2025-07-28,,울산/엠지엘
240125060056028,ULS,USED,2025-07-11,2025-08-01,,울산/엠지엘
240125060056021,ULS,USED,2025-07-11,2025-07-31,,울산/엠지엘
240125060056024,ULS,USED,2025-07-11,2025-07-31,,울산/엠지엘
240125060056120,ULS,USED,2025-07-11,2025-07-25,,울산/엠지엘
240125060056020,ULS,USED,2025-07-11,2025-08-01,,울산/엠지엘
240125060056060,ULS,USED,2025-07-11,2025-08-01,,울산/엠지엘
240125060056061,ULS,USED,2025-07-11,2025-07-30,,울산/엠지엘
240125060056007,ULS,USED,2025-07-11,2025-07-24,,울산/엠지엘
240125060056092,ULS,USED,2025-07-11,2025-08-05,,울산/엠지엘
240125060056097,ULS,USED,2025-07-11,2025-08-04,,울산/엠지엘
240125060056104,ULS,USED,2025-07-11,2025-07-29,,울산/엠지엘
240125060056011,ULS,USED,2025-07-11,2025-07-31,,울산/엠지엘
240125060056173,ULS,USED,2025-07-11,2025-07-23,,울산/엠지엘
240125060056165,ULS,USED,2025-07-11,2025-07-31,,울산/엠지엘
240125060056111,ULS,USED,2025-07-11,2025-07-28,,울산/엠지엘
240125060056087,ULS,USED,2025-07-11,2025-08-04,,울산/엠지엘
240125060056117,ULS,USED,2025-07-11,2025-07-25,,울산/엠지엘
240125060056036,ULS,USED,2025-07-11,2025-07-23,,울산/엠지엘
240125060056086,ULS,USED,2025-07-11,2025-08-04,,울산/엠지엘
240125060056085,ULS,USED,2025-07-11,2025-08-04,,울산/엠지엘
240125060056088,ULS,USED,2025-07-11,2025-08-04,,울산/엠지엘
240125060056129,ULS,USED,2025-07-11,2025-08-04,,울산/엠지엘
240125060056148,ULS,USED,2025-07-11,2025-07-25,,울산/엠지엘
240125060056168,ULS,USED,2025-07-11,2025-08-01,,울산/엠지엘
240125060056171,ULS,USED,2025-07-11,2025-07-22,,울산/엠지엘
240125060056172,ULS,USED,2025-07-11,2025-07-22,,울산/엠지엘
240125060056175,ULS,USED,2025-07-11,2025-07-21,,울산/엠지엘
240125060056080,ULS,USED,2025-07-11,2025-07-22,,울산/엠지엘
240125060056081,ULS,USED,2025-07-11,2025-07-11,,울산/엠지엘
240125060056082,ULS,USED,2025-07-11,2025-08-04,,울산/엠지엘
240125060056110,ULS,USED,2025-07-11,2025-07-28,,울산/엠지엘
240125060056106,ULS,USED,2025-07-11,2025-07-29,,울산/엠지엘
240125060056164,ULS,USED,2025-07-11,2025-07-23,,울산/엠지엘
240125060056170,ULS,USED,2025-07-11,2025-07-11,,울산/엠지엘
240125060056123,ULS,USED,2025-07-11,2025-07-31,,울산/엠지엘
240125060056124,ULS,USED,2025-07-11,2025-08-05,,울산/엠지엘
240125060056132,ULS,USED,2025-07-11,2025-07-21,,울산/엠지엘
240125060056135,ULS,USED,2025-07-11,2025-07-22,,울산/엠지엘
240125060056136,ULS,USED,2025-07-11,2025-07-22,,울산/엠지엘
240125060056158,ULS,USED,2025-07-11,2025-07-25,,울산/엠지엘
240125060056163,ULS,USED,2025-07-11,2025-07-31,,울산/엠지엘
240125060056016,ULS,USED,2025-07-11,2025-07-31,,울산/엠지엘
240125060056102,ULS,USED,2025-07-11,2025-07-29,,울산/엠지엘
240125060056039,ULS,USED,2025-07-11,2025-07-21,,울산/엠지엘
240125060056040,ULS,USED,2025-07-11,2025-07-21,,울산/엠지엘
240125060056056,ULS,USED,2025-07-11,2025-08-01,,울산/엠지엘
240125060056058,ULS,USED,2025-07-11,2025-08-01,,울산/엠지엘
240125060056067,ULS,USED,2025-07-11,2025-07-30,,울산/엠지엘
240125060056075,ULS,USED,2025-07-11,2025-08-07,,울산/엠지엘
240125060056003,ULS,USED,2025-07-11,2025-07-24,,울산/엠지엘
240125060056017,ULS,USED,2025-07-11,2025-07-31,,울산/엠지엘
240125060056041,ULS,USED,2025-07-11,2025-08-04,,울산/엠지엘
240125060056054,ULS,USED,2025-07-11,2025-08-01,,울산/엠지엘
240125060056066,ULS,USED,2025-07-11,2025-07-30,,울산/엠지엘
240125060056074,ULS,USED,2025-07-11,2025-08-07,,울산/엠지엘
240125060056076,ULS,USED,2025-07-11,2025-08-06,,울산/엠지엘
240125060056077,ULS,USED,2025-07-11,2025-08-05,,울산/엠지엘
240125060056012,ULS,USED,2025-07-11,2025-07-31,,울산/엠지엘
240125060056018,ULS,USED,2025-07-11,2025-07-31,,울산/엠지엘
240125060056022,ULS,USED,2025-07-11,2025-07-31,,울산/엠지엘
240125060056116,ULS,USED,2025-07-11,2025-07-28,,울산/엠지엘
240125060056159,ULS,USED,2025-07-11,2025-07-25,,울산/엠지엘
240125060056166,ULS,USED,2025-07-11,2025-08-01,,울산/엠지엘
240125060056029,ULS,USED,2025-07-11,2025-08-01,,울산/엠지엘
240125060056008,ULS,USED,2025-07-11,2025-07-24,,울산/엠지엘
240125060056055,ULS,USED,2025-07-11,2025-08-01,,울산/엠지엘
240125060056065,ULS,USED,2025-07-11,2025-07-30,,울산/엠지엘
240125060056073,ULS,USED,2025-07-11,2025-08-07,,울산/엠지엘
240125060056014,ULS,USED,2025-07-11,2025-07-31,,울산/엠지엘
240125060056138,ULS,USED,2025-07-11,2025-08-01,,울산/엠지엘
240125060056027,ULS,USED,2025-07-11,2025-08-01,,울산/엠지엘
240125060056032,ULS,USED,2025-07-11,2025-07-21,,울산/엠지엘
240125060056149,ULS,USED,2025-07-11,2025-07-25,,울산/엠지엘
240125060056127,ULS,USED,2025-07-11,2025-08-04,,울산/엠지엘
240125060056130,ULS,USED,2025-07-11,2025-08-15,,울산/엠지엘
240125060056133,ULS,USED,2025-07-11,2025-07-22,,울산/엠지엘
240125060056142,ULS,USED,2025-07-11,2025-07-22,,울산/엠지엘
240125060056144,ULS,USED,2025-07-11,2025-07-22,,울산/엠지엘
240125060026053,ULS,USED,2025-06-25,2025-07-10,,울산/엠지엘
240125060026134,ULS,USED,2025-06-25,2025-07-10,,울산/엠지엘
240125060026002,ULS,USED,2025-06-25,2025-07-09,,울산/엠지엘
240125060026004,ULS,USED,2025-06-25,2025-07-09,,울산/엠지엘
240125060026005,ULS,USED,2025-06-25,2025-07-09,,울산/엠지엘
240125060026006,ULS,USED,2025-06-25,2025-07-09,,울산/엠지엘
240125060026117,ULS,USED,2025-06-25,2025-07-18,,울산/엠지엘
240125060026124,ULS,USED,2025-06-25,2025-07-15,,울산/엠지엘
240125060026140,ULS,USED,2025-06-25,2025-07-16,,울산/엠지엘
240125060026008,ULS,USED,2025-06-25,2025-07-09,,울산/엠지엘
240125060026009,ULS,USED,2025-06-25,2025-07-09,,울산/엠지엘
240125060026058,ULS,USED,2025-06-25,2025-07-16,,울산/엠지엘
240125060026021,ULS,USED,2025-06-25,2025-07-15,,울산/엠지엘
240125060026026,ULS,USED,2025-06-25,2025-07-15,,울산/엠지엘
240125060026132,ULS,USED,2025-06-25,2025-07-17,,울산/엠지엘
240125060026024,ULS,USED,2025-06-25,2025-07-15,,울산/엠지엘
240125060026028,ULS,USED,2025-06-25,2025-07-15,,울산/엠지엘
240125060026042,ULS,USED,2025-06-25,2026-04-30,,울산/엠지엘
240125060056053,ULS,USED,2025-07-11,2025-08-01,,울산/엠지엘
240125060056050,ULS,USED,2025-07-11,2025-08-01,,울산/엠지엘
240125060056051,ULS,USED,2025-07-11,2025-08-01,,울산/엠지엘
240125060056044,ULS,USED,2025-07-11,2025-08-04,,울산/엠지엘
240125060056023,ULS,USED,2025-07-11,2025-07-31,,울산/엠지엘
240125060056070,ULS,USED,2025-07-11,2025-07-30,,울산/엠지엘
240125060056143,ULS,USED,2025-07-11,2025-07-21,,울산/엠지엘
240125060056043,ULS,USED,2025-07-11,2025-08-04,,울산/엠지엘
240125060056093,ULS,USED,2025-07-11,2025-08-05,,울산/엠지엘
240125060056094,ULS,USED,2025-07-11,2025-08-05,,울산/엠지엘
240125060056095,ULS,USED,2025-07-11,2025-08-04,,울산/엠지엘
240125060056045,ULS,USED,2025-07-11,2025-08-04,,울산/엠지엘
240125060056048,ULS,USED,2025-07-11,2025-08-01,,울산/엠지엘
240125060056064,ULS,USED,2025-07-11,2025-07-30,,울산/엠지엘
240125060056071,ULS,USED,2025-07-11,2025-08-07,,울산/엠지엘
240125060056078,ULS,USED,2025-07-11,2025-08-05,,울산/엠지엘
240125060056079,ULS,USED,2025-07-11,2025-08-04,,울산/엠지엘
240125060056009,ULS,USED,2025-07-11,2025-07-24,,울산/엠지엘
240125060056010,ULS,USED,2025-07-11,2025-07-24,,울산/엠지엘
240125060056031,ULS,USED,2025-07-11,2025-07-11,,울산/엠지엘
240125060056034,ULS,USED,2025-07-11,2025-07-22,,울산/엠지엘
240125060056099,ULS,USED,2025-07-11,2025-08-04,,울산/엠지엘
240125060056083,ULS,USED,2025-07-11,2025-08-04,,울산/엠지엘
240125060056098,ULS,USED,2025-07-11,2025-08-04,,울산/엠지엘
240125060056169,ULS,USED,2025-07-11,2025-07-22,,울산/엠지엘
240125060056125,ULS,USED,2025-07-11,2025-08-05,,울산/엠지엘
240125060056128,ULS,USED,2025-07-11,2025-08-01,,울산/엠지엘
240125060056140,ULS,USED,2025-07-11,2025-07-29,,울산/엠지엘
240125060056141,ULS,USED,2025-07-11,2025-08-04,,울산/엠지엘
240125060056025,ULS,USED,2025-07-11,2025-08-01,,울산/엠지엘
240125060056150,ULS,USED,2025-07-11,2025-07-22,,울산/엠지엘
240125060056151,ULS,USED,2025-07-11,2025-07-22,,울산/엠지엘
240125060056153,ULS,USED,2025-07-11,2025-07-21,,울산/엠지엘
240125060056156,ULS,USED,2025-07-11,2025-07-28,,울산/엠지엘
240125060056131,ULS,USED,2025-07-11,2025-07-25,,울산/엠지엘
240125060056160,ULS,USED,2025-07-11,2025-07-25,,울산/엠지엘
240125060056174,ULS,USED,2025-07-11,2025-07-23,,울산/엠지엘
240125060056001,ULS,USED,2025-07-11,2025-07-24,,울산/엠지엘
240125060056057,ULS,USED,2025-07-11,2025-08-01,,울산/엠지엘
240125060056063,ULS,USED,2025-07-11,2025-07-30,,울산/엠지엘
240125060056068,ULS,USED,2025-07-11,2025-07-30,,울산/엠지엘
240125060056069,ULS,USED,2025-07-11,2025-07-30,,울산/엠지엘
240125060056107,ULS,USED,2025-07-11,2025-07-25,,울산/엠지엘
240125060056115,ULS,USED,2025-07-11,2025-07-25,,울산/엠지엘
240125060056122,ULS,USED,2025-07-11,2025-07-22,,울산/엠지엘
240125060056105,ULS,USED,2025-07-11,2025-07-28,,울산/엠지엘
240125060026035,ULS,USED,2025-06-25,2025-09-04,,울산/엠지엘
240125060026046,ULS,USED,2025-06-25,2026-02-09,,울산/엠지엘
240125060026047,ULS,USED,2025-06-25,2025-12-31,,울산/엠지엘
240125060026062,ULS,USED,2025-06-25,2025-07-14,,울산/엠지엘
240125060026034,ULS,USED,2025-06-25,2025-07-09,,울산/엠지엘
240125060026038,ULS,USED,2025-06-25,2025-07-17,,울산/엠지엘
240125060026044,ULS,USED,2025-06-25,2026-02-09,,울산/엠지엘
240125060026045,ULS,USED,2025-06-25,2026-01-12,,울산/엠지엘
240125060026048,ULS,USED,2025-06-25,2025-12-31,,울산/엠지엘
240125060026087,ULS,USED,2025-06-25,2025-12-31,,울산/엠지엘
240125060026092,ULS,USED,2025-06-25,2025-07-17,,울산/엠지엘
240125060026094,ULS,USED,2025-06-25,2025-07-16,,울산/엠지엘
240125060026096,ULS,USED,2025-06-25,2025-07-16,,울산/엠지엘
240125060026101,ULS,USED,2025-06-25,2025-07-20,,울산/엠지엘
240125060026123,ULS,USED,2025-06-25,2025-07-18,,울산/엠지엘
240125060026055,ULS,USED,2025-06-25,2025-07-16,,울산/엠지엘
240125060026018,ULS,USED,2025-06-25,2025-07-16,,울산/엠지엘
240125060026027,ULS,USED,2025-06-25,2025-07-15,,울산/엠지엘
220125060025008,ULS,USED,2025-06-25,2025-10-21,,울산/엠지엘
220125060025010,ULS,USED,2025-06-25,2026-05-22,,울산/엠지엘
220125060025019,ULS,USED,2025-06-25,2026-02-19,,울산/엠지엘
220125060025027,ULS,USED,2025-06-25,2025-08-08,,울산/엠지엘
220125060025014,ULS,USED,2025-06-25,2026-05-22,,울산/엠지엘
220125060025030,ULS,USED,2025-06-25,2025-08-08,,울산/엠지엘
240125060026050,ULS,USED,2025-06-25,2025-08-26,,울산/엠지엘
240125060026064,ULS,USED,2025-06-25,2025-07-31,,울산/엠지엘
240125060026075,ULS,USED,2025-06-25,2025-07-23,,울산/엠지엘
240125060026081,ULS,USED,2025-06-25,2026-01-09,,울산/엠지엘
240125060026086,ULS,USED,2025-06-25,2025-12-31,,울산/엠지엘
240125060026089,ULS,USED,2025-06-25,2025-12-31,,울산/엠지엘
240125060026093,ULS,USED,2025-06-25,2025-07-16,,울산/엠지엘
240125060026099,ULS,USED,2025-06-25,2025-12-31,,울산/엠지엘
240125060026112,ULS,USED,2025-06-25,2025-07-15,,울산/엠지엘
240125060026115,ULS,USED,2025-06-25,2025-07-17,,울산/엠지엘
240125060026127,ULS,USED,2025-06-25,2025-07-14,,울산/엠지엘
240125060026131,ULS,USED,2025-06-25,2025-12-31,,울산/엠지엘
240125060026138,ULS,USED,2025-06-25,2025-07-10,,울산/엠지엘
240125060026139,ULS,USED,2025-06-25,2025-07-22,,울산/엠지엘
240125060026107,ULS,USED,2025-06-25,2025-07-18,,울산/엠지엘
240125060026110,ULS,USED,2025-06-25,2025-07-16,,울산/엠지엘
240125060026037,ULS,USED,2025-06-25,2025-07-17,,울산/엠지엘
240125060026111,ULS,USED,2025-06-25,2025-07-17,,울산/엠지엘
240125060026119,ULS,USED,2025-06-25,2025-07-18,,울산/엠지엘
240125060026040,ULS,USED,2025-06-25,2025-07-22,,울산/엠지엘
240125060026043,ULS,USED,2025-06-25,2026-02-09,,울산/엠지엘
240125060026051,ULS,USED,2025-06-25,2025-07-14,,울산/엠지엘
240125060026077,ULS,USED,2025-06-25,2025-07-21,,울산/엠지엘
240125060026097,ULS,USED,2025-06-25,2025-07-10,,울산/엠지엘
240125060026105,ULS,USED,2025-06-25,2025-07-20,,울산/엠지엘
220125060025023,ULS,USED,2025-06-25,2025-09-17,,울산/엠지엘
240125060026056,ULS,USED,2025-06-25,2025-07-14,,울산/엠지엘
240125060026065,ULS,USED,2025-06-25,2025-08-06,,울산/엠지엘
240125060026066,ULS,USED,2025-06-25,2025-07-09,,울산/엠지엘
240125060026106,ULS,USED,2025-06-25,2025-07-20,,울산/엠지엘
240125060026001,ULS,USED,2025-06-25,2025-08-07,,울산/엠지엘
240125060026031,ULS,USED,2025-06-25,2025-07-09,,울산/엠지엘
220125060025015,ULS,USED,2025-06-25,2025-10-21,,울산/엠지엘
220125060025016,ULS,USED,2025-06-25,2025-09-19,,울산/엠지엘
220125060025017,ULS,USED,2025-06-25,2025-11-26,,울산/엠지엘
220125060025029,ULS,USED,2025-06-25,2025-08-08,,울산/엠지엘
220125060025007,ULS,USED,2025-06-25,2025-10-21,,울산/엠지엘
220125060025006,ULS,USED,2025-06-25,2026-05-22,,울산/엠지엘
240125060026049,ULS,USED,2025-06-25,2025-08-22,,울산/엠지엘
220125060025012,ULS,USED,2025-06-25,2026-02-19,,울산/엠지엘
240125060026039,ULS,USED,2025-06-25,2025-07-22,,울산/엠지엘
240125060026054,ULS,USED,2025-06-25,2025-07-14,,울산/엠지엘
240125060026057,ULS,USED,2025-06-25,2025-07-16,,울산/엠지엘
240125060026059,ULS,USED,2025-06-25,2025-07-16,,울산/엠지엘
240125060026063,ULS,USED,2025-06-25,2025-07-09,,울산/엠지엘
240125060026103,ULS,USED,2025-06-25,2025-07-21,,울산/엠지엘
220125060025020,ULS,USED,2025-06-25,2026-01-09,,울산/엠지엘
220125060025024,ULS,USED,2025-06-25,2025-09-19,,울산/엠지엘
240125060026061,ULS,USED,2025-06-25,2025-08-07,,울산/엠지엘
240125060026068,ULS,USED,2025-06-25,2025-07-16,,울산/엠지엘
240125060026060,ULS,USED,2025-06-25,2025-07-16,,울산/엠지엘
240125060026079,ULS,USED,2025-06-25,2025-07-21,,울산/엠지엘
240125060026130,ULS,USED,2025-06-25,2025-07-14,,울산/엠지엘
240125060026136,ULS,USED,2025-06-25,2025-07-16,,울산/엠지엘
240125060026082,ULS,USED,2025-06-25,2026-01-09,,울산/엠지엘
240125060026083,ULS,USED,2025-06-25,2026-01-09,,울산/엠지엘
240125060026091,ULS,USED,2025-06-25,2025-07-16,,울산/엠지엘
240125060026095,ULS,USED,2025-06-25,2025-07-16,,울산/엠지엘
240125060026114,ULS,USED,2025-06-25,2025-07-10,,울산/엠지엘
240125060026116,ULS,USED,2025-06-25,2025-07-17,,울산/엠지엘
240125060026118,ULS,USED,2025-06-25,2025-07-18,,울산/엠지엘
240125060026120,ULS,USED,2025-06-25,2025-07-18,,울산/엠지엘
240125060026122,ULS,USED,2025-06-25,2025-07-14,,울산/엠지엘
240125060026128,ULS,USED,2025-06-25,2025-07-18,,울산/엠지엘
240125060026133,ULS,USED,2025-06-25,2025-07-10,,울산/엠지엘
240125060026137,ULS,USED,2025-06-25,2025-07-18,,울산/엠지엘
220125060025018,ULS,USED,2025-06-25,2025-11-26,,울산/엠지엘
240125060026007,ULS,USED,2025-06-25,2025-07-09,,울산/엠지엘
240125060026078,ULS,USED,2025-06-25,2025-07-21,,울산/엠지엘
240125060026080,ULS,USED,2025-06-25,2025-07-21,,울산/엠지엘
240125060026098,ULS,USED,2025-06-25,2025-07-17,,울산/엠지엘
240125060026104,ULS,USED,2025-06-25,2025-07-22,,울산/엠지엘
240125060026109,ULS,USED,2025-06-25,2025-07-14,,울산/엠지엘
240125060026125,ULS,USED,2025-06-25,2025-07-14,,울산/엠지엘
240125060026013,ULS,USED,2025-06-25,2026-01-08,,울산/엠지엘
240125060026030,ULS,USED,2025-06-25,2025-07-15,,울산/엠지엘
240125060026084,ULS,USED,2025-06-25,2026-01-09,,울산/엠지엘
240125060026085,ULS,USED,2025-06-25,2025-12-31,,울산/엠지엘
240125060026088,ULS,USED,2025-06-25,2025-12-31,,울산/엠지엘
240125060026090,ULS,USED,2025-06-25,2025-12-31,,울산/엠지엘
240125060026012,ULS,USED,2025-06-25,2026-01-08,,울산/엠지엘
240125060026014,ULS,USED,2025-06-25,2026-01-08,,울산/엠지엘
240125060026017,ULS,USED,2025-06-25,2025-12-31,,울산/엠지엘
240125060026121,ULS,USED,2025-06-25,2025-07-14,,울산/엠지엘
240125060026126,ULS,USED,2025-06-25,2025-07-14,,울산/엠지엘
240125060026129,ULS,USED,2025-06-25,2025-07-14,,울산/엠지엘
240125060026135,ULS,USED,2025-06-25,2025-07-16,,울산/엠지엘
240125060026010,ULS,USED,2025-06-25,2025-07-09,,울산/엠지엘
240125060026015,ULS,USED,2025-06-25,2026-01-08,,울산/엠지엘
240125060026022,ULS,USED,2025-06-25,2025-07-15,,울산/엠지엘
240125060026003,ULS,USED,2025-06-25,2025-07-09,,울산/엠지엘
240125060026016,ULS,USED,2025-06-25,2026-01-08,,울산/엠지엘
240125060026029,ULS,USED,2025-06-25,2025-07-16,,울산/엠지엘
240125060026033,ULS,USED,2025-06-25,2025-07-09,,울산/엠지엘
240125060026041,ULS,USED,2025-06-25,2026-02-19,,울산/엠지엘
240125060026071,ULS,USED,2025-06-25,2025-08-07,,울산/엠지엘
240125060026072,ULS,USED,2025-06-25,2025-08-07,,울산/엠지엘
240125060026073,ULS,USED,2025-06-25,2025-07-23,,울산/엠지엘
240125060026074,ULS,USED,2025-06-25,2025-07-23,,울산/엠지엘
240125060026076,ULS,USED,2025-06-25,2025-07-23,,울산/엠지엘
240125060026032,ULS,USED,2025-06-25,2025-07-09,,울산/엠지엘
240125060026052,ULS,USED,2025-06-25,2025-07-14,,울산/엠지엘
240125060026067,ULS,USED,2025-06-25,2025-07-16,,울산/엠지엘
220125060025028,ULS,USED,2025-06-25,2025-08-08,,울산/엠지엘
240125050040142,ULS,USED,2025-06-05,2025-06-19,,울산/엠지엘
240125050040143,ULS,USED,2025-06-05,2025-06-16,,울산/엠지엘
240125050040144,ULS,USED,2025-06-05,2025-06-10,,울산/엠지엘
240125050040149,ULS,USED,2025-06-05,2025-06-26,,울산/엠지엘
240125050040151,ULS,USED,2025-06-05,2025-06-24,,울산/엠지엘
240125050040157,ULS,USED,2025-06-05,2025-06-13,,울산/엠지엘
240125050040160,ULS,USED,2025-06-05,2025-06-25,,울산/엠지엘
240125050040161,ULS,USED,2025-06-05,2025-07-08,,울산/엠지엘
240125050040054,ULS,USED,2025-06-05,2025-06-23,,울산/엠지엘
240125050040056,ULS,USED,2025-06-05,2025-06-23,,울산/엠지엘
240125050040057,ULS,USED,2025-06-05,2025-06-20,,울산/엠지엘
240125050040052,ULS,USED,2025-06-05,2025-06-05,,울산/엠지엘
240125050040072,ULS,USED,2025-06-05,2025-06-10,,울산/엠지엘
240125050040028,ULS,USED,2025-06-05,2025-06-26,,울산/엠지엘
240125050040034,ULS,USED,2025-06-05,2025-06-25,,울산/엠지엘
240125050040038,ULS,USED,2025-06-05,2025-06-25,,울산/엠지엘
240125050040168,ULS,USED,2025-06-05,2025-08-06,,울산/엠지엘
240125050040169,ULS,USED,2025-06-05,2025-06-16,,울산/엠지엘
240125050040170,ULS,USED,2025-06-05,2025-06-16,,울산/엠지엘
240125050040010,ULS,USED,2025-06-05,2025-06-10,,울산/엠지엘
240125050040155,ULS,USED,2025-06-05,2025-06-19,,울산/엠지엘
240125050040156,ULS,USED,2025-06-05,2025-06-19,,울산/엠지엘
240125050040163,ULS,USED,2025-06-05,2025-07-02,,울산/엠지엘
240125050040172,ULS,USED,2025-06-05,2025-06-16,,울산/엠지엘
240125050040001,ULS,USED,2025-06-05,2025-06-16,,울산/엠지엘
240125050040017,ULS,USED,2025-06-05,2025-06-20,,울산/엠지엘
240125050040022,ULS,USED,2025-06-05,2025-06-26,,울산/엠지엘
240125050040029,ULS,USED,2025-06-05,2025-06-25,,울산/엠지엘
240125050040033,ULS,USED,2025-06-05,2025-06-26,,울산/엠지엘
240125050040005,ULS,USED,2025-06-05,2025-06-10,,울산/엠지엘
240125050040007,ULS,USED,2025-06-05,2025-06-10,,울산/엠지엘
240125050040008,ULS,USED,2025-06-05,2025-06-10,,울산/엠지엘
240125050040062,ULS,USED,2025-06-05,2025-06-26,,울산/엠지엘
240125050040064,ULS,USED,2025-06-05,2025-06-24,,울산/엠지엘
240125050040067,ULS,USED,2025-06-05,2025-06-25,,울산/엠지엘
240125050040070,ULS,USED,2025-06-05,2025-06-25,,울산/엠지엘
240125050040091,ULS,USED,2025-06-05,2025-08-06,,울산/엠지엘
240125050040030,ULS,USED,2025-06-05,2025-06-26,,울산/엠지엘
240125050040039,ULS,USED,2025-06-05,2025-06-25,,울산/엠지엘
240125050040045,ULS,USED,2025-06-05,2025-06-08,,울산/엠지엘
240125050040046,ULS,USED,2025-06-05,2025-06-19,,울산/엠지엘
240125050040066,ULS,USED,2025-06-05,2025-06-25,,울산/엠지엘
240125050040098,ULS,USED,2025-06-05,2025-07-01,,울산/엠지엘
240125050040119,ULS,USED,2025-06-05,2025-06-26,,울산/엠지엘
240125050040004,ULS,USED,2025-06-05,2025-06-10,,울산/엠지엘
240125050040019,ULS,USED,2025-06-05,2025-06-19,,울산/엠지엘
240125050040025,ULS,USED,2025-06-05,2025-06-25,,울산/엠지엘
240125050040036,ULS,USED,2025-06-05,2025-06-25,,울산/엠지엘
240125050040042,ULS,USED,2025-06-05,2025-06-19,,울산/엠지엘
240125050040050,ULS,USED,2025-06-05,2025-06-19,,울산/엠지엘
240125050040075,ULS,USED,2025-06-05,2025-06-09,,울산/엠지엘
240125050040077,ULS,USED,2025-06-05,2025-06-12,,울산/엠지엘
240125060026011,ULS,USED,2025-06-25,2026-01-08,,울산/엠지엘
240125060026020,ULS,USED,2025-06-25,2025-07-16,,울산/엠지엘
240125060026069,ULS,USED,2025-06-25,2025-07-16,,울산/엠지엘
240125060026070,ULS,USED,2025-06-25,2025-07-16,,울산/엠지엘
240125060026100,ULS,USED,2025-06-25,2025-12-31,,울산/엠지엘
240125060026102,ULS,USED,2025-06-25,2025-07-20,,울산/엠지엘
240125060026108,ULS,USED,2025-06-25,2025-07-14,,울산/엠지엘
240125060026113,ULS,USED,2025-06-25,2025-07-15,,울산/엠지엘
240125060026019,ULS,USED,2025-06-25,2025-07-16,,울산/엠지엘
240125060026023,ULS,USED,2025-06-25,2025-07-15,,울산/엠지엘
240125060026025,ULS,USED,2025-06-25,2025-07-15,,울산/엠지엘
240125060026036,ULS,USED,2025-06-25,2025-07-09,,울산/엠지엘
240125050040018,ULS,USED,2025-06-05,2025-06-20,,울산/엠지엘
240125050040087,ULS,USED,2025-06-05,2025-06-24,,울산/엠지엘
240125050040069,ULS,USED,2025-06-05,2025-06-25,,울산/엠지엘
240125050040131,ULS,USED,2025-06-05,2025-06-09,,울산/엠지엘
240125050040132,ULS,USED,2025-06-05,2025-06-10,,울산/엠지엘
240125050040138,ULS,USED,2025-06-05,2025-06-10,,울산/엠지엘
240125050040146,ULS,USED,2025-06-05,2025-06-19,,울산/엠지엘
240125050040162,ULS,USED,2025-06-05,2025-06-25,,울산/엠지엘
240125050040164,ULS,USED,2025-06-05,2025-06-25,,울산/엠지엘
240125050040153,ULS,USED,2025-06-05,2025-06-20,,울산/엠지엘
240125050040158,ULS,USED,2025-06-05,2025-06-13,,울산/엠지엘
240125050040165,ULS,USED,2025-06-05,2025-06-26,,울산/엠지엘
240125050040167,ULS,USED,2025-06-05,2025-08-06,,울산/엠지엘
240125050040009,ULS,USED,2025-06-05,2025-06-10,,울산/엠지엘
240125050040021,ULS,USED,2025-06-05,2025-06-25,,울산/엠지엘
240125050040031,ULS,USED,2025-06-05,2025-06-26,,울산/엠지엘
240125050040032,ULS,USED,2025-06-05,2025-06-25,,울산/엠지엘
240125050040035,ULS,USED,2025-06-05,2025-06-25,,울산/엠지엘
240125050040047,ULS,USED,2025-06-05,2025-06-19,,울산/엠지엘
240125050040048,ULS,USED,2025-06-05,2025-06-19,,울산/엠지엘
240125050040073,ULS,USED,2025-06-05,2025-06-10,,울산/엠지엘
240125050040074,ULS,USED,2025-06-05,2025-06-09,,울산/엠지엘
240125050040090,ULS,USED,2025-06-05,2025-06-25,,울산/엠지엘
240125050040024,ULS,USED,2025-06-05,2025-06-26,,울산/엠지엘
240125050040093,ULS,USED,2025-06-05,2025-08-06,,울산/엠지엘
240125050040109,ULS,USED,2025-06-05,2025-07-10,,울산/엠지엘
240125050040118,ULS,USED,2025-06-05,2025-06-26,,울산/엠지엘
240125050040120,ULS,USED,2025-06-05,2025-06-26,,울산/엠지엘
240125050040086,ULS,USED,2025-06-05,2025-06-25,,울산/엠지엘
240125050040096,ULS,USED,2025-06-05,2025-08-06,,울산/엠지엘
240125050040099,ULS,USED,2025-06-05,2025-07-01,,울산/엠지엘
240125050040113,ULS,USED,2025-06-05,2025-06-26,,울산/엠지엘
240125050040114,ULS,USED,2025-06-05,2025-06-26,,울산/엠지엘
240125050040115,ULS,USED,2025-06-05,2025-06-26,,울산/엠지엘
240125050040125,ULS,USED,2025-06-05,2025-06-09,,울산/엠지엘
240125050040014,ULS,USED,2025-06-05,2025-06-20,,울산/엠지엘
240125050040012,ULS,USED,2025-06-05,2025-06-20,,울산/엠지엘
240125050040081,ULS,USED,2025-06-05,2025-06-24,,울산/엠지엘
240125050040084,ULS,USED,2025-06-05,2025-06-24,,울산/엠지엘
240125050040088,ULS,USED,2025-06-05,2025-06-24,,울산/엠지엘
240125050040094,ULS,USED,2025-06-05,2025-08-06,,울산/엠지엘
240125050040133,ULS,USED,2025-06-05,2025-06-10,,울산/엠지엘
240125050040136,ULS,USED,2025-06-05,2025-06-09,,울산/엠지엘
240125050040145,ULS,USED,2025-06-05,2025-06-19,,울산/엠지엘
240125050040148,ULS,USED,2025-06-05,2025-06-10,,울산/엠지엘
240125050040150,ULS,USED,2025-06-05,2025-06-26,,울산/엠지엘
240125050040015,ULS,USED,2025-06-05,2025-06-20,,울산/엠지엘
240125050040026,ULS,USED,2025-06-05,2025-06-24,,울산/엠지엘
240125050040079,ULS,USED,2025-06-05,2025-06-16,,울산/엠지엘
240125050040082,ULS,USED,2025-06-05,2025-06-24,,울산/엠지엘
240125050040085,ULS,USED,2025-06-05,2025-06-25,,울산/엠지엘
240125050040059,ULS,USED,2025-06-05,2025-06-23,,울산/엠지엘
240125050040065,ULS,USED,2025-06-05,2025-06-24,,울산/엠지엘
240125050040076,ULS,USED,2025-06-05,2025-06-09,,울산/엠지엘
240125050040107,ULS,USED,2025-06-05,2025-07-10,,울산/엠지엘
240125050040110,ULS,USED,2025-06-05,2025-08-06,,울산/엠지엘
240125050040117,ULS,USED,2025-06-05,2025-06-26,,울산/엠지엘
240125050040124,ULS,USED,2025-06-05,2025-06-05,,울산/엠지엘
240125050040097,ULS,USED,2025-06-05,2025-07-01,,울산/엠지엘
240125050040101,ULS,USED,2025-06-05,2025-07-10,,울산/엠지엘
240125050040104,ULS,USED,2025-06-05,2025-07-10,,울산/엠지엘
240125050040121,ULS,USED,2025-06-05,2025-06-16,,울산/엠지엘
240125050040140,ULS,USED,2025-06-05,2025-06-05,,울산/엠지엘
240125050040141,ULS,USED,2025-06-05,2025-06-10,,울산/엠지엘
240125040046018,ULS,USED,2025-05-02,2025-06-04,,울산/엠지엘
240125040046019,ULS,USED,2025-05-02,2025-06-04,,울산/엠지엘
240125040046126,ULS,USED,2025-05-02,2025-05-16,,울산/엠지엘
240125040046025,ULS,USED,2025-05-02,2025-05-16,,울산/엠지엘
240125040046028,ULS,USED,2025-05-02,2025-05-16,,울산/엠지엘
240125050040083,ULS,USED,2025-06-05,2025-06-24,,울산/엠지엘
240125050040105,ULS,USED,2025-06-05,2025-07-10,,울산/엠지엘
240125050040116,ULS,USED,2025-06-05,2025-06-26,,울산/엠지엘
240125050040123,ULS,USED,2025-06-05,2025-06-16,,울산/엠지엘
240125050040126,ULS,USED,2025-06-05,2025-06-09,,울산/엠지엘
240125050040078,ULS,USED,2025-06-05,2025-06-12,,울산/엠지엘
240125050040040,ULS,USED,2025-06-05,2025-06-24,,울산/엠지엘
240125050040147,ULS,USED,2025-06-05,2025-06-10,,울산/엠지엘
240125050040152,ULS,USED,2025-06-05,2025-06-25,,울산/엠지엘
240125050040154,ULS,USED,2025-06-05,2025-06-20,,울산/엠지엘
240125050040159,ULS,USED,2025-06-05,2025-06-26,,울산/엠지엘
240125050040011,ULS,USED,2025-06-05,2025-06-20,,울산/엠지엘
240125050040051,ULS,USED,2025-06-05,2025-06-23,,울산/엠지엘
240125050040053,ULS,USED,2025-06-05,2025-06-23,,울산/엠지엘
240125050040055,ULS,USED,2025-06-05,2025-06-23,,울산/엠지엘
240125050040058,ULS,USED,2025-06-05,2025-06-23,,울산/엠지엘
240125050040060,ULS,USED,2025-06-05,2025-06-23,,울산/엠지엘
240125050040063,ULS,USED,2025-06-05,2025-06-25,,울산/엠지엘
240125050040020,ULS,USED,2025-06-05,2025-06-19,,울산/엠지엘
240125050040027,ULS,USED,2025-06-05,2025-06-25,,울산/엠지엘
240125050040080,ULS,USED,2025-06-05,2025-06-05,,울산/엠지엘
240125050040089,ULS,USED,2025-06-05,2025-06-25,,울산/엠지엘
240125050040037,ULS,USED,2025-06-05,2025-06-25,,울산/엠지엘
240125050040100,ULS,USED,2025-06-05,2025-07-01,,울산/엠지엘
240125050040103,ULS,USED,2025-06-05,2025-07-10,,울산/엠지엘
240125050040106,ULS,USED,2025-06-05,2025-07-10,,울산/엠지엘
240125050040108,ULS,USED,2025-06-05,2025-07-10,,울산/엠지엘
240125050040111,ULS,USED,2025-06-05,2025-06-26,,울산/엠지엘
240125050040112,ULS,USED,2025-06-05,2025-07-02,,울산/엠지엘
240125050040122,ULS,USED,2025-06-05,2025-06-16,,울산/엠지엘
240125050040127,ULS,USED,2025-06-05,2025-06-09,,울산/엠지엘
240125050040128,ULS,USED,2025-06-05,2025-06-09,,울산/엠지엘
240125050040129,ULS,USED,2025-06-05,2025-06-11,,울산/엠지엘
240125050040134,ULS,USED,2025-06-05,2025-06-10,,울산/엠지엘
240125050040135,ULS,USED,2025-06-05,2025-06-16,,울산/엠지엘
240125050040068,ULS,USED,2025-06-05,2025-06-25,,울산/엠지엘
240125050040016,ULS,USED,2025-06-05,2025-06-20,,울산/엠지엘
240125050040023,ULS,USED,2025-06-05,2025-06-25,,울산/엠지엘
240125050040041,ULS,USED,2025-06-05,2025-06-19,,울산/엠지엘
240125050040043,ULS,USED,2025-06-05,2025-06-19,,울산/엠지엘
240125050040044,ULS,USED,2025-06-05,2025-06-20,,울산/엠지엘
240125050040049,ULS,USED,2025-06-05,2025-06-19,,울산/엠지엘
240125050040092,ULS,USED,2025-06-05,2025-08-06,,울산/엠지엘
240125050040095,ULS,USED,2025-06-05,2025-08-06,,울산/엠지엘
240125050040102,ULS,USED,2025-06-05,2025-07-10,,울산/엠지엘
240125050040003,ULS,USED,2025-06-05,2025-06-11,,울산/엠지엘
240125050040130,ULS,USED,2025-06-05,2025-06-09,,울산/엠지엘
240125050040137,ULS,USED,2025-06-05,2025-06-16,,울산/엠지엘
240125050040139,ULS,USED,2025-06-05,2025-06-10,,울산/엠지엘
240125050040166,ULS,USED,2025-06-05,2025-06-25,,울산/엠지엘
240125050040171,ULS,USED,2025-06-05,2025-06-18,,울산/엠지엘
240125050040006,ULS,USED,2025-06-05,2025-06-10,,울산/엠지엘
240125050040013,ULS,USED,2025-06-05,2025-06-20,,울산/엠지엘
240125050040173,ULS,USED,2025-06-05,2025-06-16,,울산/엠지엘
240125050040174,ULS,USED,2025-06-05,2025-06-18,,울산/엠지엘
240125050040175,ULS,USED,2025-06-05,2025-06-18,,울산/엠지엘
240125050040061,ULS,USED,2025-06-05,2025-06-26,,울산/엠지엘
240125050040071,ULS,USED,2025-06-05,2025-06-10,,울산/엠지엘
240125050040002,ULS,USED,2025-06-05,2025-06-16,,울산/엠지엘
240125040046139,ULS,USED,2025-05-02,2025-05-13,,울산/엠지엘
240125040046141,ULS,USED,2025-05-02,2025-05-02,,울산/엠지엘
240125040046144,ULS,USED,2025-05-02,2025-06-05,,울산/엠지엘
240125040046145,ULS,USED,2025-05-02,2025-07-01,,울산/엠지엘
240125040046148,ULS,USED,2025-05-02,2025-06-04,,울산/엠지엘
240125040046149,ULS,USED,2025-05-02,2025-06-04,,울산/엠지엘
240125040046153,ULS,USED,2025-05-02,2025-05-27,,울산/엠지엘
240125040046059,ULS,USED,2025-05-02,2025-06-02,,울산/엠지엘
240125040046070,ULS,USED,2025-05-02,2025-05-27,,울산/엠지엘
240125040046140,ULS,USED,2025-05-02,2025-05-13,,울산/엠지엘
240125040046161,ULS,USED,2025-05-02,2025-05-22,,울산/엠지엘
240125040046001,ULS,USED,2025-05-02,2025-06-05,,울산/엠지엘
240125040046065,ULS,USED,2025-05-02,2025-07-31,,울산/엠지엘
240125040046169,ULS,USED,2025-05-02,2025-05-15,,울산/엠지엘
240125040046173,ULS,USED,2025-05-02,2025-05-13,,울산/엠지엘
240125040046046,ULS,USED,2025-05-02,2025-05-21,,울산/엠지엘
240125040046050,ULS,USED,2025-05-02,2025-05-21,,울산/엠지엘
240125040046060,ULS,USED,2025-05-02,2025-09-11,,울산/엠지엘
240125040046068,ULS,USED,2025-05-02,2025-07-31,,울산/엠지엘
240125040046082,ULS,USED,2025-05-02,2025-05-21,,울산/엠지엘
240125040046023,ULS,USED,2025-05-02,2025-05-16,,울산/엠지엘
240125040046030,ULS,USED,2025-05-02,2025-05-16,,울산/엠지엘
240125040046091,ULS,USED,2025-05-02,2025-05-22,,울산/엠지엘
240125040046093,ULS,USED,2025-05-02,2025-05-22,,울산/엠지엘
240125040046097,ULS,USED,2025-05-02,2025-05-23,,울산/엠지엘
240125040046099,ULS,USED,2025-05-02,2025-05-22,,울산/엠지엘
240125040046100,ULS,USED,2025-05-02,2025-05-22,,울산/엠지엘
240125040046112,ULS,USED,2025-05-02,2025-05-23,,울산/엠지엘
240125040046146,ULS,USED,2025-05-02,2025-05-13,,울산/엠지엘
240125040046151,ULS,USED,2025-05-02,2025-05-23,,울산/엠지엘
240125040046155,ULS,USED,2025-05-02,2025-05-14,,울산/엠지엘
240125040046156,ULS,USED,2025-05-02,2025-05-13,,울산/엠지엘
240125040046159,ULS,USED,2025-05-02,2025-05-20,,울산/엠지엘
240125040046004,ULS,USED,2025-05-02,2025-06-04,,울산/엠지엘
240125040046038,ULS,USED,2025-05-02,2025-05-13,,울산/엠지엘
240125040046048,ULS,USED,2025-05-02,2025-05-21,,울산/엠지엘
240125040046090,ULS,USED,2025-05-02,2025-05-22,,울산/엠지엘
240125040046073,ULS,USED,2025-05-02,2025-06-16,,울산/엠지엘
240125040046075,ULS,USED,2025-05-02,2025-08-12,,울산/엠지엘
240125040046033,ULS,USED,2025-05-02,2025-05-20,,울산/엠지엘
240125040046168,ULS,USED,2025-05-02,2025-05-13,,울산/엠지엘
240125040046171,ULS,USED,2025-05-02,2025-05-13,,울산/엠지엘
240125040046172,ULS,USED,2025-05-02,2025-05-13,,울산/엠지엘
240125040046174,ULS,USED,2025-05-02,2025-05-13,,울산/엠지엘
240125040046089,ULS,USED,2025-05-02,2025-05-20,,울산/엠지엘
240125040046108,ULS,USED,2025-05-02,2025-06-04,,울산/엠지엘
240125040046120,ULS,USED,2025-05-02,2025-06-04,,울산/엠지엘
240125040046138,ULS,USED,2025-05-02,2025-05-13,,울산/엠지엘
240125040046162,ULS,USED,2025-05-02,2025-05-21,,울산/엠지엘
240125040046163,ULS,USED,2025-05-02,2025-05-20,,울산/엠지엘
240125040046080,ULS,USED,2025-05-02,2025-08-12,,울산/엠지엘
240125040046081,ULS,USED,2025-05-02,2025-05-20,,울산/엠지엘
240125040046110,ULS,USED,2025-05-02,2025-06-02,,울산/엠지엘
240125040046114,ULS,USED,2025-05-02,2025-05-23,,울산/엠지엘
240125040046129,ULS,USED,2025-05-02,2025-05-27,,울산/엠지엘
240125040046133,ULS,USED,2025-05-02,2025-05-14,,울산/엠지엘
240125040046147,ULS,USED,2025-05-02,2025-06-02,,울산/엠지엘
240125040046152,ULS,USED,2025-05-02,2025-05-27,,울산/엠지엘
240125040046165,ULS,USED,2025-05-02,2025-05-13,,울산/엠지엘
240125040046103,ULS,USED,2025-05-02,2025-07-02,,울산/엠지엘
240125040046022,ULS,USED,2025-05-02,2025-05-16,,울산/엠지엘
240125040046024,ULS,USED,2025-05-02,2025-05-16,,울산/엠지엘
240125040046142,ULS,USED,2025-05-02,2025-05-13,,울산/엠지엘
240125040046011,ULS,USED,2025-05-02,2025-06-02,,울산/엠지엘
240125040046164,ULS,USED,2025-05-02,2025-05-20,,울산/엠지엘
240125040046007,ULS,USED,2025-05-02,2025-06-05,,울산/엠지엘
240125040046008,ULS,USED,2025-05-02,2025-06-04,,울산/엠지엘
240125040046009,ULS,USED,2025-05-02,2025-06-05,,울산/엠지엘
240125040046092,ULS,USED,2025-05-02,2025-05-22,,울산/엠지엘
240125040046034,ULS,USED,2025-05-02,2025-05-20,,울산/엠지엘
240125040046095,ULS,USED,2025-05-02,2025-05-22,,울산/엠지엘
240125040046066,ULS,USED,2025-05-02,2025-07-31,,울산/엠지엘
240125040046069,ULS,USED,2025-05-02,2025-07-31,,울산/엠지엘
240125040046072,ULS,USED,2025-05-02,2025-06-04,,울산/엠지엘
240125040046078,ULS,USED,2025-05-02,2025-06-27,,울산/엠지엘
240125040046079,ULS,USED,2025-05-02,2025-08-06,,울산/엠지엘
240125040046085,ULS,USED,2025-05-02,2025-05-21,,울산/엠지엘
240125040046086,ULS,USED,2025-05-02,2025-05-21,,울산/엠지엘
240125040046087,ULS,USED,2025-05-02,2025-05-20,,울산/엠지엘
240125040046098,ULS,USED,2025-05-02,2025-05-22,,울산/엠지엘
240125040046119,ULS,USED,2025-05-02,2025-05-23,,울산/엠지엘
240125040046113,ULS,USED,2025-05-02,2025-05-23,,울산/엠지엘
240125040046003,ULS,USED,2025-05-02,2025-06-05,,울산/엠지엘
240125040046123,ULS,USED,2025-05-02,2025-05-02,,울산/엠지엘
240125040046128,ULS,USED,2025-05-02,2025-05-16,,울산/엠지엘
240125040046157,ULS,USED,2025-05-02,2025-06-09,,울산/엠지엘
240125040046158,ULS,USED,2025-05-02,2025-08-06,,울산/엠지엘
240125040046032,ULS,USED,2025-05-02,2025-05-20,,울산/엠지엘
240125040046006,ULS,USED,2025-05-02,2025-06-05,,울산/엠지엘
240125040046010,ULS,USED,2025-05-02,2025-06-05,,울산/엠지엘
240125040046012,ULS,USED,2025-05-02,2025-06-04,,울산/엠지엘
240125040046035,ULS,USED,2025-05-02,2025-05-20,,울산/엠지엘
240125040046036,ULS,USED,2025-05-02,2025-05-20,,울산/엠지엘
240125040046049,ULS,USED,2025-05-02,2025-05-21,,울산/엠지엘
240125040046055,ULS,USED,2025-05-02,2025-05-27,,울산/엠지엘
240125040046057,ULS,USED,2025-05-02,2025-05-27,,울산/엠지엘
240125040046061,ULS,USED,2025-05-02,2025-06-10,,울산/엠지엘
240125040046014,ULS,USED,2025-05-02,2025-06-04,,울산/엠지엘
240125040046037,ULS,USED,2025-05-02,2025-05-20,,울산/엠지엘
240125040046071,ULS,USED,2025-05-02,2025-06-10,,울산/엠지엘
240125040046077,ULS,USED,2025-05-02,2025-08-06,,울산/엠지엘
240125040046154,ULS,USED,2025-05-02,2025-05-16,,울산/엠지엘
240125040046026,ULS,USED,2025-05-02,2025-05-16,,울산/엠지엘
240125040046029,ULS,USED,2025-05-02,2025-05-13,,울산/엠지엘
240125040046175,ULS,USED,2025-05-02,2025-05-13,,울산/엠지엘
240125040046084,ULS,USED,2025-05-02,2025-05-20,,울산/엠지엘
240125040046067,ULS,USED,2025-05-02,2025-07-25,,울산/엠지엘
240125040046101,ULS,USED,2025-05-02,2025-06-04,,울산/엠지엘
240125040046039,ULS,USED,2025-05-02,2025-05-20,,울산/엠지엘
240125040046106,ULS,USED,2025-05-02,2025-06-04,,울산/엠지엘
240125040046107,ULS,USED,2025-05-02,2025-06-02,,울산/엠지엘
240125040046116,ULS,USED,2025-05-02,2025-05-23,,울산/엠지엘
240125040046127,ULS,USED,2025-05-02,2025-05-16,,울산/엠지엘
240125040046132,ULS,USED,2025-05-02,2025-05-14,,울산/엠지엘
240125040046016,ULS,USED,2025-05-02,2025-06-04,,울산/엠지엘
240125040046031,ULS,USED,2025-05-02,2025-05-20,,울산/엠지엘
240125040046167,ULS,USED,2025-05-02,2025-05-13,,울산/엠지엘
240125040046134,ULS,USED,2025-05-02,2025-05-13,,울산/엠지엘
240125040046045,ULS,USED,2025-05-02,2025-05-20,,울산/엠지엘
240125040046051,ULS,USED,2025-05-02,2025-05-27,,울산/엠지엘
240125040046083,ULS,USED,2025-05-02,2025-05-20,,울산/엠지엘
240125040046094,ULS,USED,2025-05-02,2025-05-22,,울산/엠지엘
240125040046121,ULS,USED,2025-05-02,2025-05-16,,울산/엠지엘
240125040046124,ULS,USED,2025-05-02,2025-05-16,,울산/엠지엘
240125040046130,ULS,USED,2025-05-02,2025-05-27,,울산/엠지엘
240125040046131,ULS,USED,2025-05-02,2025-05-13,,울산/엠지엘
240125040046136,ULS,USED,2025-05-02,2025-05-13,,울산/엠지엘
240125040046137,ULS,USED,2025-05-02,2025-05-13,,울산/엠지엘
24E6241241203A124,ULS,USED,2025-04-01,2025-06-05,,울산/엠지엘
24E6241241203A127,ULS,USED,2025-04-01,2025-04-25,,울산/엠지엘
24E6241241203A009,ULS,USED,2025-04-01,2025-06-04,,울산/엠지엘
24E6241241203A006,ULS,USED,2025-04-01,2025-06-04,,울산/엠지엘
24E6241241203A082,ULS,USED,2025-04-01,2025-06-17,,울산/엠지엘
24E6241241203A109,ULS,USED,2025-04-01,2025-04-30,,울산/엠지엘
24E6241241203A137,ULS,USED,2025-04-01,2025-04-23,,울산/엠지엘
24E6241241203A144,ULS,USED,2025-04-01,2025-04-25,,울산/엠지엘
24E6241241203A012,ULS,USED,2025-04-01,2025-06-02,,울산/엠지엘
24E6241241203A020,ULS,USED,2025-04-01,2025-05-27,,울산/엠지엘
24E6241241203A150,ULS,USED,2025-04-01,2025-04-25,,울산/엠지엘
24E6241241203A069,ULS,USED,2025-04-01,2025-05-09,,울산/엠지엘
24E6241241203A044,ULS,USED,2025-04-01,2025-06-26,,울산/엠지엘
24E6241241203A077,ULS,USED,2025-04-01,2025-06-18,,울산/엠지엘
22E6241250311A002,ULS,USED,2025-04-01,2026-05-24,,울산/엠지엘
24E6241241203A043,ULS,USED,2025-04-01,2025-06-26,,울산/엠지엘
24E6241241203A037,ULS,USED,2025-04-01,2025-07-10,,울산/엠지엘
24E6241241203A022,ULS,USED,2025-04-01,2025-05-23,,울산/엠지엘
24E6241241203A101,ULS,USED,2025-04-01,2025-05-02,,울산/엠지엘
24E6241241203A114,ULS,USED,2025-04-01,2025-06-05,,울산/엠지엘
24E6241241203A115,ULS,USED,2025-04-01,2025-06-08,,울산/엠지엘
24E6241241203A147,ULS,USED,2025-04-01,2025-04-30,,울산/엠지엘
240125040046027,ULS,USED,2025-05-02,2025-05-16,,울산/엠지엘
240125040046052,ULS,USED,2025-05-02,2025-05-27,,울산/엠지엘
240125040046041,ULS,USED,2025-05-02,2025-05-21,,울산/엠지엘
240125040046042,ULS,USED,2025-05-02,2025-05-21,,울산/엠지엘
240125040046062,ULS,USED,2025-05-02,2025-06-04,,울산/엠지엘
240125040046063,ULS,USED,2025-05-02,2025-07-31,,울산/엠지엘
240125040046056,ULS,USED,2025-05-02,2025-05-27,,울산/엠지엘
240125040046064,ULS,USED,2025-05-02,2025-06-10,,울산/엠지엘
240125040046143,ULS,USED,2025-05-02,2025-06-05,,울산/엠지엘
240125040046040,ULS,USED,2025-05-02,2025-05-20,,울산/엠지엘
240125040046043,ULS,USED,2025-05-02,2025-05-21,,울산/엠지엘
240125040046044,ULS,USED,2025-05-02,2025-05-21,,울산/엠지엘
240125040046047,ULS,USED,2025-05-02,2025-05-21,,울산/엠지엘
240125040046053,ULS,USED,2025-05-02,2025-05-27,,울산/엠지엘
240125040046058,ULS,USED,2025-05-02,2025-06-02,,울산/엠지엘
240125040046096,ULS,USED,2025-05-02,2025-05-22,,울산/엠지엘
240125040046115,ULS,USED,2025-05-02,2025-05-23,,울산/엠지엘
240125040046118,ULS,USED,2025-05-02,2025-05-23,,울산/엠지엘
240125040046170,ULS,USED,2025-05-02,2025-05-13,,울산/엠지엘
240125040046005,ULS,USED,2025-05-02,2025-06-05,,울산/엠지엘
240125040046122,ULS,USED,2025-05-02,2025-05-14,,울산/엠지엘
240125040046021,ULS,USED,2025-05-02,2025-05-16,,울산/엠지엘
240125040046013,ULS,USED,2025-05-02,2025-06-04,,울산/엠지엘
240125040046020,ULS,USED,2025-05-02,2025-06-04,,울산/엠지엘
240125040046088,ULS,USED,2025-05-02,2025-05-20,,울산/엠지엘
240125040046102,ULS,USED,2025-05-02,2025-06-04,,울산/엠지엘
240125040046104,ULS,USED,2025-05-02,2025-06-04,,울산/엠지엘
240125040046105,ULS,USED,2025-05-02,2025-06-04,,울산/엠지엘
240125040046109,ULS,USED,2025-05-02,2025-06-02,,울산/엠지엘
240125040046111,ULS,USED,2025-05-02,2025-05-23,,울산/엠지엘
240125040046117,ULS,USED,2025-05-02,2025-05-23,,울산/엠지엘
240125040046002,ULS,USED,2025-05-02,2025-06-05,,울산/엠지엘
240125040046015,ULS,USED,2025-05-02,2025-06-04,,울산/엠지엘
240125040046135,ULS,USED,2025-05-02,2025-05-13,,울산/엠지엘
240125040046017,ULS,USED,2025-05-02,2025-06-04,,울산/엠지엘
240125040046054,ULS,USED,2025-05-02,2025-05-27,,울산/엠지엘
240125040046074,ULS,USED,2025-05-02,2025-06-09,,울산/엠지엘
240125040046076,ULS,USED,2025-05-02,2025-06-10,,울산/엠지엘
240125040046125,ULS,USED,2025-05-02,2025-05-15,,울산/엠지엘
240125040046166,ULS,USED,2025-05-02,2025-05-13,,울산/엠지엘
240125040046150,ULS,USED,2025-05-02,2025-05-22,,울산/엠지엘
240125040046160,ULS,USED,2025-05-02,2025-05-21,,울산/엠지엘
24E6241241203A036,ULS,USED,2025-04-01,2025-07-10,,울산/엠지엘
24E6241241203A068,ULS,USED,2025-04-01,2025-05-09,,울산/엠지엘
24E6241241203A075,ULS,USED,2025-04-01,2025-05-09,,울산/엠지엘
24E6241241203A089,ULS,USED,2025-04-01,2025-06-09,,울산/엠지엘
24E6241241203A019,ULS,USED,2025-04-01,2025-05-27,,울산/엠지엘
24E6241241203A110,ULS,USED,2025-04-01,2025-04-28,,울산/엠지엘
24E6241241203A091,ULS,USED,2025-04-01,2025-06-09,,울산/엠지엘
24E6241241203A141,ULS,USED,2025-04-01,2025-04-28,,울산/엠지엘
24E6241241203A135,ULS,USED,2025-04-01,2025-04-17,,울산/엠지엘
24E6241241203A121,ULS,USED,2025-04-01,2025-06-05,,울산/엠지엘
24E6241241203A143,ULS,USED,2025-04-01,2025-05-09,,울산/엠지엘
24E6241241203A049,ULS,USED,2025-04-01,2025-06-25,,울산/엠지엘
24E6241241203A016,ULS,USED,2025-04-01,2025-06-02,,울산/엠지엘
24E6241241203A149,ULS,USED,2025-04-01,2025-04-28,,울산/엠지엘
24E6241241203A122,ULS,USED,2025-04-01,2025-06-05,,울산/엠지엘
24E6241241203A061,ULS,USED,2025-04-01,2025-05-09,,울산/엠지엘
24E6241241203A067,ULS,USED,2025-04-01,2025-05-09,,울산/엠지엘
24E6241241203A088,ULS,USED,2025-04-01,2025-06-09,,울산/엠지엘
24E6241241203A126,ULS,USED,2025-04-01,2025-04-22,,울산/엠지엘
24E6241241203A026,ULS,USED,2025-04-01,2025-05-23,,울산/엠지엘
24E6241241203A033,ULS,USED,2025-04-01,2025-07-10,,울산/엠지엘
24E6241241203A032,ULS,USED,2025-04-01,2025-07-10,,울산/엠지엘
24E6241241203A142,ULS,USED,2025-04-01,2025-04-25,,울산/엠지엘
24E6241241203A045,ULS,USED,2025-04-01,2025-06-26,,울산/엠지엘
24E6241241203A017,ULS,USED,2025-04-01,2025-06-02,,울산/엠지엘
24E6241241203A052,ULS,USED,2025-04-01,2025-06-25,,울산/엠지엘
24E6241241203A060,ULS,USED,2025-04-01,2025-06-25,,울산/엠지엘
24E6241241203A008,ULS,USED,2025-04-01,2025-06-04,,울산/엠지엘
24E6241241203A138,ULS,USED,2025-04-01,2025-04-22,,울산/엠지엘
24E6241241203A145,ULS,USED,2025-04-01,2025-04-25,,울산/엠지엘
24E6241241203A010,ULS,USED,2025-04-01,2025-06-02,,울산/엠지엘
24E6241241203A030,ULS,USED,2025-04-01,2025-05-16,,울산/엠지엘
24E6241241203A031,ULS,USED,2025-04-01,2025-07-10,,울산/엠지엘
24E6241241203A081,ULS,USED,2025-04-01,2025-06-18,,울산/엠지엘
24E6241241203A131,ULS,USED,2025-04-01,2025-04-17,,울산/엠지엘
24E6241241203A027,ULS,USED,2025-04-01,2025-05-16,,울산/엠지엘
24E6241241203A004,ULS,USED,2025-04-01,2025-06-02,,울산/엠지엘
24E6241241203A103,ULS,USED,2025-04-01,2025-04-28,,울산/엠지엘
24E6241241203A056,ULS,USED,2025-04-01,2025-06-20,,울산/엠지엘
24E6241241203A105,ULS,USED,2025-04-01,2025-04-24,,울산/엠지엘
24E6241241203A099,ULS,USED,2025-04-01,2025-04-22,,울산/엠지엘
24E6241241203A072,ULS,USED,2025-04-01,2025-05-09,,울산/엠지엘
24E6241241203A076,ULS,USED,2025-04-01,2025-06-18,,울산/엠지엘
24E6241241203A073,ULS,USED,2025-04-01,2025-05-09,,울산/엠지엘
24E6241241203A148,ULS,USED,2025-04-01,2025-05-09,,울산/엠지엘
24E6241241203A053,ULS,USED,2025-04-01,2025-06-23,,울산/엠지엘
24E6241241203A128,ULS,USED,2025-04-01,2025-04-23,,울산/엠지엘
24E6241241203A051,ULS,USED,2025-04-01,2025-06-20,,울산/엠지엘
24E6241241203A113,ULS,USED,2025-04-01,2025-06-09,,울산/엠지엘
24E6241241203A066,ULS,USED,2025-04-01,2025-05-09,,울산/엠지엘
24E6241241203A111,ULS,USED,2025-04-01,2025-06-05,,울산/엠지엘
24E6241241203A094,ULS,USED,2025-04-01,2025-06-09,,울산/엠지엘
24E6241241203A074,ULS,USED,2025-04-01,2025-05-09,,울산/엠지엘
24E6241241203A095,ULS,USED,2025-04-01,2025-06-09,,울산/엠지엘
24E6241241203A130,ULS,USED,2025-04-01,2025-05-02,,울산/엠지엘
24E6241241203A119,ULS,USED,2025-04-01,2025-06-09,,울산/엠지엘
24E6241241203A014,ULS,USED,2025-04-01,2025-06-02,,울산/엠지엘
24E6241241203A035,ULS,USED,2025-04-01,2025-07-10,,울산/엠지엘
24E6241241203A065,ULS,USED,2025-04-01,2025-05-12,,울산/엠지엘
24E6241241203A085,ULS,USED,2025-04-01,2025-06-11,,울산/엠지엘
24E6241241203A041,ULS,USED,2025-04-01,2025-07-02,,울산/엠지엘
24E6241241203A070,ULS,USED,2025-04-01,2025-05-12,,울산/엠지엘
24E6241241203A084,ULS,USED,2025-04-01,2025-06-17,,울산/엠지엘
24E6241241203A098,ULS,USED,2025-04-01,2025-06-21,,울산/엠지엘
24E6241241203A058,ULS,USED,2025-04-01,2025-06-18,,울산/엠지엘
24E6241241203A059,ULS,USED,2025-04-01,2025-06-18,,울산/엠지엘
24E6241241203A071,ULS,USED,2025-04-01,2025-05-02,,울산/엠지엘
24E6241241203A024,ULS,USED,2025-04-01,2025-05-23,,울산/엠지엘
24E6241241203A107,ULS,USED,2025-04-01,2025-05-09,,울산/엠지엘
24E6241241203A050,ULS,USED,2025-04-01,2025-06-25,,울산/엠지엘
24E6241241203A080,ULS,USED,2025-04-01,2025-06-17,,울산/엠지엘
24E6241241203A092,ULS,USED,2025-04-01,2025-06-26,,울산/엠지엘
24E6241241203A093,ULS,USED,2025-04-01,2025-06-26,,울산/엠지엘
24E6241241203A106,ULS,USED,2025-04-01,2025-04-29,,울산/엠지엘
24E6241241203A034,ULS,USED,2025-04-01,2025-07-10,,울산/엠지엘
24E6241241203A007,ULS,USED,2025-04-01,2025-06-04,,울산/엠지엘
24E6241241203A021,ULS,USED,2025-04-01,2025-05-27,,울산/엠지엘
24E6241241203A028,ULS,USED,2025-04-01,2025-05-16,,울산/엠지엘
24E6241241203A112,ULS,USED,2025-04-01,2025-06-08,,울산/엠지엘
24E6241241203A133,ULS,USED,2025-04-01,2025-04-22,,울산/엠지엘
24E6241241203A097,ULS,USED,2025-04-01,2025-06-18,,울산/엠지엘
24E6241241203A146,ULS,USED,2025-04-01,2025-04-30,,울산/엠지엘
24E6241241203A042,ULS,USED,2025-04-01,2025-07-02,,울산/엠지엘
24E6241241203A023,ULS,USED,2025-04-01,2025-05-23,,울산/엠지엘
24E6241241203A002,ULS,USED,2025-04-01,2025-06-04,,울산/엠지엘
24E6241241203A057,ULS,USED,2025-04-01,2025-06-25,,울산/엠지엘
24E6241241203A078,ULS,USED,2025-04-01,2025-06-18,,울산/엠지엘
24E6241241203A139,ULS,USED,2025-04-01,2025-04-17,,울산/엠지엘
24E6241241203A055,ULS,USED,2025-04-01,2025-06-25,,울산/엠지엘
24E6241241203A100,ULS,USED,2025-04-01,2025-06-18,,울산/엠지엘
24E6241241203A125,ULS,USED,2025-04-01,2025-04-23,,울산/엠지엘
24E6241241203A063,ULS,USED,2025-04-01,2025-06-02,,울산/엠지엘
24E6241241203A116,ULS,USED,2025-04-01,2025-06-09,,울산/엠지엘
24E6241241203A123,ULS,USED,2025-04-01,2025-06-05,,울산/엠지엘
24E6241241203A029,ULS,USED,2025-04-01,2025-05-16,,울산/엠지엘
24E6241241203A038,ULS,USED,2025-04-01,2025-07-13,,울산/엠지엘
24E6241241203A064,ULS,USED,2025-04-01,2025-05-12,,울산/엠지엘
24E6241241203A039,ULS,USED,2025-04-01,2025-07-10,,울산/엠지엘
24E6241241203A087,ULS,USED,2025-04-01,2025-06-11,,울산/엠지엘
24E6241241203A086,ULS,USED,2025-04-01,2025-06-17,,울산/엠지엘
24E6241241203A108,ULS,USED,2025-04-01,2025-04-24,,울산/엠지엘
24E6241241203A102,ULS,USED,2025-04-01,2025-05-02,,울산/엠지엘
24E6241241203A062,ULS,USED,2025-04-01,2025-06-02,,울산/엠지엘
24E6241241203A011,ULS,USED,2025-04-01,2025-06-04,,울산/엠지엘
24E6241241203A117,ULS,USED,2025-04-01,2025-06-09,,울산/엠지엘
24E6241241203A090,ULS,USED,2025-04-01,2025-06-09,,울산/엠지엘
24E6241241203A003,ULS,USED,2025-04-01,2025-06-04,,울산/엠지엘
24E6241241203A132,ULS,USED,2025-04-01,2025-04-17,,울산/엠지엘
24E6241241203A134,ULS,USED,2025-04-01,2025-04-17,,울산/엠지엘
24E6241241203A096,ULS,USED,2025-04-01,2025-06-26,,울산/엠지엘
24E6241241203A047,ULS,USED,2025-04-01,2025-06-20,,울산/엠지엘
24E6241241203A120,ULS,USED,2025-04-01,2025-06-05,,울산/엠지엘
24E6241241203A140,ULS,USED,2025-04-01,2025-04-23,,울산/엠지엘
24E6241241203A129,ULS,USED,2025-04-01,2025-04-28,,울산/엠지엘
24E6241241203A083,ULS,USED,2025-04-01,2025-06-11,,울산/엠지엘
24E6241241203A040,ULS,USED,2025-04-01,2025-07-02,,울산/엠지엘
24E6241241203A013,ULS,USED,2025-04-01,2025-06-04,,울산/엠지엘
24E6241241203A079,ULS,USED,2025-04-01,2025-06-18,,울산/엠지엘
24E6241241203A015,ULS,USED,2025-04-01,2025-06-01,,울산/엠지엘
24E6241241203A104,ULS,USED,2025-04-01,2025-04-29,,울산/엠지엘
24E6241241203A054,ULS,USED,2025-04-01,2025-06-25,,울산/엠지엘
24E6241241203A136,ULS,USED,2025-04-01,2025-04-17,,울산/엠지엘
24E6241241203A025,ULS,USED,2025-04-01,2025-05-16,,울산/엠지엘
24E6241241203A046,ULS,USED,2025-04-01,2025-06-25,,울산/엠지엘
24E6241241203A118,ULS,USED,2025-04-01,2025-06-09,,울산/엠지엘
24E6241241203A005,ULS,USED,2025-04-01,2025-06-02,,울산/엠지엘
24E6241241203A048,ULS,USED,2025-04-01,2025-06-20,,울산/엠지엘
24E6241241203A001,ULS,USED,2025-04-01,2025-06-02,,울산/엠지엘
240125020004140,ULS,USED,2025-03-20,2025-07-17,,울산/엠지엘
240125020004008,ULS,USED,2025-03-20,2025-04-08,,울산/엠지엘
240125020004014,ULS,USED,2025-03-20,2025-04-03,,울산/엠지엘
240125020004017,ULS,USED,2025-03-20,2025-04-01,,울산/엠지엘
240125020004009,ULS,USED,2025-03-20,2025-04-08,,울산/엠지엘
240125020004119,ULS,USED,2025-03-20,2025-06-13,,울산/엠지엘
240125020004073,ULS,USED,2025-03-20,2025-04-18,,울산/엠지엘
240125020004102,ULS,USED,2025-03-20,2025-04-29,,울산/엠지엘
240125020004104,ULS,USED,2025-03-20,2025-04-29,,울산/엠지엘
240125020004106,ULS,USED,2025-03-20,2025-04-29,,울산/엠지엘
240125020004107,ULS,USED,2025-03-20,2025-04-21,,울산/엠지엘
240125020004110,ULS,USED,2025-03-20,2025-04-18,,울산/엠지엘
240125020004068,ULS,USED,2025-03-20,2025-03-26,,울산/엠지엘
240125020004072,ULS,USED,2025-03-20,2026-01-12,,울산/엠지엘
240125020004080,ULS,USED,2025-03-20,2025-04-08,,울산/엠지엘
240125020004086,ULS,USED,2025-03-20,2025-04-08,,울산/엠지엘
240125020004006,ULS,USED,2025-03-20,2025-04-08,,울산/엠지엘
240125020004018,ULS,USED,2025-03-20,2025-04-01,,울산/엠지엘
240125020004079,ULS,USED,2025-03-20,2025-04-08,,울산/엠지엘
240125020004056,ULS,USED,2025-03-20,2025-03-31,,울산/엠지엘
240125020004077,ULS,USED,2025-03-20,2025-05-08,,울산/엠지엘
240125020004083,ULS,USED,2025-03-20,2025-03-27,,울산/엠지엘
240125020004164,ULS,USED,2025-03-20,2025-04-07,,울산/엠지엘
240125020004035,ULS,USED,2025-03-20,2025-04-15,,울산/엠지엘
240125020004036,ULS,USED,2025-03-20,2025-04-15,,울산/엠지엘
240125020004097,ULS,USED,2025-03-20,2025-03-25,,울산/엠지엘
240125020004098,ULS,USED,2025-03-20,2025-03-27,,울산/엠지엘
240125020004101,ULS,USED,2025-03-20,2025-04-29,,울산/엠지엘
240125020004108,ULS,USED,2025-03-20,2025-04-28,,울산/엠지엘
240125020004116,ULS,USED,2025-03-20,2025-07-10,,울산/엠지엘
240125020004047,ULS,USED,2025-03-20,2025-06-01,,울산/엠지엘
240125020004051,ULS,USED,2025-03-20,2025-06-01,,울산/엠지엘
240125020004052,ULS,USED,2025-03-20,2025-03-27,,울산/엠지엘
240125020004129,ULS,USED,2025-03-20,2025-04-10,,울산/엠지엘
240125020004137,ULS,USED,2025-03-20,2025-03-27,,울산/엠지엘
240125020004139,ULS,USED,2025-03-20,2026-01-12,,울산/엠지엘
240125020004141,ULS,USED,2025-03-20,2025-05-07,,울산/엠지엘
240125020004161,ULS,USED,2025-03-20,2025-04-07,,울산/엠지엘
240125020004048,ULS,USED,2025-03-20,2025-06-04,,울산/엠지엘
240125020004092,ULS,USED,2025-03-20,2025-04-23,,울산/엠지엘
240125020004105,ULS,USED,2025-03-20,2025-04-28,,울산/엠지엘
240125020004109,ULS,USED,2025-03-20,2025-04-18,,울산/엠지엘
240125020004054,ULS,USED,2025-03-20,2025-06-12,,울산/엠지엘
240125020004045,ULS,USED,2025-03-20,2025-03-27,,울산/엠지엘
240125020004046,ULS,USED,2025-03-20,2025-06-01,,울산/엠지엘
240125020004012,ULS,USED,2025-03-20,2025-04-07,,울산/엠지엘
240125020004015,ULS,USED,2025-03-20,2025-04-03,,울산/엠지엘
240125020004165,ULS,USED,2025-03-20,2025-04-07,,울산/엠지엘
240125020004168,ULS,USED,2025-03-20,2025-04-07,,울산/엠지엘
240125020004022,ULS,USED,2025-03-20,2025-06-01,,울산/엠지엘
240125020004023,ULS,USED,2025-03-20,2025-06-23,,울산/엠지엘
240125020004024,ULS,USED,2025-03-20,2025-06-23,,울산/엠지엘
240125020004063,ULS,USED,2025-03-20,2025-03-26,,울산/엠지엘
240125020004064,ULS,USED,2025-03-20,2025-03-26,,울산/엠지엘
240125020004065,ULS,USED,2025-03-20,2025-03-25,,울산/엠지엘
240125020004067,ULS,USED,2025-03-20,2025-03-26,,울산/엠지엘
240125020004075,ULS,USED,2025-03-20,2025-04-15,,울산/엠지엘
240125020004144,ULS,USED,2025-03-20,2025-05-07,,울산/엠지엘
240125020004169,ULS,USED,2025-03-20,2025-04-08,,울산/엠지엘
240125020004081,ULS,USED,2025-03-20,2026-01-09,,울산/엠지엘
240125020004058,ULS,USED,2025-03-20,2025-06-12,,울산/엠지엘
240125020004128,ULS,USED,2025-03-20,2025-04-14,,울산/엠지엘
240125020004074,ULS,USED,2025-03-20,2025-04-18,,울산/엠지엘
240125020004089,ULS,USED,2025-03-20,2025-04-10,,울산/엠지엘
240125020004032,ULS,USED,2025-03-20,2025-04-17,,울산/엠지엘
240125020004033,ULS,USED,2025-03-20,2025-04-15,,울산/엠지엘
240125020004090,ULS,USED,2025-03-20,2025-04-10,,울산/엠지엘
240125020004094,ULS,USED,2025-03-20,2025-06-01,,울산/엠지엘
240125020004096,ULS,USED,2025-03-20,2025-06-01,,울산/엠지엘
240125020004120,ULS,USED,2025-03-20,2026-01-09,,울산/엠지엘
240125020004125,ULS,USED,2025-03-20,2025-04-14,,울산/엠지엘
240125020004044,ULS,USED,2025-03-20,2025-03-27,,울산/엠지엘
240125020004118,ULS,USED,2025-03-20,2026-01-12,,울산/엠지엘
240125020004133,ULS,USED,2025-03-20,2025-03-27,,울산/엠지엘
240125020004146,ULS,USED,2025-03-20,2025-05-07,,울산/엠지엘
240125020004148,ULS,USED,2025-03-20,2025-05-07,,울산/엠지엘
240125020004154,ULS,USED,2025-03-20,2025-05-09,,울산/엠지엘
240125020004158,ULS,USED,2025-03-20,2025-05-09,,울산/엠지엘
240125020004162,ULS,USED,2025-03-20,2025-04-07,,울산/엠지엘
240125020004007,ULS,USED,2025-03-20,2025-04-08,,울산/엠지엘
240125020004049,ULS,USED,2025-03-20,2025-06-01,,울산/엠지엘
240125020004055,ULS,USED,2025-03-20,2025-06-01,,울산/엠지엘
240125020004057,ULS,USED,2025-03-20,2026-01-06,,울산/엠지엘
240125020004070,ULS,USED,2025-03-20,2025-03-26,,울산/엠지엘
240125020004076,ULS,USED,2025-03-20,2025-04-01,,울산/엠지엘
240125020004078,ULS,USED,2025-03-20,2025-05-09,,울산/엠지엘
240125020004029,ULS,USED,2025-03-20,2025-03-20,,울산/엠지엘
240125020004059,ULS,USED,2025-03-20,2025-06-04,,울산/엠지엘
240125020004121,ULS,USED,2025-03-20,2025-04-15,,울산/엠지엘
240125020004123,ULS,USED,2025-03-20,2025-04-14,,울산/엠지엘
240125020004124,ULS,USED,2025-03-20,2025-04-14,,울산/엠지엘
240125020004147,ULS,USED,2025-03-20,2025-05-02,,울산/엠지엘
240125020004130,ULS,USED,2025-03-20,2025-04-10,,울산/엠지엘
240125020004131,ULS,USED,2025-03-20,2025-06-23,,울산/엠지엘
240125020004150,ULS,USED,2025-03-20,2025-05-02,,울산/엠지엘
240125020004153,ULS,USED,2025-03-20,2025-05-09,,울산/엠지엘
240125020004157,ULS,USED,2025-03-20,2025-05-09,,울산/엠지엘
240125020004135,ULS,USED,2025-03-20,2025-06-04,,울산/엠지엘
240125020004143,ULS,USED,2025-03-20,2025-05-07,,울산/엠지엘
240125020004145,ULS,USED,2025-03-20,2025-05-07,,울산/엠지엘
240125020004149,ULS,USED,2025-03-20,2025-05-02,,울산/엠지엘
240125020004156,ULS,USED,2025-03-20,2025-05-09,,울산/엠지엘
240125020004160,ULS,USED,2025-03-20,2025-05-09,,울산/엠지엘
240125020004084,ULS,USED,2025-03-20,2025-03-27,,울산/엠지엘
240125020004069,ULS,USED,2025-03-20,2025-04-23,,울산/엠지엘
240125020004011,ULS,USED,2025-03-20,2025-04-07,,울산/엠지엘
240125020004111,ULS,USED,2025-03-20,2026-01-08,,울산/엠지엘
240125020004041,ULS,USED,2025-03-20,2025-03-27,,울산/엠지엘
240125020004027,ULS,USED,2025-03-20,2025-03-27,,울산/엠지엘
240125020004031,ULS,USED,2025-03-20,2025-04-15,,울산/엠지엘
240125020004039,ULS,USED,2025-03-20,2025-04-15,,울산/엠지엘
240125020004038,ULS,USED,2025-03-20,2025-04-15,,울산/엠지엘
240125020004026,ULS,USED,2025-03-20,2025-06-04,,울산/엠지엘
240125020004034,ULS,USED,2025-03-20,2025-04-15,,울산/엠지엘
240125020004040,ULS,USED,2025-03-20,2025-04-15,,울산/엠지엘
240125020004085,ULS,USED,2025-03-20,2025-04-07,,울산/엠지엘
240125020004050,ULS,USED,2025-03-20,2025-06-12,,울산/엠지엘
240125020004053,ULS,USED,2025-03-20,2025-03-27,,울산/엠지엘
240125020004087,ULS,USED,2025-03-20,2025-05-27,,울산/엠지엘
240125020004159,ULS,USED,2025-03-20,2025-05-08,,울산/엠지엘
240125020004117,ULS,USED,2025-03-20,2026-01-08,,울산/엠지엘
240125020004126,ULS,USED,2025-03-20,2025-04-14,,울산/엠지엘
240125020004127,ULS,USED,2025-03-20,2025-06-05,,울산/엠지엘
240125020004163,ULS,USED,2025-03-20,2025-04-07,,울산/엠지엘
240125020004042,ULS,USED,2025-03-20,2025-03-27,,울산/엠지엘
240125020004021,ULS,USED,2025-03-20,2025-06-04,,울산/엠지엘
240125020004071,ULS,USED,2025-03-20,2026-01-12,,울산/엠지엘
240125020004136,ULS,USED,2025-03-20,2025-06-12,,울산/엠지엘
240125020003133,ULS,USED,2025-02-14,2025-02-26,,울산/엠지엘
240125020003135,ULS,USED,2025-02-14,2025-02-28,,울산/엠지엘
240125020003032,ULS,USED,2025-02-14,2025-05-09,,울산/엠지엘
240125020003167,ULS,USED,2025-02-14,2025-02-22,,울산/엠지엘
240125020003168,ULS,USED,2025-02-14,2025-02-25,,울산/엠지엘
240125020003020,ULS,USED,2025-02-14,2025-02-25,,울산/엠지엘
240125020003040,ULS,USED,2025-02-14,2025-05-08,,울산/엠지엘
240125020003120,ULS,USED,2025-02-14,2025-04-17,,울산/엠지엘
240125020003126,ULS,USED,2025-02-14,2025-03-14,,울산/엠지엘
240125020003055,ULS,USED,2025-02-14,2025-03-06,,울산/엠지엘
240125020003064,ULS,USED,2025-02-14,2025-04-30,,울산/엠지엘
240125020003005,ULS,USED,2025-02-14,2025-03-19,,울산/엠지엘
240125020003011,ULS,USED,2025-02-14,2025-02-22,,울산/엠지엘
240125020003094,ULS,USED,2025-02-14,2025-02-21,,울산/엠지엘
240125020003027,ULS,USED,2025-02-14,2025-02-14,,울산/엠지엘
240125020003125,ULS,USED,2025-02-14,2025-03-18,,울산/엠지엘
240125020003128,ULS,USED,2025-02-14,2025-05-08,,울산/엠지엘
240125020003144,ULS,USED,2025-02-14,2025-04-18,,울산/엠지엘
240125020003009,ULS,USED,2025-02-14,2025-03-31,,울산/엠지엘
240125020003083,ULS,USED,2025-02-14,2025-03-24,,울산/엠지엘
240125020003014,ULS,USED,2025-02-14,2025-02-24,,울산/엠지엘
240125020003017,ULS,USED,2025-02-14,2025-02-24,,울산/엠지엘
240125020004001,ULS,USED,2025-03-20,2025-04-10,,울산/엠지엘
240125020004002,ULS,USED,2025-03-20,2025-04-09,,울산/엠지엘
240125020004088,ULS,USED,2025-03-20,2025-05-02,,울산/엠지엘
240125020004167,ULS,USED,2025-03-20,2025-04-07,,울산/엠지엘
240125020004010,ULS,USED,2025-03-20,2025-04-07,,울산/엠지엘
240125020004003,ULS,USED,2025-03-20,2025-04-09,,울산/엠지엘
240125020004170,ULS,USED,2025-03-20,2025-04-07,,울산/엠지엘
240125020004013,ULS,USED,2025-03-20,2025-04-03,,울산/엠지엘
240125020004020,ULS,USED,2025-03-20,2025-03-27,,울산/엠지엘
240125020004025,ULS,USED,2025-03-20,2025-06-01,,울산/엠지엘
240125020004037,ULS,USED,2025-03-20,2025-04-15,,울산/엠지엘
240125020004095,ULS,USED,2025-03-20,2025-03-25,,울산/엠지엘
240125020004115,ULS,USED,2025-03-20,2025-06-25,,울산/엠지엘
240125020004166,ULS,USED,2025-03-20,2025-04-07,,울산/엠지엘
240125020004099,ULS,USED,2025-03-20,2025-07-17,,울산/엠지엘
240125020004100,ULS,USED,2025-03-20,2025-06-23,,울산/엠지엘
240125020004151,ULS,USED,2025-03-20,2025-05-08,,울산/엠지엘
240125020004152,ULS,USED,2025-03-20,2025-05-09,,울산/엠지엘
240125020004113,ULS,USED,2025-03-20,2025-07-17,,울산/엠지엘
240125020004114,ULS,USED,2025-03-20,2025-03-27,,울산/엠지엘
240125020004142,ULS,USED,2025-03-20,2025-05-07,,울산/엠지엘
240125020004004,ULS,USED,2025-03-20,2025-04-09,,울산/엠지엘
240125020004019,ULS,USED,2025-03-20,2025-03-20,,울산/엠지엘
240125020004005,ULS,USED,2025-03-20,2025-04-09,,울산/엠지엘
240125020004060,ULS,USED,2025-03-20,2025-03-27,,울산/엠지엘
240125020004061,ULS,USED,2025-03-20,2025-06-30,,울산/엠지엘
240125020004082,ULS,USED,2025-03-20,2025-06-23,,울산/엠지엘
240125020004016,ULS,USED,2025-03-20,2025-04-03,,울산/엠지엘
240125020004062,ULS,USED,2025-03-20,2025-06-12,,울산/엠지엘
240125020004043,ULS,USED,2025-03-20,2025-03-27,,울산/엠지엘
240125020004066,ULS,USED,2025-03-20,2025-03-25,,울산/엠지엘
240125020004122,ULS,USED,2025-03-20,2025-04-14,,울산/엠지엘
240125020004028,ULS,USED,2025-03-20,2025-03-25,,울산/엠지엘
240125020004132,ULS,USED,2025-03-20,2025-07-17,,울산/엠지엘
240125020004134,ULS,USED,2025-03-20,2025-03-27,,울산/엠지엘
240125020004138,ULS,USED,2025-03-20,2025-03-27,,울산/엠지엘
240125020004155,ULS,USED,2025-03-20,2025-05-09,,울산/엠지엘
240125020004091,ULS,USED,2025-03-20,2025-06-01,,울산/엠지엘
240125020004093,ULS,USED,2025-03-20,2025-03-27,,울산/엠지엘
240125020004103,ULS,USED,2025-03-20,2025-04-29,,울산/엠지엘
240125020004112,ULS,USED,2025-03-20,2026-01-12,,울산/엠지엘
240125020004030,ULS,USED,2025-03-20,2025-03-20,,울산/엠지엘
240125020003101,ULS,USED,2025-02-14,2025-02-24,,울산/엠지엘
240125020003164,ULS,USED,2025-02-14,2025-02-23,,울산/엠지엘
240125020003165,ULS,USED,2025-02-14,2025-02-22,,울산/엠지엘
240125020003045,ULS,USED,2025-02-14,2025-03-24,,울산/엠지엘
240125020003016,ULS,USED,2025-02-14,2025-02-24,,울산/엠지엘
240125020003088,ULS,USED,2025-02-14,2025-03-24,,울산/엠지엘
240125020003076,ULS,USED,2025-02-14,2025-03-13,,울산/엠지엘
240125020003077,ULS,USED,2025-02-14,2025-03-13,,울산/엠지엘
240125020003025,ULS,USED,2025-02-14,2025-02-26,,울산/엠지엘
240125020003155,ULS,USED,2025-02-14,2025-02-02,,울산/엠지엘
240125020003042,ULS,USED,2025-02-14,2025-03-24,,울산/엠지엘
240125020003002,ULS,USED,2025-02-14,2025-03-20,,울산/엠지엘
240125020003003,ULS,USED,2025-02-14,2025-03-19,,울산/엠지엘
240125020003036,ULS,USED,2025-02-14,2025-05-09,,울산/엠지엘
240125020003039,ULS,USED,2025-02-14,2025-05-08,,울산/엠지엘
240125020003102,ULS,USED,2025-02-14,2025-02-24,,울산/엠지엘
240125020003049,ULS,USED,2025-02-14,2025-03-20,,울산/엠지엘
240125020003061,ULS,USED,2025-02-14,2025-04-30,,울산/엠지엘
240125020003075,ULS,USED,2025-02-14,2025-03-13,,울산/엠지엘
240125020003115,ULS,USED,2025-02-14,2025-03-13,,울산/엠지엘
240125020003145,ULS,USED,2025-02-14,2025-04-17,,울산/엠지엘
240125020003154,ULS,USED,2025-02-14,2025-02-24,,울산/엠지엘
240125020003124,ULS,USED,2025-02-14,2025-02-25,,울산/엠지엘
240125020003141,ULS,USED,2025-02-14,2025-04-18,,울산/엠지엘
240125020003150,ULS,USED,2025-02-14,2025-04-17,,울산/엠지엘
240125020003156,ULS,USED,2025-02-14,2025-02-24,,울산/엠지엘
240125020003162,ULS,USED,2025-02-14,2025-02-25,,울산/엠지엘
240125020003099,ULS,USED,2025-02-14,2025-02-21,,울산/엠지엘
240125020003123,ULS,USED,2025-02-14,2025-02-25,,울산/엠지엘
240125020003068,ULS,USED,2025-02-14,2025-04-16,,울산/엠지엘
240125020003071,ULS,USED,2025-02-14,2025-03-13,,울산/엠지엘
240125020003073,ULS,USED,2025-02-14,2025-03-13,,울산/엠지엘
240125020003087,ULS,USED,2025-02-14,2025-03-24,,울산/엠지엘
240125020003067,ULS,USED,2025-02-14,2025-04-16,,울산/엠지엘
240125020003081,ULS,USED,2025-02-14,2025-03-27,,울산/엠지엘
240125020003008,ULS,USED,2025-02-14,2025-03-19,,울산/엠지엘
240125020003095,ULS,USED,2025-02-14,2025-02-22,,울산/엠지엘
240125020003106,ULS,USED,2025-02-14,2025-02-24,,울산/엠지엘
240125020003078,ULS,USED,2025-02-14,2025-03-13,,울산/엠지엘
240125020003139,ULS,USED,2025-02-14,2025-02-25,,울산/엠지엘
240125020003140,ULS,USED,2025-02-14,2025-02-14,,울산/엠지엘
240125020003143,ULS,USED,2025-02-14,2025-04-17,,울산/엠지엘
240125020003146,ULS,USED,2025-02-14,2025-04-17,,울산/엠지엘
240125020003148,ULS,USED,2025-02-14,2025-04-17,,울산/엠지엘
240125020003121,ULS,USED,2025-02-14,2025-02-14,,울산/엠지엘
240125020003147,ULS,USED,2025-02-14,2025-04-17,,울산/엠지엘
240125020003149,ULS,USED,2025-02-14,2025-04-17,,울산/엠지엘
240125020003093,ULS,USED,2025-02-14,2025-02-14,,울산/엠지엘
240125020003107,ULS,USED,2025-02-14,2025-02-24,,울산/엠지엘
240125020003028,ULS,USED,2025-02-14,2025-02-28,,울산/엠지엘
240125020003004,ULS,USED,2025-02-14,2025-03-20,,울산/엠지엘
240125020003015,ULS,USED,2025-02-14,2025-02-22,,울산/엠지엘
240125020003013,ULS,USED,2025-02-14,2025-02-24,,울산/엠지엘
240125020003138,ULS,USED,2025-02-14,2025-02-21,,울산/엠지엘
240125020003151,ULS,USED,2025-02-14,2025-02-24,,울산/엠지엘
240125020003152,ULS,USED,2025-02-14,2025-02-22,,울산/엠지엘
240125020003091,ULS,USED,2025-02-14,2025-02-26,,울산/엠지엘
240125020003160,ULS,USED,2025-02-14,2025-02-22,,울산/엠지엘
240125020003026,ULS,USED,2025-02-14,2025-02-14,,울산/엠지엘
240125020003031,ULS,USED,2025-02-14,2025-05-12,,울산/엠지엘
240125020003118,ULS,USED,2025-02-14,2025-03-24,,울산/엠지엘
240125020003131,ULS,USED,2025-02-14,2025-02-21,,울산/엠지엘
240125020003132,ULS,USED,2025-02-14,2025-02-28,,울산/엠지엘
240125020003122,ULS,USED,2025-02-14,2025-02-14,,울산/엠지엘
240125020003079,ULS,USED,2025-02-14,2025-03-13,,울산/엠지엘
240125020003166,ULS,USED,2025-02-14,2025-02-22,,울산/엠지엘
240125020003098,ULS,USED,2025-02-14,2025-02-21,,울산/엠지엘
240125020003114,ULS,USED,2025-02-14,2025-04-16,,울산/엠지엘
240125020003007,ULS,USED,2025-02-14,2025-03-19,,울산/엠지엘
240125020003010,ULS,USED,2025-02-14,2025-03-19,,울산/엠지엘
240125020003119,ULS,USED,2025-02-14,2025-04-17,,울산/엠지엘
240125020003134,ULS,USED,2025-02-14,2025-02-28,,울산/엠지엘
240125020003012,ULS,USED,2025-02-14,2025-02-22,,울산/엠지엘
240125020003169,ULS,USED,2025-02-14,2025-02-24,,울산/엠지엘
240125020003136,ULS,USED,2025-02-14,2025-02-14,,울산/엠지엘
240125020003018,ULS,USED,2025-02-14,2025-02-14,,울산/엠지엘
240125020003105,ULS,USED,2025-02-14,2025-02-22,,울산/엠지엘
240125020003109,ULS,USED,2025-02-14,2025-02-22,,울산/엠지엘
240125020003059,ULS,USED,2025-02-14,2025-03-06,,울산/엠지엘
240125020003062,ULS,USED,2025-02-14,2025-05-02,,울산/엠지엘
240125020003063,ULS,USED,2025-02-14,2025-04-30,,울산/엠지엘
240125020003006,ULS,USED,2025-02-14,2025-03-18,,울산/엠지엘
240125020003117,ULS,USED,2025-02-14,2025-03-24,,울산/엠지엘
240125020003022,ULS,USED,2025-02-14,2025-02-25,,울산/엠지엘
240125020003024,ULS,USED,2025-02-14,2025-02-25,,울산/엠지엘
240125020003163,ULS,USED,2025-02-14,2025-02-25,,울산/엠지엘
240125020003033,ULS,USED,2025-02-14,2025-05-09,,울산/엠지엘
240125020003038,ULS,USED,2025-02-14,2025-05-08,,울산/엠지엘
240125020003048,ULS,USED,2025-02-14,2025-03-20,,울산/엠지엘
240125020003050,ULS,USED,2025-02-14,2025-03-20,,울산/엠지엘
240125020003051,ULS,USED,2025-02-14,2025-03-10,,울산/엠지엘
240125020003054,ULS,USED,2025-02-14,2025-03-07,,울산/엠지엘
240125020003056,ULS,USED,2025-02-14,2025-03-06,,울산/엠지엘
240125020003053,ULS,USED,2025-02-14,2025-03-06,,울산/엠지엘
240125020003057,ULS,USED,2025-02-14,2025-03-06,,울산/엠지엘
240125020003058,ULS,USED,2025-02-14,2025-03-06,,울산/엠지엘
240125020003153,ULS,USED,2025-02-14,2025-02-22,,울산/엠지엘
240125020003108,ULS,USED,2025-02-14,2025-02-14,,울산/엠지엘
240125020003104,ULS,USED,2025-02-14,2025-02-24,,울산/엠지엘
240125020003110,ULS,USED,2025-02-14,2025-04-02,,울산/엠지엘
240125020003111,ULS,USED,2025-02-14,2025-03-06,,울산/엠지엘
240125020003069,ULS,USED,2025-02-14,2025-04-16,,울산/엠지엘
240125020003142,ULS,USED,2025-02-14,2025-04-18,,울산/엠지엘
240125020003161,ULS,USED,2025-02-14,2025-02-14,,울산/엠지엘
240125020003170,ULS,USED,2025-02-14,2025-02-22,,울산/엠지엘
240125020003157,ULS,USED,2025-02-14,2025-02-22,,울산/엠지엘
240125020003158,ULS,USED,2025-02-14,2025-02-14,,울산/엠지엘
240125020003159,ULS,USED,2025-02-14,2025-02-22,,울산/엠지엘
240125020003066,ULS,USED,2025-02-14,2025-04-29,,울산/엠지엘
240125020003082,ULS,USED,2025-02-14,2025-03-27,,울산/엠지엘
240125020003103,ULS,USED,2025-02-14,2025-02-24,,울산/엠지엘
240125020003052,ULS,USED,2025-02-14,2025-03-10,,울산/엠지엘
240125020003127,ULS,USED,2025-02-14,2025-05-07,,울산/엠지엘
240125020003129,ULS,USED,2025-02-14,2025-03-20,,울산/엠지엘
240125020003100,ULS,USED,2025-02-14,2025-02-21,,울산/엠지엘
240125020003112,ULS,USED,2025-02-14,2025-03-06,,울산/엠지엘
240125020003113,ULS,USED,2025-02-14,2025-04-16,,울산/엠지엘
240125020003041,ULS,USED,2025-02-14,2025-03-24,,울산/엠지엘
240125020003043,ULS,USED,2025-02-14,2025-03-24,,울산/엠지엘
240125020003046,ULS,USED,2025-02-14,2025-03-24,,울산/엠지엘
240125020003116,ULS,USED,2025-02-14,2025-03-13,,울산/엠지엘
240125020003130,ULS,USED,2025-02-14,2025-03-20,,울산/엠지엘
240125020003137,ULS,USED,2025-02-14,2025-02-25,,울산/엠지엘
240125020003080,ULS,USED,2025-02-14,2025-03-13,,울산/엠지엘
240125020003085,ULS,USED,2025-02-14,2025-03-30,,울산/엠지엘
240125020003090,ULS,USED,2025-02-14,2025-03-24,,울산/엠지엘
240125020003092,ULS,USED,2025-02-14,2025-02-28,,울산/엠지엘
240125020003097,ULS,USED,2025-02-14,2025-02-21,,울산/엠지엘
240125010017101,ULS,USED,2025-01-30,2025-02-12,,울산/엠지엘
240125010017077,ULS,USED,2025-01-30,2025-03-11,,울산/엠지엘
240125010017075,ULS,USED,2025-01-30,2025-03-11,,울산/엠지엘
240125010017125,ULS,USED,2025-01-30,2025-03-06,,울산/엠지엘
240125010017147,ULS,USED,2025-01-30,2025-03-14,,울산/엠지엘
240125010017154,ULS,USED,2025-01-30,2025-02-22,,울산/엠지엘
240125010017066,ULS,USED,2025-01-30,2025-02-27,,울산/엠지엘
240125010017055,ULS,USED,2025-01-30,2025-02-25,,울산/엠지엘
240125010017048,ULS,USED,2025-01-30,2025-02-14,,울산/엠지엘
240125010017047,ULS,USED,2025-01-30,2025-02-17,,울산/엠지엘
240125010017030,ULS,USED,2025-01-30,2025-03-06,,울산/엠지엘
240125010017028,ULS,USED,2025-01-30,2025-03-06,,울산/엠지엘
240125010017248,ULS,USED,2025-01-30,2025-02-25,,울산/엠지엘
240125010017015,ULS,USED,2025-01-30,2025-03-17,,울산/엠지엘
240125010017013,ULS,USED,2025-01-30,2025-03-15,,울산/엠지엘
240125010017008,ULS,USED,2025-01-30,2025-02-05,,울산/엠지엘
240125010017092,ULS,USED,2025-01-30,2025-02-28,,울산/엠지엘
240125010017251,ULS,USED,2025-01-30,2025-05-13,,울산/엠지엘
240125010017274,ULS,USED,2025-01-30,2025-02-21,,울산/엠지엘
240125010017283,ULS,USED,2025-01-30,2025-02-20,,울산/엠지엘
240125010017294,ULS,USED,2025-01-30,2025-02-12,,울산/엠지엘
240125010017305,ULS,USED,2025-01-30,2025-05-29,,울산/엠지엘
240125010017289,ULS,USED,2025-01-30,2025-02-06,,울산/엠지엘
240125010017291,ULS,USED,2025-01-30,2025-02-10,,울산/엠지엘
240125010017293,ULS,USED,2025-01-30,2025-02-10,,울산/엠지엘
240125010017143,ULS,USED,2025-01-30,2025-03-17,,울산/엠지엘
240125010017249,ULS,USED,2025-01-30,2025-03-10,,울산/엠지엘
240125010017253,ULS,USED,2025-01-30,2025-02-07,,울산/엠지엘
240125010017262,ULS,USED,2025-01-30,2025-01-30,,울산/엠지엘
240125010017264,ULS,USED,2025-01-30,2025-01-30,,울산/엠지엘
240125010017314,ULS,USED,2025-01-30,2025-02-10,,울산/엠지엘
240125010017057,ULS,USED,2025-01-30,2025-02-28,,울산/엠지엘
240125010017094,ULS,USED,2025-01-30,2025-02-28,,울산/엠지엘
240125010017029,ULS,USED,2025-01-30,2025-03-06,,울산/엠지엘
240125010017087,ULS,USED,2025-01-30,2025-02-13,,울산/엠지엘
240125010017084,ULS,USED,2025-01-30,2025-02-14,,울산/엠지엘
240125010017063,ULS,USED,2025-01-30,2025-02-27,,울산/엠지엘
240125010017061,ULS,USED,2025-01-30,2025-02-27,,울산/엠지엘
240125010017060,ULS,USED,2025-01-30,2025-02-25,,울산/엠지엘
240125010017157,ULS,USED,2025-01-30,2025-02-21,,울산/엠지엘
240125010017160,ULS,USED,2025-01-30,2025-02-21,,울산/엠지엘
240125010017161,ULS,USED,2025-01-30,2025-02-28,,울산/엠지엘
240125010017165,ULS,USED,2025-01-30,2025-02-28,,울산/엠지엘
240125010017173,ULS,USED,2025-01-30,2025-02-04,,울산/엠지엘
240125020003060,ULS,USED,2025-02-14,2025-03-06,,울산/엠지엘
240125020003096,ULS,USED,2025-02-14,2025-02-21,,울산/엠지엘
240125020003021,ULS,USED,2025-02-14,2025-02-26,,울산/엠지엘
240125020003084,ULS,USED,2025-02-14,2025-03-27,,울산/엠지엘
240125020003086,ULS,USED,2025-02-14,2025-03-24,,울산/엠지엘
240125020003089,ULS,USED,2025-02-14,2025-03-21,,울산/엠지엘
240125020003070,ULS,USED,2025-02-14,2025-04-16,,울산/엠지엘
240125020003072,ULS,USED,2025-02-14,2025-03-13,,울산/엠지엘
240125020003001,ULS,USED,2025-02-14,2025-03-20,,울산/엠지엘
240125020003034,ULS,USED,2025-02-14,2025-05-09,,울산/엠지엘
240125020003019,ULS,USED,2025-02-14,2025-02-25,,울산/엠지엘
240125020003023,ULS,USED,2025-02-14,2025-02-26,,울산/엠지엘
240125020003030,ULS,USED,2025-02-14,2025-02-25,,울산/엠지엘
240125020003035,ULS,USED,2025-02-14,2025-05-09,,울산/엠지엘
240125020003037,ULS,USED,2025-02-14,2025-05-08,,울산/엠지엘
240125020003044,ULS,USED,2025-02-14,2025-03-24,,울산/엠지엘
240125020003047,ULS,USED,2025-02-14,2025-03-20,,울산/엠지엘
240125020003029,ULS,USED,2025-02-14,2025-02-25,,울산/엠지엘
240125020003065,ULS,USED,2025-02-14,2025-04-16,,울산/엠지엘
240125020003074,ULS,USED,2025-02-14,2025-03-13,,울산/엠지엘
240125010017290,ULS,USED,2025-01-30,2025-02-06,,울산/엠지엘
240125010017296,ULS,USED,2025-01-30,2025-02-10,,울산/엠지엘
240125010017297,ULS,USED,2025-01-30,2025-02-10,,울산/엠지엘
240125010017301,ULS,USED,2025-01-30,2025-02-07,,울산/엠지엘
240125010017303,ULS,USED,2025-01-30,2025-04-22,,울산/엠지엘
240125010017132,ULS,USED,2025-01-30,2025-01-30,,울산/엠지엘
240125010017131,ULS,USED,2025-01-30,2025-02-16,,울산/엠지엘
240125010017127,ULS,USED,2025-01-30,2025-03-06,,울산/엠지엘
240125010017123,ULS,USED,2025-01-30,2025-03-06,,울산/엠지엘
240125010017104,ULS,USED,2025-01-30,2025-02-05,,울산/엠지엘
240125010017099,ULS,USED,2025-01-30,2025-02-27,,울산/엠지엘
240125010017085,ULS,USED,2025-01-30,2025-02-13,,울산/엠지엘
240125010017070,ULS,USED,2025-01-30,2025-02-27,,울산/엠지엘
240125010017043,ULS,USED,2025-01-30,2025-01-10,,울산/엠지엘
240125010017036,ULS,USED,2025-01-30,2025-02-03,,울산/엠지엘
240125010017025,ULS,USED,2025-01-30,2025-03-04,,울산/엠지엘
240125010017024,ULS,USED,2025-01-30,2025-03-10,,울산/엠지엘
240125010017014,ULS,USED,2025-01-30,2025-03-17,,울산/엠지엘
240125010017108,ULS,USED,2025-01-30,2025-02-04,,울산/엠지엘
240125010017214,ULS,USED,2025-01-30,2025-03-10,,울산/엠지엘
240125010017216,ULS,USED,2025-01-30,2025-03-27,,울산/엠지엘
240125010017258,ULS,USED,2025-01-30,2025-04-03,,울산/엠지엘
240125010017300,ULS,USED,2025-01-30,2025-02-07,,울산/엠지엘
240125010017313,ULS,USED,2025-01-30,2025-02-10,,울산/엠지엘
240125010017333,ULS,USED,2025-01-30,2025-04-03,,울산/엠지엘
240125010017110,ULS,USED,2025-01-30,2025-02-04,,울산/엠지엘
240125010017109,ULS,USED,2025-01-30,2025-02-04,,울산/엠지엘
240125010017091,ULS,USED,2025-01-30,2025-02-28,,울산/엠지엘
240125010017079,ULS,USED,2025-01-30,2025-03-10,,울산/엠지엘
240125010017067,ULS,USED,2025-01-30,2025-02-27,,울산/엠지엘
240125010017064,ULS,USED,2025-01-30,2025-02-27,,울산/엠지엘
240125010017052,ULS,USED,2025-01-30,2025-02-25,,울산/엠지엘
240125010017050,ULS,USED,2025-01-30,2025-02-17,,울산/엠지엘
240125010017044,ULS,USED,2025-01-30,2025-02-03,,울산/엠지엘
240125010017042,ULS,USED,2025-01-30,2025-01-10,,울산/엠지엘
240125010017034,ULS,USED,2025-01-30,2025-02-20,,울산/엠지엘
240125010017031,ULS,USED,2025-01-30,2025-02-19,,울산/엠지엘
240125010017026,ULS,USED,2025-01-30,2025-03-04,,울산/엠지엘
240125010017023,ULS,USED,2025-01-30,2025-03-10,,울산/엠지엘
240125010017022,ULS,USED,2025-01-30,2025-03-10,,울산/엠지엘
240125010017141,ULS,USED,2025-01-30,2025-03-19,,울산/엠지엘
240125010017144,ULS,USED,2025-01-30,2025-03-17,,울산/엠지엘
240125010017145,ULS,USED,2025-01-30,2025-03-14,,울산/엠지엘
240125010017162,ULS,USED,2025-01-30,2025-03-06,,울산/엠지엘
240125010017183,ULS,USED,2025-01-30,2025-02-04,,울산/엠지엘
240125010017202,ULS,USED,2025-01-30,2025-02-04,,울산/엠지엘
240125010017203,ULS,USED,2025-01-30,2025-02-04,,울산/엠지엘
240125010017207,ULS,USED,2025-01-30,2025-02-18,,울산/엠지엘
240125010017226,ULS,USED,2025-01-30,2025-02-12,,울산/엠지엘
240125010017228,ULS,USED,2025-01-30,2025-02-12,,울산/엠지엘
240125010017232,ULS,USED,2025-01-30,2025-02-12,,울산/엠지엘
240125010017233,ULS,USED,2025-01-30,2025-02-12,,울산/엠지엘
240125010017238,ULS,USED,2025-01-30,2025-02-12,,울산/엠지엘
240125010017292,ULS,USED,2025-01-30,2025-02-10,,울산/엠지엘
240125010017298,ULS,USED,2025-01-30,2025-02-10,,울산/엠지엘
240125010017306,ULS,USED,2025-01-30,2025-02-26,,울산/엠지엘
240125010017308,ULS,USED,2025-01-30,2025-02-07,,울산/엠지엘
240125010017311,ULS,USED,2025-01-30,2025-02-10,,울산/엠지엘
240125010017133,ULS,USED,2025-01-30,2025-01-30,,울산/엠지엘
240125010017129,ULS,USED,2025-01-30,2025-03-06,,울산/엠지엘
240125010017126,ULS,USED,2025-01-30,2025-03-06,,울산/엠지엘
240125010017124,ULS,USED,2025-01-30,2025-03-06,,울산/엠지엘
240125010017120,ULS,USED,2025-01-30,2025-05-29,,울산/엠지엘
240125010017102,ULS,USED,2025-01-30,2025-02-05,,울산/엠지엘
240125010017146,ULS,USED,2025-01-30,2025-03-14,,울산/엠지엘
240125010017151,ULS,USED,2025-01-30,2025-02-24,,울산/엠지엘
240125010017153,ULS,USED,2025-01-30,2025-02-24,,울산/엠지엘
240125010017159,ULS,USED,2025-01-30,2025-02-21,,울산/엠지엘
240125010017163,ULS,USED,2025-01-30,2025-02-21,,울산/엠지엘
240125010017239,ULS,USED,2025-01-30,2025-02-11,,울산/엠지엘
240125010017242,ULS,USED,2025-01-30,2025-02-12,,울산/엠지엘
240125010017284,ULS,USED,2025-01-30,2025-02-20,,울산/엠지엘
240125010017243,ULS,USED,2025-01-30,2025-02-06,,울산/엠지엘
240125010017246,ULS,USED,2025-01-30,2025-02-11,,울산/엠지엘
240125010017247,ULS,USED,2025-01-30,2025-02-25,,울산/엠지엘
240125010017250,ULS,USED,2025-01-30,2025-02-07,,울산/엠지엘
240125010017254,ULS,USED,2025-01-30,2025-05-29,,울산/엠지엘
240125010017257,ULS,USED,2025-01-30,2025-02-14,,울산/엠지엘
240125010017259,ULS,USED,2025-01-30,2025-04-03,,울산/엠지엘
240125010017261,ULS,USED,2025-01-30,2025-02-23,,울산/엠지엘
240125010017266,ULS,USED,2025-01-30,2025-02-17,,울산/엠지엘
240125010017270,ULS,USED,2025-01-30,2025-01-30,,울산/엠지엘
240125010017275,ULS,USED,2025-01-30,2025-02-10,,울산/엠지엘
240125010017276,ULS,USED,2025-01-30,2025-02-18,,울산/엠지엘
240125010017278,ULS,USED,2025-01-30,2025-02-10,,울산/엠지엘
240125010017281,ULS,USED,2025-01-30,2025-02-14,,울산/엠지엘
240125010017288,ULS,USED,2025-01-30,2025-02-14,,울산/엠지엘
240125010017224,ULS,USED,2025-01-30,2025-02-12,,울산/엠지엘
240125010017280,ULS,USED,2025-01-30,2025-02-14,,울산/엠지엘
240125010017299,ULS,USED,2025-01-30,2025-02-07,,울산/엠지엘
240125010017302,ULS,USED,2025-01-30,2025-02-07,,울산/엠지엘
240125010017310,ULS,USED,2025-01-30,2025-05-29,,울산/엠지엘
240125010017130,ULS,USED,2025-01-30,2025-03-06,,울산/엠지엘
240125010017122,ULS,USED,2025-01-30,2025-03-06,,울산/엠지엘
240125010017117,ULS,USED,2025-01-30,2025-03-24,,울산/엠지엘
240125010017116,ULS,USED,2025-01-30,2025-03-20,,울산/엠지엘
240125010017114,ULS,USED,2025-01-30,2025-03-20,,울산/엠지엘
240125010017113,ULS,USED,2025-01-30,2025-03-20,,울산/엠지엘
240125010017287,ULS,USED,2025-01-30,2025-02-06,,울산/엠지엘
240125010017111,ULS,USED,2025-01-30,2025-03-20,,울산/엠지엘
240125010017103,ULS,USED,2025-01-30,2025-02-04,,울산/엠지엘
240125010017093,ULS,USED,2025-01-30,2025-02-28,,울산/엠지엘
240125010017090,ULS,USED,2025-01-30,2025-02-13,,울산/엠지엘
240125010017051,ULS,USED,2025-01-30,2025-02-25,,울산/엠지엘
240125010017040,ULS,USED,2025-01-30,2025-02-07,,울산/엠지엘
240125010017021,ULS,USED,2025-01-30,2025-03-10,,울산/엠지엘
240125010017007,ULS,USED,2025-01-30,2025-02-05,,울산/엠지엘
240125010017006,ULS,USED,2025-01-30,2025-02-05,,울산/엠지엘
240125010017003,ULS,USED,2025-01-30,2025-02-05,,울산/엠지엘
240125010017142,ULS,USED,2025-01-30,2025-03-19,,울산/엠지엘
240125010017272,ULS,USED,2025-01-30,2025-02-05,,울산/엠지엘
240125010017324,ULS,USED,2025-01-30,2025-02-14,,울산/엠지엘
240125010017325,ULS,USED,2025-01-30,2025-06-10,,울산/엠지엘
240125010017330,ULS,USED,2025-01-30,2025-02-06,,울산/엠지엘
240125010017088,ULS,USED,2025-01-30,2025-02-12,,울산/엠지엘
240125010017083,ULS,USED,2025-01-30,2025-02-14,,울산/엠지엘
240125010017082,ULS,USED,2025-01-30,2025-02-14,,울산/엠지엘
240125010017277,ULS,USED,2025-01-30,2025-02-07,,울산/엠지엘
240125010017304,ULS,USED,2025-01-30,2025-04-03,,울산/엠지엘
240125010017316,ULS,USED,2025-01-30,2025-02-10,,울산/엠지엘
240125010017326,ULS,USED,2025-01-30,2025-02-06,,울산/엠지엘
240125010017340,ULS,USED,2025-01-30,2025-02-27,,울산/엠지엘
240125010017096,ULS,USED,2025-01-30,2025-02-28,,울산/엠지엘
240125010017095,ULS,USED,2025-01-30,2025-02-28,,울산/엠지엘
240125010017260,ULS,USED,2025-01-30,2025-02-14,,울산/엠지엘
240125010017263,ULS,USED,2025-01-30,2025-02-03,,울산/엠지엘
240125010017271,ULS,USED,2025-01-30,2025-02-05,,울산/엠지엘
240125010017286,ULS,USED,2025-01-30,2025-02-10,,울산/엠지엘
240125010017059,ULS,USED,2025-01-30,2025-02-25,,울산/엠지엘
240125010017273,ULS,USED,2025-01-30,2025-02-21,,울산/엠지엘
240125010017004,ULS,USED,2025-01-30,2025-02-05,,울산/엠지엘
240125010017038,ULS,USED,2025-01-30,2025-02-07,,울산/엠지엘
240125010017033,ULS,USED,2025-01-30,2025-02-19,,울산/엠지엘
240125010017027,ULS,USED,2025-01-30,2025-03-04,,울산/엠지엘
240125010017011,ULS,USED,2025-01-30,2025-03-19,,울산/엠지엘
240125010017135,ULS,USED,2025-01-30,2025-02-18,,울산/엠지엘
240125010017136,ULS,USED,2025-01-30,2025-02-04,,울산/엠지엘
240125010017148,ULS,USED,2025-01-30,2025-03-14,,울산/엠지엘
240125010017241,ULS,USED,2025-01-30,2025-02-07,,울산/엠지엘
240125010017166,ULS,USED,2025-01-30,2025-02-25,,울산/엠지엘
240125010017172,ULS,USED,2025-01-30,2025-02-18,,울산/엠지엘
240125010017175,ULS,USED,2025-01-30,2025-02-05,,울산/엠지엘
240125010017176,ULS,USED,2025-01-30,2025-02-03,,울산/엠지엘
240125010017177,ULS,USED,2025-01-30,2025-02-07,,울산/엠지엘
240125010017178,ULS,USED,2025-01-30,2025-02-03,,울산/엠지엘
240125010017184,ULS,USED,2025-01-30,2025-01-30,,울산/엠지엘
240125010017245,ULS,USED,2025-01-30,2025-02-11,,울산/엠지엘
240125010017307,ULS,USED,2025-01-30,2025-02-07,,울산/엠지엘
240125010017279,ULS,USED,2025-01-30,2025-02-14,,울산/엠지엘
240125010017295,ULS,USED,2025-01-30,2025-02-10,,울산/엠지엘
240125010017198,ULS,USED,2025-01-30,2025-03-06,,울산/엠지엘
240125010017205,ULS,USED,2025-01-30,2025-02-04,,울산/엠지엘
240125010017222,ULS,USED,2025-01-30,2025-02-10,,울산/엠지엘
240125010017223,ULS,USED,2025-01-30,2025-02-12,,울산/엠지엘
240125010017225,ULS,USED,2025-01-30,2025-02-12,,울산/엠지엘
240125010017227,ULS,USED,2025-01-30,2025-02-12,,울산/엠지엘
240125010017309,ULS,USED,2025-01-30,2025-05-29,,울산/엠지엘
240125010017337,ULS,USED,2025-01-30,2025-02-13,,울산/엠지엘
240125010017229,ULS,USED,2025-01-30,2025-02-17,,울산/엠지엘
240125010017234,ULS,USED,2025-01-30,2025-02-12,,울산/엠지엘
240125010017235,ULS,USED,2025-01-30,2025-02-12,,울산/엠지엘
240125010017237,ULS,USED,2025-01-30,2025-02-12,,울산/엠지엘
240125010017158,ULS,USED,2025-01-30,2025-02-21,,울산/엠지엘
240125010017164,ULS,USED,2025-01-30,2025-02-18,,울산/엠지엘
240125010017167,ULS,USED,2025-01-30,2025-02-05,,울산/엠지엘
240125010017171,ULS,USED,2025-01-30,2025-02-04,,울산/엠지엘
240125010017179,ULS,USED,2025-01-30,2025-02-04,,울산/엠지엘
240125010017181,ULS,USED,2025-01-30,2025-01-30,,울산/엠지엘
240125010017188,ULS,USED,2025-01-30,2025-02-04,,울산/엠지엘
240125010017192,ULS,USED,2025-01-30,2025-02-03,,울산/엠지엘
240125010017201,ULS,USED,2025-01-30,2025-02-04,,울산/엠지엘
240125010017209,ULS,USED,2025-01-30,2025-02-04,,울산/엠지엘
240125010017058,ULS,USED,2025-01-30,2025-02-25,,울산/엠지엘
240125010017053,ULS,USED,2025-01-30,2025-02-25,,울산/엠지엘
240125010017046,ULS,USED,2025-01-30,2025-01-30,,울산/엠지엘
240125010017045,ULS,USED,2025-01-30,2025-01-30,,울산/엠지엘
240125010017041,ULS,USED,2025-01-30,2025-01-30,,울산/엠지엘
240125010017020,ULS,USED,2025-01-30,2025-03-17,,울산/엠지엘
240125010017018,ULS,USED,2025-01-30,2025-03-17,,울산/엠지엘
240125010017012,ULS,USED,2025-01-30,2025-03-19,,울산/엠지엘
240125010017010,ULS,USED,2025-01-30,2025-02-05,,울산/엠지엘
240125010017009,ULS,USED,2025-01-30,2025-02-05,,울산/엠지엘
240125010017005,ULS,USED,2025-01-30,2025-02-05,,울산/엠지엘
240125010017252,ULS,USED,2025-01-30,2025-05-09,,울산/엠지엘
240125010017265,ULS,USED,2025-01-30,2025-02-17,,울산/엠지엘
240125010017327,ULS,USED,2025-01-30,2025-04-22,,울산/엠지엘
240125010017240,ULS,USED,2025-01-30,2025-02-12,,울산/엠지엘
240125010017190,ULS,USED,2025-01-30,2025-01-30,,울산/엠지엘
240125010017197,ULS,USED,2025-01-30,2025-03-06,,울산/엠지엘
240125010017199,ULS,USED,2025-01-30,2025-02-04,,울산/엠지엘
240125010017134,ULS,USED,2025-01-30,2025-01-10,,울산/엠지엘
240125010017140,ULS,USED,2025-01-30,2025-02-17,,울산/엠지엘
240125010017217,ULS,USED,2025-01-30,2025-03-27,,울산/엠지엘
240125010017218,ULS,USED,2025-01-30,2025-03-31,,울산/엠지엘
240125010017221,ULS,USED,2025-01-30,2025-02-11,,울산/엠지엘
240125010017230,ULS,USED,2025-01-30,2025-02-12,,울산/엠지엘
240125010017231,ULS,USED,2025-01-30,2025-02-12,,울산/엠지엘
240125010017236,ULS,USED,2025-01-30,2025-02-12,,울산/엠지엘
240125010017149,ULS,USED,2025-01-30,2025-03-13,,울산/엠지엘
240125010017152,ULS,USED,2025-01-30,2025-02-24,,울산/엠지엘
240125010017155,ULS,USED,2025-01-30,2025-02-24,,울산/엠지엘
240125010017244,ULS,USED,2025-01-30,2025-02-06,,울산/엠지엘
240125010017255,ULS,USED,2025-01-30,2025-05-29,,울산/엠지엘
240125010017256,ULS,USED,2025-01-30,2025-03-10,,울산/엠지엘
240125010017267,ULS,USED,2025-01-30,2025-02-17,,울산/엠지엘
240125010017268,ULS,USED,2025-01-30,2025-02-17,,울산/엠지엘
240125010017039,ULS,USED,2025-01-30,2025-02-07,,울산/엠지엘
240125010017121,ULS,USED,2025-01-30,2025-03-06,,울산/엠지엘
240125010017119,ULS,USED,2025-01-30,2025-05-29,,울산/엠지엘
240125010017118,ULS,USED,2025-01-30,2025-03-20,,울산/엠지엘
240125010017112,ULS,USED,2025-01-30,2025-03-10,,울산/엠지엘
240125010017100,ULS,USED,2025-01-30,2025-02-27,,울산/엠지엘
240125010017180,ULS,USED,2025-01-30,2025-02-06,,울산/엠지엘
240125010017098,ULS,USED,2025-01-30,2025-02-27,,울산/엠지엘
240125010017086,ULS,USED,2025-01-30,2025-02-13,,울산/엠지엘
240125010017074,ULS,USED,2025-01-30,2025-03-12,,울산/엠지엘
240125010017065,ULS,USED,2025-01-30,2025-02-26,,울산/엠지엘
240125010017062,ULS,USED,2025-01-30,2025-02-27,,울산/엠지엘
240125010017056,ULS,USED,2025-01-30,2025-02-25,,울산/엠지엘
240125010017054,ULS,USED,2025-01-30,2025-02-25,,울산/엠지엘
240125010017032,ULS,USED,2025-01-30,2025-02-03,,울산/엠지엘
240125010017017,ULS,USED,2025-01-30,2025-03-17,,울산/엠지엘
240125010017169,ULS,USED,2025-01-30,2025-03-17,,울산/엠지엘
240125010017282,ULS,USED,2025-01-30,2025-02-21,,울산/엠지엘
240125010017168,ULS,USED,2025-01-30,2025-02-05,,울산/엠지엘
240125010017150,ULS,USED,2025-01-30,2025-03-14,,울산/엠지엘
240125010017196,ULS,USED,2025-01-30,2025-03-14,,울산/엠지엘
240125010017200,ULS,USED,2025-01-30,2025-02-04,,울산/엠지엘
240125010017019,ULS,USED,2025-01-30,2025-03-17,,울산/엠지엘
240125010017016,ULS,USED,2025-01-30,2025-03-17,,울산/엠지엘
240125010017002,ULS,USED,2025-01-30,2025-02-07,,울산/엠지엘
240125010017001,ULS,USED,2025-01-30,2025-02-06,,울산/엠지엘
240125010017315,ULS,USED,2025-01-30,2025-02-06,,울산/엠지엘
240125010017317,ULS,USED,2025-01-30,2025-02-10,,울산/엠지엘
240125010017318,ULS,USED,2025-01-30,2025-02-06,,울산/엠지엘
240125010017319,ULS,USED,2025-01-30,2025-02-10,,울산/엠지엘
240125010017323,ULS,USED,2025-01-30,2025-02-21,,울산/엠지엘
240125010017329,ULS,USED,2025-01-30,2025-06-10,,울산/엠지엘
240125010017332,ULS,USED,2025-01-30,2025-02-12,,울산/엠지엘
240125010017338,ULS,USED,2025-01-30,2025-02-13,,울산/엠지엘
240125010017128,ULS,USED,2025-01-30,2025-03-06,,울산/엠지엘
240125010017115,ULS,USED,2025-01-30,2025-05-30,,울산/엠지엘
240125010017107,ULS,USED,2025-01-30,2025-02-04,,울산/엠지엘
240125010017106,ULS,USED,2025-01-30,2025-02-04,,울산/엠지엘
240125010017105,ULS,USED,2025-01-30,2025-02-04,,울산/엠지엘
240125010017204,ULS,USED,2025-01-30,2025-02-03,,울산/엠지엘
240125010017211,ULS,USED,2025-01-30,2025-03-20,,울산/엠지엘
240125010017215,ULS,USED,2025-01-30,2025-03-24,,울산/엠지엘
240125010017219,ULS,USED,2025-01-30,2025-03-26,,울산/엠지엘
240125010017089,ULS,USED,2025-01-30,2025-02-13,,울산/엠지엘
240125010017081,ULS,USED,2025-01-30,2025-02-14,,울산/엠지엘
240125010017080,ULS,USED,2025-01-30,2025-03-10,,울산/엠지엘
240125010017078,ULS,USED,2025-01-30,2025-03-10,,울산/엠지엘
240125010017073,ULS,USED,2025-01-30,2025-03-12,,울산/엠지엘
240125010017072,ULS,USED,2025-01-30,2025-03-12,,울산/엠지엘
240125010017071,ULS,USED,2025-01-30,2025-03-12,,울산/엠지엘
240124120043027,ULS,USED,2025-01-10,2025-01-15,,울산/엠지엘
240124120043077,ULS,USED,2025-01-10,2025-01-10,,울산/엠지엘
240124120043101,ULS,USED,2025-01-10,2025-01-15,,울산/엠지엘
240124120043026,ULS,USED,2025-01-10,2025-01-10,,울산/엠지엘
240124120043050,ULS,USED,2025-01-10,2025-01-10,,울산/엠지엘
240124120043105,ULS,USED,2025-01-10,2025-01-16,,울산/엠지엘
240124120043128,ULS,USED,2025-01-10,2025-01-21,,울산/엠지엘
240124120043023,ULS,USED,2025-01-10,2025-01-20,,울산/엠지엘
240124120043087,ULS,USED,2025-01-10,2025-01-10,,울산/엠지엘
240124120043091,ULS,USED,2025-01-10,2025-01-14,,울산/엠지엘
240124120043093,ULS,USED,2025-01-10,2025-01-14,,울산/엠지엘
240124120043003,ULS,USED,2025-01-10,2025-01-10,,울산/엠지엘
240124120043004,ULS,USED,2025-01-10,2025-01-10,,울산/엠지엘
240124120043012,ULS,USED,2025-01-10,2025-01-21,,울산/엠지엘
240124120043014,ULS,USED,2025-01-10,2025-01-21,,울산/엠지엘
240124120043015,ULS,USED,2025-01-10,2025-01-30,,울산/엠지엘
240124120043016,ULS,USED,2025-01-10,2025-01-21,,울산/엠지엘
240124120043017,ULS,USED,2025-01-10,2025-03-30,,울산/엠지엘
240124120043018,ULS,USED,2025-01-10,2025-03-21,,울산/엠지엘
240124120043022,ULS,USED,2025-01-10,2025-01-20,,울산/엠지엘
240124120043025,ULS,USED,2025-01-10,2025-01-16,,울산/엠지엘
240124120043152,ULS,USED,2025-01-10,2025-01-10,,울산/엠지엘
240124120043036,ULS,USED,2025-01-10,2025-01-10,,울산/엠지엘
240124120043021,ULS,USED,2025-01-10,2025-01-20,,울산/엠지엘
240125010017049,ULS,USED,2025-01-30,2025-02-17,,울산/엠지엘
240125010017037,ULS,USED,2025-01-30,2025-02-19,,울산/엠지엘
240125010017212,ULS,USED,2025-01-30,2025-03-20,,울산/엠지엘
240125010017220,ULS,USED,2025-01-30,2025-03-27,,울산/엠지엘
240125010017156,ULS,USED,2025-01-30,2025-02-24,,울산/엠지엘
240125010017035,ULS,USED,2025-01-30,2025-02-19,,울산/엠지엘
240125010017097,ULS,USED,2025-01-30,2025-02-27,,울산/엠지엘
240125010017213,ULS,USED,2025-01-30,2025-03-20,,울산/엠지엘
240125010017269,ULS,USED,2025-01-30,2025-01-30,,울산/엠지엘
240125010017285,ULS,USED,2025-01-30,2025-02-28,,울산/엠지엘
240125010017170,ULS,USED,2025-01-30,2025-03-17,,울산/엠지엘
240125010017174,ULS,USED,2025-01-30,2025-02-03,,울산/엠지엘
240125010017320,ULS,USED,2025-01-30,2025-02-10,,울산/엠지엘
240125010017321,ULS,USED,2025-01-30,2025-02-06,,울산/엠지엘
240125010017322,ULS,USED,2025-01-30,2025-06-01,,울산/엠지엘
240125010017328,ULS,USED,2025-01-30,2025-02-06,,울산/엠지엘
240125010017331,ULS,USED,2025-01-30,2025-02-12,,울산/엠지엘
240125010017336,ULS,USED,2025-01-30,2025-02-27,,울산/엠지엘
240125010017186,ULS,USED,2025-01-30,2025-02-04,,울산/엠지엘
240125010017191,ULS,USED,2025-01-30,2025-01-30,,울산/엠지엘
240125010017193,ULS,USED,2025-01-30,2025-02-04,,울산/엠지엘
240125010017195,ULS,USED,2025-01-30,2025-03-13,,울산/엠지엘
240125010017206,ULS,USED,2025-01-30,2025-02-18,,울산/엠지엘
240125010017208,ULS,USED,2025-01-30,2025-01-30,,울산/엠지엘
240125010017210,ULS,USED,2025-01-30,2025-01-30,,울산/엠지엘
240125010017312,ULS,USED,2025-01-30,2025-02-10,,울산/엠지엘
240125010017334,ULS,USED,2025-01-30,2025-04-03,,울산/엠지엘
240125010017335,ULS,USED,2025-01-30,2025-02-27,,울산/엠지엘
240125010017339,ULS,USED,2025-01-30,2025-02-20,,울산/엠지엘
240125010017076,ULS,USED,2025-01-30,2025-03-11,,울산/엠지엘
240125010017069,ULS,USED,2025-01-30,2025-02-20,,울산/엠지엘
240125010017068,ULS,USED,2025-01-30,2025-02-27,,울산/엠지엘
240125010017182,ULS,USED,2025-01-30,2025-02-04,,울산/엠지엘
240125010017185,ULS,USED,2025-01-30,2025-02-03,,울산/엠지엘
240125010017187,ULS,USED,2025-01-30,2025-02-04,,울산/엠지엘
240125010017137,ULS,USED,2025-01-30,2025-02-17,,울산/엠지엘
240125010017138,ULS,USED,2025-01-30,2025-02-17,,울산/엠지엘
240125010017139,ULS,USED,2025-01-30,2025-02-17,,울산/엠지엘
240125010017189,ULS,USED,2025-01-30,2025-01-30,,울산/엠지엘
240125010017194,ULS,USED,2025-01-30,2025-02-04,,울산/엠지엘
240124120043114,ULS,USED,2025-01-10,2025-01-10,,울산/엠지엘
240124120043079,ULS,USED,2025-01-10,2025-01-10,,울산/엠지엘
240124120043080,ULS,USED,2025-01-10,2025-01-15,,울산/엠지엘
240124120043088,ULS,USED,2025-01-10,2025-01-10,,울산/엠지엘
240124120043092,ULS,USED,2025-01-10,2025-01-14,,울산/엠지엘
240124120043098,ULS,USED,2025-01-10,2025-01-14,,울산/엠지엘
240124120043008,ULS,USED,2025-01-10,2025-01-22,,울산/엠지엘
240124120043009,ULS,USED,2025-01-10,2025-01-10,,울산/엠지엘
240124120043011,ULS,USED,2025-01-10,2025-01-21,,울산/엠지엘
240124120043024,ULS,USED,2025-01-10,2025-01-22,,울산/엠지엘
240124120043042,ULS,USED,2025-01-10,2025-01-10,,울산/엠지엘
240124120043045,ULS,USED,2025-01-10,2025-01-10,,울산/엠지엘
240124120043048,ULS,USED,2025-01-10,2025-01-10,,울산/엠지엘
240124120043031,ULS,USED,2025-01-10,2025-01-10,,울산/엠지엘
240124120043033,ULS,USED,2025-01-10,2025-01-10,,울산/엠지엘
240124120043039,ULS,USED,2025-01-10,2025-01-10,,울산/엠지엘
240124120043096,ULS,USED,2025-01-10,2025-01-14,,울산/엠지엘
240124120043097,ULS,USED,2025-01-10,2025-01-10,,울산/엠지엘
240124120043099,ULS,USED,2025-01-10,2025-01-16,,울산/엠지엘
240124120043029,ULS,USED,2025-01-10,2025-01-10,,울산/엠지엘
240124120043034,ULS,USED,2025-01-10,2025-01-10,,울산/엠지엘
240124120043010,ULS,USED,2025-01-10,2025-01-21,,울산/엠지엘
240124120043154,ULS,USED,2025-01-10,2025-01-10,,울산/엠지엘
240124120043037,ULS,USED,2025-01-10,2025-01-10,,울산/엠지엘
240124120043043,ULS,USED,2025-01-10,2025-01-20,,울산/엠지엘
240124120043046,ULS,USED,2025-01-10,2025-01-20,,울산/엠지엘
240124120043104,ULS,USED,2025-01-10,2025-01-16,,울산/엠지엘
240124120043135,ULS,USED,2025-01-10,2025-01-10,,울산/엠지엘
240124120043140,ULS,USED,2025-01-10,2025-01-14,,울산/엠지엘
240124120043145,ULS,USED,2025-01-10,2025-01-21,,울산/엠지엘
240124120043147,ULS,USED,2025-01-10,2025-01-10,,울산/엠지엘
240124120043148,ULS,USED,2025-01-10,2025-01-10,,울산/엠지엘
240124120043115,ULS,USED,2025-01-10,2025-01-10,,울산/엠지엘
240124120043125,ULS,USED,2025-01-10,2025-01-15,,울산/엠지엘
240124120043127,ULS,USED,2025-01-10,2025-01-10,,울산/엠지엘
240124120043130,ULS,USED,2025-01-10,2025-01-10,,울산/엠지엘
240124120043151,ULS,USED,2025-01-10,2025-01-10,,울산/엠지엘
240124120043155,ULS,USED,2025-01-10,2025-01-10,,울산/엠지엘
240124120043040,ULS,USED,2025-01-10,2025-01-10,,울산/엠지엘
240124120043054,ULS,USED,2025-01-10,2025-01-10,,울산/엠지엘
240124120043057,ULS,USED,2025-01-10,2025-01-10,,울산/엠지엘
240124120043063,ULS,USED,2025-01-10,2025-01-15,,울산/엠지엘
240124120043065,ULS,USED,2025-01-10,2025-01-16,,울산/엠지엘
240124120043068,ULS,USED,2025-01-10,2025-01-15,,울산/엠지엘
240124120043069,ULS,USED,2025-01-10,2025-01-16,,울산/엠지엘
240124120043030,ULS,USED,2025-01-10,2025-01-10,,울산/엠지엘
240124120043108,ULS,USED,2025-01-10,2025-01-10,,울산/엠지엘
240124120043112,ULS,USED,2025-01-10,2025-01-10,,울산/엠지엘
240124120043122,ULS,USED,2025-01-10,2025-01-10,,울산/엠지엘
240124120043123,ULS,USED,2025-01-10,2025-01-10,,울산/엠지엘
240124120043055,ULS,USED,2025-01-10,2025-01-15,,울산/엠지엘
240124120043064,ULS,USED,2025-01-10,2025-01-10,,울산/엠지엘
240124120043071,ULS,USED,2025-01-10,2025-01-10,,울산/엠지엘
240124120043076,ULS,USED,2025-01-10,2025-01-16,,울산/엠지엘
240124120043072,ULS,USED,2025-01-10,2025-01-10,,울산/엠지엘
240124120043094,ULS,USED,2025-01-10,2025-01-14,,울산/엠지엘
240124120043086,ULS,USED,2025-01-10,2025-01-10,,울산/엠지엘
240124120043044,ULS,USED,2025-01-10,2025-01-10,,울산/엠지엘
240124120043005,ULS,USED,2025-01-10,2025-01-10,,울산/엠지엘
240124120043006,ULS,USED,2025-01-10,2025-01-10,,울산/엠지엘
240124120043062,ULS,USED,2025-01-10,2025-01-10,,울산/엠지엘
240124120043085,ULS,USED,2025-01-10,2025-01-16,,울산/엠지엘
240124120043002,ULS,USED,2025-01-10,2025-01-10,,울산/엠지엘
240124120043020,ULS,USED,2025-01-10,2025-01-21,,울산/엠지엘
240124120043067,ULS,USED,2025-01-10,2025-01-14,,울산/엠지엘
240124120043049,ULS,USED,2025-01-10,2025-01-10,,울산/엠지엘
240124120043007,ULS,USED,2025-01-10,2025-01-21,,울산/엠지엘
240124120043013,ULS,USED,2025-01-10,2025-01-21,,울산/엠지엘
240124120043103,ULS,USED,2025-01-10,2025-01-10,,울산/엠지엘
240124120043081,ULS,USED,2025-01-10,2025-01-10,,울산/엠지엘
240124120043116,ULS,USED,2025-01-10,2025-01-10,,울산/엠지엘
240124120043111,ULS,USED,2025-01-10,2025-01-11,,울산/엠지엘
240124120043113,ULS,USED,2025-01-10,2025-01-10,,울산/엠지엘
240124120043143,ULS,USED,2025-01-10,2025-01-10,,울산/엠지엘
240124120043144,ULS,USED,2025-01-10,2025-01-10,,울산/엠지엘
240124120043146,ULS,USED,2025-01-10,2025-01-10,,울산/엠지엘
240124120043153,ULS,USED,2025-01-10,2025-01-10,,울산/엠지엘
240124120043075,ULS,USED,2025-01-10,2025-01-16,,울산/엠지엘
240124120043083,ULS,USED,2025-01-10,2025-01-16,,울산/엠지엘
240124120043089,ULS,USED,2025-01-10,2025-01-15,,울산/엠지엘
240124120043090,ULS,USED,2025-01-10,2025-01-15,,울산/엠지엘
240124120043100,ULS,USED,2025-01-10,2025-01-16,,울산/엠지엘
240124120043074,ULS,USED,2025-01-10,2025-01-15,,울산/엠지엘
240124120043001,ULS,USED,2025-01-10,2025-01-21,,울산/엠지엘
240124120043053,ULS,USED,2025-01-10,2025-01-05,,울산/엠지엘
240124120043070,ULS,USED,2025-01-10,2025-01-15,,울산/엠지엘
240124120043073,ULS,USED,2025-01-10,2025-01-15,,울산/엠지엘
240124120043095,ULS,USED,2025-01-10,2025-01-16,,울산/엠지엘
240124120043126,ULS,USED,2025-01-10,2025-01-15,,울산/엠지엘
240124120043131,ULS,USED,2025-01-10,2025-01-15,,울산/엠지엘
240124120043132,ULS,USED,2025-01-10,2025-01-10,,울산/엠지엘
240124120043136,ULS,USED,2025-01-10,2025-01-15,,울산/엠지엘
240124120043141,ULS,USED,2025-01-10,2025-01-10,,울산/엠지엘
240124120043149,ULS,USED,2025-01-10,2025-01-15,,울산/엠지엘
240124120043150,ULS,USED,2025-01-10,2025-01-10,,울산/엠지엘
240124120043032,ULS,USED,2025-01-10,2025-01-10,,울산/엠지엘
240124120043028,ULS,USED,2025-01-10,2025-01-10,,울산/엠지엘
240124120043041,ULS,USED,2025-01-10,2025-01-10,,울산/엠지엘
240124120043038,ULS,USED,2025-01-10,2025-01-10,,울산/엠지엘
240124120043078,ULS,USED,2025-01-10,2025-01-15,,울산/엠지엘
240124120043082,ULS,USED,2025-01-10,2025-01-16,,울산/엠지엘
240124120043084,ULS,USED,2025-01-10,2025-01-10,,울산/엠지엘
240124120043051,ULS,USED,2025-01-10,2025-01-30,,울산/엠지엘
240124120043052,ULS,USED,2025-01-10,2025-01-10,,울산/엠지엘
240124120043117,ULS,USED,2025-01-10,2025-01-10,,울산/엠지엘
240124120043118,ULS,USED,2025-01-10,2025-01-10,,울산/엠지엘
240124120043119,ULS,USED,2025-01-10,2025-01-10,,울산/엠지엘
240124120043129,ULS,USED,2025-01-10,2025-01-10,,울산/엠지엘
240124120043142,ULS,USED,2025-01-10,2025-01-10,,울산/엠지엘
240124120043059,ULS,USED,2025-01-10,2025-01-17,,울산/엠지엘
240124120043060,ULS,USED,2025-01-10,2025-01-14,,울산/엠지엘
240124120043061,ULS,USED,2025-01-10,2025-01-14,,울산/엠지엘
240124120043109,ULS,USED,2025-01-10,2025-01-15,,울산/엠지엘
240124120043066,ULS,USED,2025-01-10,2025-01-14,,울산/엠지엘
240124120043110,ULS,USED,2025-01-10,2025-01-15,,울산/엠지엘
240124120043102,ULS,USED,2025-01-10,2025-01-15,,울산/엠지엘
240124120043106,ULS,USED,2025-01-10,2025-01-16,,울산/엠지엘
240124120043107,ULS,USED,2025-01-10,2025-01-15,,울산/엠지엘
240124120043120,ULS,USED,2025-01-10,2025-01-10,,울산/엠지엘
240124120043121,ULS,USED,2025-01-10,2025-01-10,,울산/엠지엘
240124120043124,ULS,USED,2025-01-10,2025-01-10,,울산/엠지엘
240124120043133,ULS,USED,2025-01-10,2025-01-15,,울산/엠지엘
240124120043134,ULS,USED,2025-01-10,2025-01-15,,울산/엠지엘
240124120043137,ULS,USED,2025-01-10,2025-01-10,,울산/엠지엘
240124120043138,ULS,USED,2025-01-10,2025-01-15,,울산/엠지엘
240124120043139,ULS,USED,2025-01-10,2025-01-14,,울산/엠지엘
240124120043056,ULS,USED,2025-01-10,2025-01-10,,울산/엠지엘
240124120043058,ULS,USED,2025-01-10,2025-01-10,,울산/엠지엘
240124120017078,ULS,USED,2024-12-26,2025-01-10,,울산/엠지엘
240124120017079,ULS,USED,2024-12-26,2025-01-09,,울산/엠지엘
240124120017082,ULS,USED,2024-12-26,2024-12-30,,울산/엠지엘
240124120017074,ULS,USED,2024-12-26,2025-01-09,,울산/엠지엘
240124120017083,ULS,USED,2024-12-26,2025-01-16,,울산/엠지엘
240124120017055,ULS,USED,2024-12-26,2025-01-15,,울산/엠지엘
240124120017094,ULS,USED,2024-12-26,2025-01-06,,울산/엠지엘
240124120017119,ULS,USED,2024-12-26,2025-01-06,,울산/엠지엘
240124120017134,ULS,USED,2024-12-26,2025-01-07,,울산/엠지엘
240124120017135,ULS,USED,2024-12-26,2025-01-09,,울산/엠지엘
240124120017142,ULS,USED,2024-12-26,2025-01-06,,울산/엠지엘
240124120017160,ULS,USED,2024-12-26,2025-01-06,,울산/엠지엘
240124120017002,ULS,USED,2024-12-26,2025-01-09,,울산/엠지엘
240124120017042,ULS,USED,2024-12-26,2025-01-06,,울산/엠지엘
240124120017018,ULS,USED,2024-12-26,2025-01-08,,울산/엠지엘
240124120017019,ULS,USED,2024-12-26,2025-01-01,,울산/엠지엘
240124120017026,ULS,USED,2024-12-26,2025-01-13,,울산/엠지엘
240124120017054,ULS,USED,2024-12-26,2025-01-13,,울산/엠지엘
240124120017032,ULS,USED,2024-12-26,2025-01-10,,울산/엠지엘
240124120017064,ULS,USED,2024-12-26,2025-02-05,,울산/엠지엘
240124120017065,ULS,USED,2024-12-26,2025-01-05,,울산/엠지엘
240124120017076,ULS,USED,2024-12-26,2025-01-10,,울산/엠지엘
240124120017080,ULS,USED,2024-12-26,2025-01-09,,울산/엠지엘
240124120017086,ULS,USED,2024-12-26,2025-01-16,,울산/엠지엘
240124120017089,ULS,USED,2024-12-26,2025-01-02,,울산/엠지엘
240124120017168,ULS,USED,2024-12-26,2025-01-15,,울산/엠지엘
240124120017145,ULS,USED,2024-12-26,2025-01-02,,울산/엠지엘
240124120017156,ULS,USED,2024-12-26,2025-01-09,,울산/엠지엘
240124120017166,ULS,USED,2024-12-26,2024-12-30,,울산/엠지엘
240124120017159,ULS,USED,2024-12-26,2025-01-06,,울산/엠지엘
240124120017137,ULS,USED,2024-12-26,2025-01-09,,울산/엠지엘
240124120017158,ULS,USED,2024-12-26,2025-01-08,,울산/엠지엘
240124120017040,ULS,USED,2024-12-26,2025-01-09,,울산/엠지엘
240124120017049,ULS,USED,2024-12-26,2025-01-02,,울산/엠지엘
240124120017174,ULS,USED,2024-12-26,2024-12-30,,울산/엠지엘
240124120017009,ULS,USED,2024-12-26,2025-01-09,,울산/엠지엘
240124120017090,ULS,USED,2024-12-26,2025-01-02,,울산/엠지엘
240124120017046,ULS,USED,2024-12-26,2025-01-03,,울산/엠지엘
240124120017050,ULS,USED,2024-12-26,2025-01-02,,울산/엠지엘
240124120017073,ULS,USED,2024-12-26,2025-01-09,,울산/엠지엘
240124120017075,ULS,USED,2024-12-26,2025-01-01,,울산/엠지엘
240124120017084,ULS,USED,2024-12-26,2025-01-16,,울산/엠지엘
240124120017004,ULS,USED,2024-12-26,2025-01-09,,울산/엠지엘
240124120017007,ULS,USED,2024-12-26,2025-01-08,,울산/엠지엘
240124120017008,ULS,USED,2024-12-26,2025-01-08,,울산/엠지엘
240124120017011,ULS,USED,2024-12-26,2025-01-06,,울산/엠지엘
240124120017014,ULS,USED,2024-12-26,2025-01-08,,울산/엠지엘
240124120017157,ULS,USED,2024-12-26,2025-01-07,,울산/엠지엘
240124120017123,ULS,USED,2024-12-26,2025-01-07,,울산/엠지엘
240124120017147,ULS,USED,2024-12-26,2025-01-02,,울산/엠지엘
240124120017162,ULS,USED,2024-12-26,2025-01-20,,울산/엠지엘
240124120017163,ULS,USED,2024-12-26,2025-01-16,,울산/엠지엘
240124120017151,ULS,USED,2024-12-26,2025-01-02,,울산/엠지엘
240124120017154,ULS,USED,2024-12-26,2025-01-03,,울산/엠지엘
240124120017104,ULS,USED,2024-12-26,2025-01-09,,울산/엠지엘
240124120017071,ULS,USED,2024-12-26,2025-01-10,,울산/엠지엘
240124120017072,ULS,USED,2024-12-26,2025-01-09,,울산/엠지엘
240124120017092,ULS,USED,2024-12-26,2025-01-09,,울산/엠지엘
240124120017099,ULS,USED,2024-12-26,2025-01-03,,울산/엠지엘
240124120017101,ULS,USED,2024-12-26,2025-01-13,,울산/엠지엘
240124120017170,ULS,USED,2024-12-26,2025-01-14,,울산/엠지엘
240124120043047,ULS,USED,2025-01-10,2025-01-10,,울산/엠지엘
240124120043035,ULS,USED,2025-01-10,2025-01-22,,울산/엠지엘
240124120043019,ULS,USED,2025-01-10,2025-01-20,,울산/엠지엘
240124120017169,ULS,USED,2024-12-26,2025-01-14,,울산/엠지엘
240124120017171,ULS,USED,2024-12-26,2025-01-16,,울산/엠지엘
240124120017173,ULS,USED,2024-12-26,2025-01-15,,울산/엠지엘
240124120017035,ULS,USED,2024-12-26,2025-01-10,,울산/엠지엘
240124120017036,ULS,USED,2024-12-26,2025-01-10,,울산/엠지엘
240124120017053,ULS,USED,2024-12-26,2025-01-13,,울산/엠지엘
240124120017056,ULS,USED,2024-12-26,2025-01-13,,울산/엠지엘
240124120017085,ULS,USED,2024-12-26,2025-01-14,,울산/엠지엘
240124120017091,ULS,USED,2024-12-26,2025-01-06,,울산/엠지엘
240124120017095,ULS,USED,2024-12-26,2025-01-08,,울산/엠지엘
240124120017006,ULS,USED,2024-12-26,2025-01-08,,울산/엠지엘
240124120017122,ULS,USED,2024-12-26,2025-01-07,,울산/엠지엘
240124120017124,ULS,USED,2024-12-26,2025-01-07,,울산/엠지엘
240124120017067,ULS,USED,2024-12-26,2025-01-03,,울산/엠지엘
240124120017107,ULS,USED,2024-12-26,2025-01-10,,울산/엠지엘
240124120017112,ULS,USED,2024-12-26,2025-01-06,,울산/엠지엘
240124120017114,ULS,USED,2024-12-26,2025-01-03,,울산/엠지엘
240124120017136,ULS,USED,2024-12-26,2025-01-09,,울산/엠지엘
240124120017132,ULS,USED,2024-12-26,2025-01-13,,울산/엠지엘
240124120017140,ULS,USED,2024-12-26,2025-01-09,,울산/엠지엘
240124120017161,ULS,USED,2024-12-26,2025-01-16,,울산/엠지엘
240124120017031,ULS,USED,2024-12-26,2025-01-09,,울산/엠지엘
240124120017126,ULS,USED,2024-12-26,2025-01-07,,울산/엠지엘
240124120017116,ULS,USED,2024-12-26,2025-01-03,,울산/엠지엘
240124120017023,ULS,USED,2024-12-26,2025-01-13,,울산/엠지엘
240124120017155,ULS,USED,2024-12-26,2025-01-09,,울산/엠지엘
240124120017027,ULS,USED,2024-12-26,2025-01-13,,울산/엠지엘
240124120017033,ULS,USED,2024-12-26,2025-01-10,,울산/엠지엘
240124120017034,ULS,USED,2024-12-26,2025-01-09,,울산/엠지엘
240124120017047,ULS,USED,2024-12-26,2025-01-02,,울산/엠지엘
240124120017048,ULS,USED,2024-12-26,2025-01-02,,울산/엠지엘
240124120017070,ULS,USED,2024-12-26,2025-01-03,,울산/엠지엘
240124120017052,ULS,USED,2024-12-26,2025-01-14,,울산/엠지엘
240124120017066,ULS,USED,2024-12-26,2025-01-03,,울산/엠지엘
240124120017175,ULS,USED,2024-12-26,2024-12-30,,울산/엠지엘
240124120017172,ULS,USED,2024-12-26,2025-01-14,,울산/엠지엘
240124120017117,ULS,USED,2024-12-26,2025-01-06,,울산/엠지엘
240124120017063,ULS,USED,2024-12-26,2025-02-12,,울산/엠지엘
240124120017041,ULS,USED,2024-12-26,2025-01-03,,울산/엠지엘
240124120017043,ULS,USED,2024-12-26,2025-01-03,,울산/엠지엘
240124120017098,ULS,USED,2024-12-26,2025-01-03,,울산/엠지엘
240124120017111,ULS,USED,2024-12-26,2025-01-06,,울산/엠지엘
240124120017138,ULS,USED,2024-12-26,2025-01-20,,울산/엠지엘
240124120017010,ULS,USED,2024-12-26,2025-01-08,,울산/엠지엘
240124120017062,ULS,USED,2024-12-26,2025-02-25,,울산/엠지엘
240124120017096,ULS,USED,2024-12-26,2025-01-09,,울산/엠지엘
240124120017097,ULS,USED,2024-12-26,2025-01-03,,울산/엠지엘
240124120017102,ULS,USED,2024-12-26,2025-01-13,,울산/엠지엘
240124120017103,ULS,USED,2024-12-26,2025-01-10,,울산/엠지엘
240124120017141,ULS,USED,2024-12-26,2025-01-09,,울산/엠지엘
240124120017143,ULS,USED,2024-12-26,2025-01-02,,울산/엠지엘
240124120017148,ULS,USED,2024-12-26,2025-01-02,,울산/엠지엘
240124120017149,ULS,USED,2024-12-26,2024-12-30,,울산/엠지엘
240124120017005,ULS,USED,2024-12-26,2025-01-08,,울산/엠지엘
240124120017012,ULS,USED,2024-12-26,2025-01-08,,울산/엠지엘
240124120017150,ULS,USED,2024-12-26,2024-12-31,,울산/엠지엘
240124120017153,ULS,USED,2024-12-26,2025-01-03,,울산/엠지엘
240124120017057,ULS,USED,2024-12-26,2025-01-06,,울산/엠지엘
240124120017058,ULS,USED,2024-12-26,2025-01-13,,울산/엠지엘
240124120017059,ULS,USED,2024-12-26,2025-01-10,,울산/엠지엘
240124120017060,ULS,USED,2024-12-26,2025-01-13,,울산/엠지엘
240124120017061,ULS,USED,2024-12-26,2025-02-25,,울산/엠지엘
240124120017068,ULS,USED,2024-12-26,2025-01-03,,울산/엠지엘
240124120017069,ULS,USED,2024-12-26,2025-01-01,,울산/엠지엘
240124110026102,ULS,USED,2024-12-03,2024-12-16,,울산/엠지엘
240124110026126,ULS,USED,2024-12-03,2024-12-03,,울산/엠지엘
240124110026042,ULS,USED,2024-12-03,2024-12-03,,울산/엠지엘
240124110026044,ULS,USED,2024-12-03,2024-12-15,,울산/엠지엘
240124110026046,ULS,USED,2024-12-03,2024-12-03,,울산/엠지엘
240124110026007,ULS,USED,2024-12-03,2025-03-14,,울산/엠지엘
240124110026020,ULS,USED,2024-12-03,2025-03-24,,울산/엠지엘
240124110026004,ULS,USED,2024-12-03,2025-03-14,,울산/엠지엘
240124110026012,ULS,USED,2024-12-03,2024-12-13,,울산/엠지엘
240124110026081,ULS,USED,2024-12-03,2024-12-20,,울산/엠지엘
240124110026086,ULS,USED,2024-12-03,2024-12-03,,울산/엠지엘
240124110026057,ULS,USED,2024-12-03,2024-12-03,,울산/엠지엘
240124110026032,ULS,USED,2024-12-03,2024-12-09,,울산/엠지엘
240124110026111,ULS,USED,2024-12-03,2024-12-03,,울산/엠지엘
240124120017118,ULS,USED,2024-12-26,2025-01-03,,울산/엠지엘
240124120017125,ULS,USED,2024-12-26,2025-01-07,,울산/엠지엘
240124120017106,ULS,USED,2024-12-26,2025-01-10,,울산/엠지엘
240124120017167,ULS,USED,2024-12-26,2025-01-16,,울산/엠지엘
240124120017001,ULS,USED,2024-12-26,2025-01-06,,울산/엠지엘
240124120017013,ULS,USED,2024-12-26,2025-01-08,,울산/엠지엘
240124120017022,ULS,USED,2024-12-26,2025-01-13,,울산/엠지엘
240124120017025,ULS,USED,2024-12-26,2025-01-13,,울산/엠지엘
240124120017029,ULS,USED,2024-12-26,2025-01-13,,울산/엠지엘
240124120017037,ULS,USED,2024-12-26,2025-01-09,,울산/엠지엘
240124120017039,ULS,USED,2024-12-26,2025-01-09,,울산/엠지엘
240124120017044,ULS,USED,2024-12-26,2025-01-03,,울산/엠지엘
240124120017045,ULS,USED,2024-12-26,2025-01-02,,울산/엠지엘
240124120017015,ULS,USED,2024-12-26,2025-01-08,,울산/엠지엘
240124120017020,ULS,USED,2024-12-26,2025-01-08,,울산/엠지엘
240124120017081,ULS,USED,2024-12-26,2024-12-30,,울산/엠지엘
240124120017130,ULS,USED,2024-12-26,2025-01-08,,울산/엠지엘
240124120017131,ULS,USED,2024-12-26,2025-01-06,,울산/엠지엘
240124120017133,ULS,USED,2024-12-26,2025-01-14,,울산/엠지엘
240124120017100,ULS,USED,2024-12-26,2025-01-06,,울산/엠지엘
240124120017108,ULS,USED,2024-12-26,2025-01-10,,울산/엠지엘
240124120017028,ULS,USED,2024-12-26,2025-01-10,,울산/엠지엘
240124120017038,ULS,USED,2024-12-26,2025-01-10,,울산/엠지엘
240124120017003,ULS,USED,2024-12-26,2025-01-08,,울산/엠지엘
240124120017051,ULS,USED,2024-12-26,2025-01-14,,울산/엠지엘
240124120017077,ULS,USED,2024-12-26,2025-01-08,,울산/엠지엘
240124120017087,ULS,USED,2024-12-26,2025-01-13,,울산/엠지엘
240124120017088,ULS,USED,2024-12-26,2025-01-10,,울산/엠지엘
240124120017016,ULS,USED,2024-12-26,2025-01-08,,울산/엠지엘
240124120017017,ULS,USED,2024-12-26,2025-01-08,,울산/엠지엘
240124120017021,ULS,USED,2024-12-26,2025-01-13,,울산/엠지엘
240124120017024,ULS,USED,2024-12-26,2025-01-13,,울산/엠지엘
240124120017030,ULS,USED,2024-12-26,2025-01-10,,울산/엠지엘
240124120017093,ULS,USED,2024-12-26,2025-01-08,,울산/엠지엘
240124120017105,ULS,USED,2024-12-26,2025-01-10,,울산/엠지엘
240124120017109,ULS,USED,2024-12-26,2025-01-10,,울산/엠지엘
240124120017110,ULS,USED,2024-12-26,2025-01-09,,울산/엠지엘
240124120017113,ULS,USED,2024-12-26,2025-01-03,,울산/엠지엘
240124120017115,ULS,USED,2024-12-26,2025-01-03,,울산/엠지엘
240124120017120,ULS,USED,2024-12-26,2025-01-08,,울산/엠지엘
240124120017121,ULS,USED,2024-12-26,2025-01-07,,울산/엠지엘
240124120017127,ULS,USED,2024-12-26,2025-01-07,,울산/엠지엘
240124120017128,ULS,USED,2024-12-26,2025-01-07,,울산/엠지엘
240124120017129,ULS,USED,2024-12-26,2025-01-07,,울산/엠지엘
240124120017139,ULS,USED,2024-12-26,2025-01-20,,울산/엠지엘
240124120017144,ULS,USED,2024-12-26,2025-01-02,,울산/엠지엘
240124120017146,ULS,USED,2024-12-26,2025-01-02,,울산/엠지엘
240124120017152,ULS,USED,2024-12-26,2025-01-02,,울산/엠지엘
240124120017164,ULS,USED,2024-12-26,2025-01-14,,울산/엠지엘
240124120017165,ULS,USED,2024-12-26,2025-01-20,,울산/엠지엘
240124110026120,ULS,USED,2024-12-03,2024-12-16,,울산/엠지엘
240124110026134,ULS,USED,2024-12-03,2024-12-05,,울산/엠지엘
240124110026145,ULS,USED,2024-12-03,2024-12-03,,울산/엠지엘
240124110026153,ULS,USED,2024-12-03,2024-12-03,,울산/엠지엘
240124110026107,ULS,USED,2024-12-03,2024-12-12,,울산/엠지엘
240124110026143,ULS,USED,2024-12-03,2024-12-03,,울산/엠지엘
240124110026146,ULS,USED,2024-12-03,2024-12-03,,울산/엠지엘
240124110026149,ULS,USED,2024-12-03,2024-12-03,,울산/엠지엘
240124110026151,ULS,USED,2024-12-03,2024-12-16,,울산/엠지엘
240124110026045,ULS,USED,2024-12-03,2024-12-10,,울산/엠지엘
240124110026062,ULS,USED,2024-12-03,2024-12-12,,울산/엠지엘
240124110026065,ULS,USED,2024-12-03,2024-12-10,,울산/엠지엘
240124110026067,ULS,USED,2024-12-03,2024-12-12,,울산/엠지엘
240124110026036,ULS,USED,2024-12-03,2024-12-10,,울산/엠지엘
240124110026043,ULS,USED,2024-12-03,2024-12-10,,울산/엠지엘
240124110026093,ULS,USED,2024-12-03,2024-12-03,,울산/엠지엘
240124110026050,ULS,USED,2024-12-03,2024-12-11,,울산/엠지엘
240124110026052,ULS,USED,2024-12-03,2024-12-13,,울산/엠지엘
240124110026133,ULS,USED,2024-12-03,2024-12-30,,울산/엠지엘
240124110026154,ULS,USED,2024-12-03,2025-01-14,,울산/엠지엘
240124110026018,ULS,USED,2024-12-03,2024-12-03,,울산/엠지엘
240124110026156,ULS,USED,2024-12-03,2024-12-30,,울산/엠지엘
240124110026006,ULS,USED,2024-12-03,2025-03-14,,울산/엠지엘
240124110026010,ULS,USED,2024-12-03,2025-01-14,,울산/엠지엘
240124110026001,ULS,USED,2024-12-03,2025-01-01,,울산/엠지엘
240124110026033,ULS,USED,2024-12-03,2024-12-10,,울산/엠지엘
240124110026037,ULS,USED,2024-12-03,2024-12-03,,울산/엠지엘
240124110026070,ULS,USED,2024-12-03,2024-12-15,,울산/엠지엘
240124110026076,ULS,USED,2024-12-03,2024-12-13,,울산/엠지엘
240124110026105,ULS,USED,2024-12-03,2024-12-12,,울산/엠지엘
240124110026139,ULS,USED,2024-12-03,2024-12-05,,울산/엠지엘
240124110026013,ULS,USED,2024-12-03,2024-12-03,,울산/엠지엘
240124110026017,ULS,USED,2024-12-03,2025-03-21,,울산/엠지엘
240124110026069,ULS,USED,2024-12-03,2024-12-10,,울산/엠지엘
240124110026030,ULS,USED,2024-12-03,2024-12-03,,울산/엠지엘
240124110026079,ULS,USED,2024-12-03,2024-12-03,,울산/엠지엘
240124110026112,ULS,USED,2024-12-03,2024-12-03,,울산/엠지엘
240124110026089,ULS,USED,2024-12-03,2024-12-20,,울산/엠지엘
240124110026091,ULS,USED,2024-12-03,2024-12-05,,울산/엠지엘
240124110026094,ULS,USED,2024-12-03,2024-12-03,,울산/엠지엘
240124110026132,ULS,USED,2024-12-03,2024-12-16,,울산/엠지엘
240124110026129,ULS,USED,2024-12-03,2024-12-20,,울산/엠지엘
240124110026121,ULS,USED,2024-12-03,2024-12-30,,울산/엠지엘
240124110026073,ULS,USED,2024-12-03,2024-12-13,,울산/엠지엘
240124110026022,ULS,USED,2024-12-03,2024-12-03,,울산/엠지엘
240124110026077,ULS,USED,2024-12-03,2024-12-03,,울산/엠지엘
240124110026099,ULS,USED,2024-12-03,2024-12-03,,울산/엠지엘
240124110026104,ULS,USED,2024-12-03,2024-12-16,,울산/엠지엘
240124110026118,ULS,USED,2024-12-03,2024-12-03,,울산/엠지엘
240124110026158,ULS,USED,2024-12-03,2024-12-16,,울산/엠지엘
240124110026124,ULS,USED,2024-12-03,2024-12-16,,울산/엠지엘
240124110026117,ULS,USED,2024-12-03,2024-12-23,,울산/엠지엘
240124110026152,ULS,USED,2024-12-03,2024-12-03,,울산/엠지엘
240124110026054,ULS,USED,2024-12-03,2024-12-13,,울산/엠지엘
240124110026002,ULS,USED,2024-12-03,2025-01-14,,울산/엠지엘
240124110026055,ULS,USED,2024-12-03,2024-12-20,,울산/엠지엘
240124110026140,ULS,USED,2024-12-03,2024-12-20,,울산/엠지엘
240124110026053,ULS,USED,2024-12-03,2024-12-13,,울산/엠지엘
240124110026074,ULS,USED,2024-12-03,2024-12-13,,울산/엠지엘
240124110026090,ULS,USED,2024-12-03,2024-12-20,,울산/엠지엘
240124110026082,ULS,USED,2024-12-03,2024-12-20,,울산/엠지엘
240124110026084,ULS,USED,2024-12-03,2024-12-16,,울산/엠지엘
240124110026142,ULS,USED,2024-12-03,2024-12-03,,울산/엠지엘
240124110026144,ULS,USED,2024-12-03,2024-12-03,,울산/엠지엘
240124110026026,ULS,USED,2024-12-03,2024-12-03,,울산/엠지엘
240124110026159,ULS,USED,2024-12-03,2024-12-03,,울산/엠지엘
240124110026060,ULS,USED,2024-12-03,2024-12-13,,울산/엠지엘
240124110026085,ULS,USED,2024-12-03,2024-12-20,,울산/엠지엘
240124110026087,ULS,USED,2024-12-03,2024-12-20,,울산/엠지엘
240124110026024,ULS,USED,2024-12-03,2024-12-03,,울산/엠지엘
240124110026025,ULS,USED,2024-12-03,2024-12-16,,울산/엠지엘
240124110026011,ULS,USED,2024-12-03,2024-12-10,,울산/엠지엘
240124110026063,ULS,USED,2024-12-03,2024-12-03,,울산/엠지엘
240124110026103,ULS,USED,2024-12-03,2024-12-16,,울산/엠지엘
240124110026114,ULS,USED,2024-12-03,2024-12-03,,울산/엠지엘
240124110026031,ULS,USED,2024-12-03,2024-12-10,,울산/엠지엘
240124110026035,ULS,USED,2024-12-03,2024-12-03,,울산/엠지엘
240124110026016,ULS,USED,2024-12-03,2024-12-03,,울산/엠지엘
240124110026071,ULS,USED,2024-12-03,2024-12-20,,울산/엠지엘
240124110026115,ULS,USED,2024-12-03,2024-12-23,,울산/엠지엘
240124110026125,ULS,USED,2024-12-03,2024-12-03,,울산/엠지엘
240124110026027,ULS,USED,2024-12-03,2024-12-16,,울산/엠지엘
240124110026080,ULS,USED,2024-12-03,2024-12-03,,울산/엠지엘
240124110026160,ULS,USED,2024-12-03,2024-12-30,,울산/엠지엘
240124110026072,ULS,USED,2024-12-03,2024-12-20,,울산/엠지엘
240124110026100,ULS,USED,2024-12-03,2024-12-05,,울산/엠지엘
240124110026148,ULS,USED,2024-12-03,2024-12-10,,울산/엠지엘
240124110026106,ULS,USED,2024-12-03,2024-12-16,,울산/엠지엘
240124110026109,ULS,USED,2024-12-03,2024-12-12,,울산/엠지엘
240124110026113,ULS,USED,2024-12-03,2024-12-13,,울산/엠지엘
240124110026157,ULS,USED,2024-12-03,2024-12-03,,울산/엠지엘
240124110026138,ULS,USED,2024-12-03,2024-12-03,,울산/엠지엘
240124110026034,ULS,USED,2024-12-03,2024-12-10,,울산/엠지엘
240124110026047,ULS,USED,2024-12-03,2024-12-13,,울산/엠지엘
240124110026003,ULS,USED,2024-12-03,2025-01-07,,울산/엠지엘
240124110026008,ULS,USED,2024-12-03,2025-01-14,,울산/엠지엘
240124110026009,ULS,USED,2024-12-03,2025-01-14,,울산/엠지엘
240124110026014,ULS,USED,2024-12-03,2024-12-03,,울산/엠지엘
240124110026075,ULS,USED,2024-12-03,2024-12-03,,울산/엠지엘
240124110026078,ULS,USED,2024-12-03,2024-12-03,,울산/엠지엘
240124110026059,ULS,USED,2024-12-03,2024-12-16,,울산/엠지엘
240124110026023,ULS,USED,2024-12-03,2024-12-03,,울산/엠지엘
240124110026028,ULS,USED,2024-12-03,2024-12-03,,울산/엠지엘
240124110026141,ULS,USED,2024-12-03,2025-01-14,,울산/엠지엘
240124110026150,ULS,USED,2024-12-03,2024-12-30,,울산/엠지엘
240124110026051,ULS,USED,2024-12-03,2024-12-13,,울산/엠지엘
240124110026056,ULS,USED,2024-12-03,2024-12-03,,울산/엠지엘
240124110026058,ULS,USED,2024-12-03,2024-12-13,,울산/엠지엘
240124110026066,ULS,USED,2024-12-03,2024-12-03,,울산/엠지엘
240124110026061,ULS,USED,2024-12-03,2024-12-12,,울산/엠지엘
240124110026064,ULS,USED,2024-12-03,2024-12-15,,울산/엠지엘
240124110026096,ULS,USED,2024-12-03,2024-12-03,,울산/엠지엘
240124110026098,ULS,USED,2024-12-03,2024-12-10,,울산/엠지엘
240124110026122,ULS,USED,2024-12-03,2024-12-05,,울산/엠지엘
240124110026108,ULS,USED,2024-12-03,2024-12-12,,울산/엠지엘
240124110026095,ULS,USED,2024-12-03,2024-12-20,,울산/엠지엘
240124110026097,ULS,USED,2024-12-03,2024-12-03,,울산/엠지엘
240124110026136,ULS,USED,2024-12-03,2024-12-10,,울산/엠지엘
240124110026137,ULS,USED,2024-12-03,2024-12-15,,울산/엠지엘
240124110026041,ULS,USED,2024-12-03,2024-12-20,,울산/엠지엘
240124110026116,ULS,USED,2024-12-03,2024-12-03,,울산/엠지엘
240124110026123,ULS,USED,2024-12-03,2024-12-03,,울산/엠지엘
240124110026135,ULS,USED,2024-12-03,2024-12-03,,울산/엠지엘
240124110026049,ULS,USED,2024-12-03,2024-12-03,,울산/엠지엘
240124110026083,ULS,USED,2024-12-03,2024-12-20,,울산/엠지엘
240124110026092,ULS,USED,2024-12-03,2024-12-20,,울산/엠지엘
240124110026110,ULS,USED,2024-12-03,2024-12-03,,울산/엠지엘
240124110026119,ULS,USED,2024-12-03,2024-12-16,,울산/엠지엘
24E6241241113A057,ULS,USED,2024-11-28,2024-11-28,,울산/엠지엘
24E6241241113A075,ULS,USED,2024-11-28,2024-11-28,,울산/엠지엘
24E6241241113A054,ULS,USED,2024-11-28,2024-11-28,,울산/엠지엘
24E6241241113A004,ULS,USED,2024-11-28,2024-11-28,,울산/엠지엘
24E6241241113A160,ULS,USED,2024-11-28,2024-12-10,,울산/엠지엘
24E6241241113A128,ULS,USED,2024-11-28,2024-12-10,,울산/엠지엘
24E6241241113A142,ULS,USED,2024-11-28,2024-12-10,,울산/엠지엘
24E6241241113A085,ULS,USED,2024-11-28,2024-12-07,,울산/엠지엘
24E6241241113A056,ULS,USED,2024-11-28,2024-11-28,,울산/엠지엘
24E6241241113A101,ULS,USED,2024-11-28,2024-12-10,,울산/엠지엘
24E6241241113A065,ULS,USED,2024-11-28,2024-12-07,,울산/엠지엘
24E6241241113A087,ULS,USED,2024-11-28,2024-11-28,,울산/엠지엘
24E6241241113A122,ULS,USED,2024-11-28,2024-12-10,,울산/엠지엘
24E6241241113A127,ULS,USED,2024-11-28,2024-12-10,,울산/엠지엘
24E6241241113A078,ULS,USED,2024-11-28,2024-11-28,,울산/엠지엘
24E6241241113A052,ULS,USED,2024-11-28,2024-11-28,,울산/엠지엘
24E6241241113A053,ULS,USED,2024-11-28,2024-11-28,,울산/엠지엘
24E6241241113A064,ULS,USED,2024-11-28,2024-12-10,,울산/엠지엘
24E6241241113A013,ULS,USED,2024-11-28,2024-12-10,,울산/엠지엘
24E6241241113A077,ULS,USED,2024-11-28,2024-11-28,,울산/엠지엘
24E6241241113A079,ULS,USED,2024-11-28,2024-11-28,,울산/엠지엘
24E6241241113A082,ULS,USED,2024-11-28,2024-11-28,,울산/엠지엘
24E6241241113A090,ULS,USED,2024-11-28,2024-11-28,,울산/엠지엘
24E6241241113A041,ULS,USED,2024-11-28,2024-11-28,,울산/엠지엘
24E6241241113A091,ULS,USED,2024-11-28,2024-11-28,,울산/엠지엘
24E6241241113A095,ULS,USED,2024-11-28,2024-11-28,,울산/엠지엘
24E6241241113A109,ULS,USED,2024-11-28,2024-12-10,,울산/엠지엘
24E6241241113A112,ULS,USED,2024-11-28,2024-12-05,,울산/엠지엘
24E6241241113A124,ULS,USED,2024-11-28,2024-12-10,,울산/엠지엘
24E6241241113A125,ULS,USED,2024-11-28,2024-12-10,,울산/엠지엘
24E6241241113A093,ULS,USED,2024-11-28,2024-11-28,,울산/엠지엘
24E6241241113A114,ULS,USED,2024-11-28,2024-12-03,,울산/엠지엘
24E6241241113A134,ULS,USED,2024-11-28,2024-12-10,,울산/엠지엘
24E6241241113A135,ULS,USED,2024-11-28,2024-12-10,,울산/엠지엘
24E6241241113A076,ULS,USED,2024-11-28,2024-11-28,,울산/엠지엘
24E6241241113A017,ULS,USED,2024-11-28,2024-11-28,,울산/엠지엘
24E6241241113A020,ULS,USED,2024-11-28,2024-11-28,,울산/엠지엘
24E6241241113A025,ULS,USED,2024-11-28,2024-11-28,,울산/엠지엘
24E6241241113A026,ULS,USED,2024-11-28,2024-11-28,,울산/엠지엘
24E6241241113A028,ULS,USED,2024-11-28,2024-11-28,,울산/엠지엘
24E6241241113A034,ULS,USED,2024-11-28,2024-11-28,,울산/엠지엘
24E6241241113A035,ULS,USED,2024-11-28,2024-11-28,,울산/엠지엘
24E6241241113A058,ULS,USED,2024-11-28,2024-11-28,,울산/엠지엘
24E6241241113A032,ULS,USED,2024-11-28,2024-11-28,,울산/엠지엘
24E6241241113A037,ULS,USED,2024-11-28,2024-11-28,,울산/엠지엘
24E6241241113A015,ULS,USED,2024-11-28,2024-12-10,,울산/엠지엘
24E6241241113A001,ULS,USED,2024-11-28,2024-11-28,,울산/엠지엘
24E6241241113A047,ULS,USED,2024-11-28,2024-11-28,,울산/엠지엘
24E6241241113A048,ULS,USED,2024-11-28,2024-11-28,,울산/엠지엘
24E6241241113A009,ULS,USED,2024-11-28,2024-11-28,,울산/엠지엘
240124110026029,ULS,USED,2024-12-03,2024-12-03,,울산/엠지엘
240124110026068,ULS,USED,2024-12-03,2024-12-03,,울산/엠지엘
240124110026048,ULS,USED,2024-12-03,2024-12-10,,울산/엠지엘
240124110026155,ULS,USED,2024-12-03,2024-12-03,,울산/엠지엘
240124110026005,ULS,USED,2024-12-03,2025-02-25,,울산/엠지엘
240124110026101,ULS,USED,2024-12-03,2024-12-16,,울산/엠지엘
240124110026088,ULS,USED,2024-12-03,2024-12-20,,울산/엠지엘
240124110026127,ULS,USED,2024-12-03,2024-12-03,,울산/엠지엘
240124110026128,ULS,USED,2024-12-03,2024-12-03,,울산/엠지엘
240124110026130,ULS,USED,2024-12-03,2024-12-16,,울산/엠지엘
240124110026131,ULS,USED,2024-12-03,2024-12-13,,울산/엠지엘
240124110026015,ULS,USED,2024-12-03,2024-12-03,,울산/엠지엘
240124110026019,ULS,USED,2024-12-03,2025-03-24,,울산/엠지엘
240124110026021,ULS,USED,2024-12-03,2024-12-05,,울산/엠지엘
24E6241241113A029,ULS,USED,2024-11-28,2024-11-28,,울산/엠지엘
24E6241241113A031,ULS,USED,2024-11-28,2024-11-28,,울산/엠지엘
24E6241241113A072,ULS,USED,2024-11-28,2024-11-28,,울산/엠지엘
24E6241241113A138,ULS,USED,2024-11-28,2024-12-10,,울산/엠지엘
24E6241241113A045,ULS,USED,2024-11-28,2024-11-28,,울산/엠지엘
24E6241241113A143,ULS,USED,2024-11-28,2024-12-13,,울산/엠지엘
24E6241241113A145,ULS,USED,2024-11-28,2024-12-01,,울산/엠지엘
24E6241241113A115,ULS,USED,2024-11-28,2024-12-02,,울산/엠지엘
24E6241241113A118,ULS,USED,2024-11-28,2024-12-08,,울산/엠지엘
24E6241241113A107,ULS,USED,2024-11-28,2024-12-10,,울산/엠지엘
24E6241241113A086,ULS,USED,2024-11-28,2024-11-28,,울산/엠지엘
24E6241241113A084,ULS,USED,2024-11-28,2024-11-28,,울산/엠지엘
24E6241241113A102,ULS,USED,2024-11-28,2024-11-28,,울산/엠지엘
24E6241241113A147,ULS,USED,2024-11-28,2024-12-03,,울산/엠지엘
24E6241241113A150,ULS,USED,2024-11-28,2024-12-03,,울산/엠지엘
24E6241241113A062,ULS,USED,2024-11-28,2024-12-10,,울산/엠지엘
24E6241241113A067,ULS,USED,2024-11-28,2024-11-28,,울산/엠지엘
24E6241241113A068,ULS,USED,2024-11-28,2024-11-28,,울산/엠지엘
24E6241241113A069,ULS,USED,2024-11-28,2024-11-28,,울산/엠지엘
24E6241241113A117,ULS,USED,2024-11-28,2024-11-28,,울산/엠지엘
24E6241241113A144,ULS,USED,2024-11-28,2024-12-03,,울산/엠지엘
24E6241241113A113,ULS,USED,2024-11-28,2024-12-03,,울산/엠지엘
24E6241241113A148,ULS,USED,2024-11-28,2024-12-02,,울산/엠지엘
24E6241241113A149,ULS,USED,2024-11-28,2024-12-05,,울산/엠지엘
24E6241241113A158,ULS,USED,2024-11-28,2024-12-10,,울산/엠지엘
24E6241241113A092,ULS,USED,2024-11-28,2024-11-28,,울산/엠지엘
24E6241241113A120,ULS,USED,2024-11-28,2024-12-20,,울산/엠지엘
24E6241241113A141,ULS,USED,2024-11-28,2024-12-08,,울산/엠지엘
24E6241241113A002,ULS,USED,2024-11-28,2024-11-28,,울산/엠지엘
24E6241241113A097,ULS,USED,2024-11-28,2024-11-28,,울산/엠지엘
24E6241241113A103,ULS,USED,2024-11-28,2024-11-28,,울산/엠지엘
24E6241241113A108,ULS,USED,2024-11-28,2025-04-17,,울산/엠지엘
24E6241241113A111,ULS,USED,2024-11-28,2024-12-03,,울산/엠지엘
24E6241241113A006,ULS,USED,2024-11-28,2024-12-20,,울산/엠지엘
24E6241241113A036,ULS,USED,2024-11-28,2024-11-28,,울산/엠지엘
24E6241241113A038,ULS,USED,2024-11-28,2024-11-28,,울산/엠지엘
24E6241241113A044,ULS,USED,2024-11-28,2024-11-28,,울산/엠지엘
24E6241241113A003,ULS,USED,2024-11-28,2024-11-28,,울산/엠지엘
24E6241241113A005,ULS,USED,2024-11-28,2024-11-28,,울산/엠지엘
24E6241241113A018,ULS,USED,2024-11-28,2024-12-10,,울산/엠지엘
24E6241241113A023,ULS,USED,2024-11-28,2024-12-10,,울산/엠지엘
24E6241241113A051,ULS,USED,2024-11-28,2024-11-28,,울산/엠지엘
24E6241241113A019,ULS,USED,2024-11-28,2024-11-28,,울산/엠지엘
24E6241241113A021,ULS,USED,2024-11-28,2024-12-01,,울산/엠지엘
24E6241241113A063,ULS,USED,2024-11-28,2024-12-10,,울산/엠지엘
24E6241241113A071,ULS,USED,2024-11-28,2024-11-28,,울산/엠지엘
24E6241241113A129,ULS,USED,2024-11-28,2024-12-10,,울산/엠지엘
24E6241241113A140,ULS,USED,2024-11-28,2024-12-10,,울산/엠지엘
24E6241241113A152,ULS,USED,2024-11-28,2024-12-10,,울산/엠지엘
24E6241241113A156,ULS,USED,2024-11-28,2024-11-28,,울산/엠지엘
24E6241241113A126,ULS,USED,2024-11-28,2024-12-10,,울산/엠지엘
24E6241241113A130,ULS,USED,2024-11-28,2024-12-10,,울산/엠지엘
24E6241241113A131,ULS,USED,2024-11-28,2024-12-10,,울산/엠지엘
24E6241241113A132,ULS,USED,2024-11-28,2024-12-10,,울산/엠지엘
24E6241241113A133,ULS,USED,2024-11-28,2024-12-10,,울산/엠지엘
24E6241241113A136,ULS,USED,2024-11-28,2024-12-10,,울산/엠지엘
24E6241241113A151,ULS,USED,2024-11-28,2024-12-10,,울산/엠지엘
24E6241241113A157,ULS,USED,2024-11-28,2024-12-10,,울산/엠지엘
24E6241241113A159,ULS,USED,2024-11-28,2024-12-01,,울산/엠지엘
24E6241241113A039,ULS,USED,2024-11-28,2024-11-28,,울산/엠지엘
24E6241241113A042,ULS,USED,2024-11-28,2024-11-28,,울산/엠지엘
24E6241241113A007,ULS,USED,2024-11-28,2024-11-28,,울산/엠지엘
24E6241241113A030,ULS,USED,2024-11-28,2024-11-28,,울산/엠지엘
24E6241241113A033,ULS,USED,2024-11-28,2024-12-10,,울산/엠지엘
24E6241240924A188,ULS,USED,2024-10-17,2024-11-01,,울산/엠지엘
24E6241240924A181,ULS,USED,2024-10-17,2024-10-27,,울산/엠지엘
24E6241240924A174,ULS,USED,2024-10-17,2024-11-20,,울산/엠지엘
24E6241240924A104,ULS,USED,2024-10-17,2024-12-16,,울산/엠지엘
24E6241240924A006,ULS,USED,2024-10-17,2024-10-17,,울산/엠지엘
24E6241240924A138,ULS,USED,2024-10-17,2024-12-23,,울산/엠지엘
24E6241240924A035,ULS,USED,2024-10-17,2025-04-17,,울산/엠지엘
24E6241240924A195,ULS,USED,2024-10-17,2024-11-22,,울산/엠지엘
24E6241240924A145,ULS,USED,2024-10-17,2024-10-27,,울산/엠지엘
24E6241240924A139,ULS,USED,2024-10-17,2024-12-16,,울산/엠지엘
24E6241240924A118,ULS,USED,2024-10-17,2024-10-27,,울산/엠지엘
24E6241240924A097,ULS,USED,2024-10-17,2024-11-29,,울산/엠지엘
24E6241240924A090,ULS,USED,2024-10-17,2024-11-30,,울산/엠지엘
24E6241240924A069,ULS,USED,2024-10-17,2024-11-10,,울산/엠지엘
24E6241240924A062,ULS,USED,2024-10-17,2024-10-17,,울산/엠지엘
24E6241240924A209,ULS,USED,2024-10-17,2024-11-20,,울산/엠지엘
24E6241240924A007,ULS,USED,2024-10-17,2024-10-17,,울산/엠지엘
24E6241240924A178,ULS,USED,2024-10-27,2024-11-10,,울산/엠지엘
24E6241241113A024,ULS,USED,2024-11-28,2024-12-10,,울산/엠지엘
24E6241241113A043,ULS,USED,2024-11-28,2024-11-28,,울산/엠지엘
24E6241241113A119,ULS,USED,2024-11-28,2024-12-03,,울산/엠지엘
24E6241241113A066,ULS,USED,2024-11-28,2024-12-05,,울산/엠지엘
24E6241241113A104,ULS,USED,2024-11-28,2024-12-10,,울산/엠지엘
24E6241241113A049,ULS,USED,2024-11-28,2024-11-28,,울산/엠지엘
24E6241241113A110,ULS,USED,2024-11-28,2024-12-10,,울산/엠지엘
24E6241241113A055,ULS,USED,2024-11-28,2024-11-28,,울산/엠지엘
24E6241241113A060,ULS,USED,2024-11-28,2024-12-10,,울산/엠지엘
24E6241241113A061,ULS,USED,2024-11-28,2024-12-10,,울산/엠지엘
24E6241241113A010,ULS,USED,2024-11-28,2024-11-28,,울산/엠지엘
24E6241241113A074,ULS,USED,2024-11-28,2024-11-28,,울산/엠지엘
24E6241241113A080,ULS,USED,2024-11-28,2024-11-28,,울산/엠지엘
24E6241241113A083,ULS,USED,2024-11-28,2024-12-07,,울산/엠지엘
24E6241241113A088,ULS,USED,2024-11-28,2024-11-28,,울산/엠지엘
24E6241241113A046,ULS,USED,2024-11-28,2024-11-28,,울산/엠지엘
24E6241241113A094,ULS,USED,2024-11-28,2024-11-28,,울산/엠지엘
24E6241241113A105,ULS,USED,2024-11-28,2024-12-10,,울산/엠지엘
24E6241241113A123,ULS,USED,2024-11-28,2024-12-10,,울산/엠지엘
24E6241241113A137,ULS,USED,2024-11-28,2024-12-10,,울산/엠지엘
24E6241241113A155,ULS,USED,2024-11-28,2024-11-28,,울산/엠지엘
24E6241241113A016,ULS,USED,2024-11-28,2024-12-20,,울산/엠지엘
24E6241241113A073,ULS,USED,2024-11-28,2024-11-28,,울산/엠지엘
24E6241241113A081,ULS,USED,2024-11-28,2024-11-28,,울산/엠지엘
24E6241241113A096,ULS,USED,2024-11-28,2024-11-28,,울산/엠지엘
24E6241241113A116,ULS,USED,2024-11-28,2024-12-02,,울산/엠지엘
24E6241241113A139,ULS,USED,2024-11-28,2024-12-10,,울산/엠지엘
24E6241241113A146,ULS,USED,2024-11-28,2024-12-10,,울산/엠지엘
24E6241241113A153,ULS,USED,2024-11-28,2024-12-10,,울산/엠지엘
24E6241241113A154,ULS,USED,2024-11-28,2024-12-10,,울산/엠지엘
24E6241241113A099,ULS,USED,2024-11-28,2024-11-28,,울산/엠지엘
24E6241241113A106,ULS,USED,2024-11-28,2024-12-10,,울산/엠지엘
24E6241241113A121,ULS,USED,2024-11-28,2024-12-10,,울산/엠지엘
24E6241241113A059,ULS,USED,2024-11-28,2024-11-28,,울산/엠지엘
24E6241241113A040,ULS,USED,2024-11-28,2024-11-28,,울산/엠지엘
24E6241241113A100,ULS,USED,2024-11-28,2024-11-28,,울산/엠지엘
24E6241241113A070,ULS,USED,2024-11-28,2024-12-10,,울산/엠지엘
24E6241241113A050,ULS,USED,2024-11-28,2025-04-14,,울산/엠지엘
24E6241241113A011,ULS,USED,2024-11-28,2024-12-20,,울산/엠지엘
24E6241241113A012,ULS,USED,2024-11-28,2024-12-20,,울산/엠지엘
24E6241241113A022,ULS,USED,2024-11-28,2024-12-10,,울산/엠지엘
24E6241241113A008,ULS,USED,2024-11-28,2024-11-28,,울산/엠지엘
24E6241241113A089,ULS,USED,2024-11-28,2024-11-28,,울산/엠지엘
24E6241241113A098,ULS,USED,2024-11-28,2024-11-28,,울산/엠지엘
24E6241241113A014,ULS,USED,2024-11-28,2024-12-10,,울산/엠지엘
24E6241241113A027,ULS,USED,2024-11-28,2024-11-28,,울산/엠지엘
24E6241240924A112,ULS,USED,2024-10-17,2024-10-27,,울산/엠지엘
24E6241240924A098,ULS,USED,2024-10-17,2024-10-27,,울산/엠지엘
24E6241240924A077,ULS,USED,2024-10-17,2024-11-10,,울산/엠지엘
24E6241240924A042,ULS,USED,2024-10-17,2024-12-17,,울산/엠지엘
24E6241240924A251,ULS,USED,2024-10-17,2024-11-10,,울산/엠지엘
24E6241240924A286,ULS,USED,2024-10-17,2024-11-10,,울산/엠지엘
24E6241240924A258,ULS,USED,2024-10-17,2024-11-10,,울산/엠지엘
24E6241240924A313,ULS,USED,2024-10-17,2024-10-24,,울산/엠지엘
24E6241240924A014,ULS,USED,2024-10-17,2024-10-27,,울산/엠지엘
24E6241240924A049,ULS,USED,2024-10-17,2024-12-10,,울산/엠지엘
24E6241240924A028,ULS,USED,2024-10-17,2024-12-10,,울산/엠지엘
24E6241240924A196,ULS,USED,2024-10-17,2024-11-10,,울산/엠지엘
24E6241240924A105,ULS,USED,2024-10-17,2024-12-17,,울산/엠지엘
24E6241240924A021,ULS,USED,2024-10-17,2024-11-10,,울산/엠지엘
24E6241240924A153,ULS,USED,2024-10-17,2024-10-17,,울산/엠지엘
24E6241240924A264,ULS,USED,2024-10-17,2024-11-10,,울산/엠지엘
24E6241240924A243,ULS,USED,2024-10-17,2024-11-10,,울산/엠지엘
24E6241240924A173,ULS,USED,2024-10-17,2024-11-10,,울산/엠지엘
24E6241240924A131,ULS,USED,2024-10-17,2024-11-01,,울산/엠지엘
24E6241240924A117,ULS,USED,2024-10-17,2024-10-27,,울산/엠지엘
24E6241240924A096,ULS,USED,2024-10-17,2024-10-27,,울산/엠지엘
24E6241240924A047,ULS,USED,2024-10-17,2024-12-10,,울산/엠지엘
24E6241240924A168,ULS,USED,2024-10-17,2024-11-10,,울산/엠지엘
24E6241240924A161,ULS,USED,2024-10-17,2024-11-10,,울산/엠지엘
24E6241240924A070,ULS,USED,2024-10-17,2024-10-17,,울산/엠지엘
24E6241240924A083,ULS,USED,2024-10-17,2024-10-17,,울산/엠지엘
24E6241240924A048,ULS,USED,2024-10-17,2024-12-03,,울산/엠지엘
24E6241240924A257,ULS,USED,2024-10-17,2024-11-22,,울산/엠지엘
24E6241240924A250,ULS,USED,2024-10-17,2024-11-07,,울산/엠지엘
24E6241240924A154,ULS,USED,2024-10-17,2024-10-17,,울산/엠지엘
24E6241240924A133,ULS,USED,2024-10-17,2024-11-01,,울산/엠지엘
24E6241240924A054,ULS,USED,2024-10-17,2024-12-10,,울산/엠지엘
24E6241240924A040,ULS,USED,2024-10-17,2024-10-17,,울산/엠지엘
24E6241240924A019,ULS,USED,2024-10-17,2024-11-10,,울산/엠지엘
24E6241240924A146,ULS,USED,2024-10-17,2024-10-17,,울산/엠지엘
24E6241240924A111,ULS,USED,2024-10-17,2024-10-30,,울산/엠지엘
24E6241240924A055,ULS,USED,2024-10-17,2024-12-03,,울산/엠지엘
24E6241240924A252,ULS,USED,2024-10-17,2024-11-10,,울산/엠지엘
24E6241240924A245,ULS,USED,2024-10-17,2024-11-06,,울산/엠지엘
24E6241240924A224,ULS,USED,2024-10-17,2024-11-10,,울산/엠지엘
24E6241240924A076,ULS,USED,2024-10-17,2024-11-29,,울산/엠지엘
24E6241240924A293,ULS,USED,2024-10-17,2024-11-10,,울산/엠지엘
24E6241240924A229,ULS,USED,2024-10-17,2024-11-01,,울산/엠지엘
24E6241240924A132,ULS,USED,2024-10-17,2024-11-01,,울산/엠지엘
24E6241240924A222,ULS,USED,2024-10-17,2024-11-05,,울산/엠지엘
24E6241240924A215,ULS,USED,2024-10-17,2024-11-30,,울산/엠지엘
24E6241240924A230,ULS,USED,2024-10-17,2024-11-07,,울산/엠지엘
24E6241240924A223,ULS,USED,2024-10-17,2024-11-22,,울산/엠지엘
24E6241240924A160,ULS,USED,2024-10-17,2024-10-17,,울산/엠지엘
24E6241240924A216,ULS,USED,2024-10-17,2024-11-10,,울산/엠지엘
24E6241240924A119,ULS,USED,2024-10-17,2024-12-10,,울산/엠지엘
24E6241240924A056,ULS,USED,2024-10-17,2024-12-10,,울산/엠지엘
24E6241240924A125,ULS,USED,2024-10-17,2024-12-10,,울산/엠지엘
24E6241240924A034,ULS,USED,2024-10-17,2024-11-10,,울산/엠지엘
24E6241240924A020,ULS,USED,2024-10-17,2024-11-10,,울산/엠지엘
24E6241240924A292,ULS,USED,2024-10-17,2024-11-19,,울산/엠지엘
24E6241240924A285,ULS,USED,2024-10-17,2024-11-07,,울산/엠지엘
24E6241240924A271,ULS,USED,2024-10-17,2024-11-25,,울산/엠지엘
24E6241240924A026,ULS,USED,2024-10-17,2024-11-10,,울산/엠지엘
24E6241240924A012,ULS,USED,2024-10-17,2024-10-27,,울산/엠지엘
24E6241240924A005,ULS,USED,2024-10-17,2024-10-17,,울산/엠지엘
24E6241240924A279,ULS,USED,2024-10-17,2024-11-10,,울산/엠지엘
24E6241240924A147,ULS,USED,2024-10-17,2024-10-27,,울산/엠지엘
24E6241240924A167,ULS,USED,2024-10-17,2024-11-01,,울산/엠지엘
24E6241240924A155,ULS,USED,2024-10-17,2024-10-17,,울산/엠지엘
24E6241240924A270,ULS,USED,2024-10-17,2024-11-25,,울산/엠지엘
24E6241240924A298,ULS,USED,2024-10-17,2024-11-20,,울산/엠지엘
24E6241240924A018,ULS,USED,2024-10-17,2024-11-10,,울산/엠지엘
24E6241240924A039,ULS,USED,2024-10-17,2024-10-17,,울산/엠지엘
24E6241240924A151,ULS,USED,2024-10-17,2024-10-17,,울산/엠지엘
24E6241240924A207,ULS,USED,2024-10-17,2024-11-30,,울산/엠지엘
24E6241240924A228,ULS,USED,2024-10-17,2024-11-22,,울산/엠지엘
24E6241240924A242,ULS,USED,2024-10-17,2024-11-10,,울산/엠지엘
24E6241240924A189,ULS,USED,2024-10-17,2024-11-10,,울산/엠지엘
24E6241240924A041,ULS,USED,2024-10-17,2024-10-17,,울산/엠지엘
24E6241240924A306,ULS,USED,2024-10-17,2024-11-18,,울산/엠지엘
24E6241240924A244,ULS,USED,2024-10-17,2024-11-10,,울산/엠지엘
24E6241240924A202,ULS,USED,2024-10-17,2024-11-22,,울산/엠지엘
24E6241240924A027,ULS,USED,2024-10-17,2024-12-10,,울산/엠지엘
24E6241240924A166,ULS,USED,2024-10-17,2024-11-10,,울산/엠지엘
24E6241240924A159,ULS,USED,2024-10-17,2024-10-17,,울산/엠지엘
24E6241240924A075,ULS,USED,2024-10-17,2024-11-10,,울산/엠지엘
24E6241240924A194,ULS,USED,2024-10-17,2024-11-22,,울산/엠지엘
24E6241240924A187,ULS,USED,2024-10-17,2024-11-01,,울산/엠지엘
24E6241240924A124,ULS,USED,2024-10-17,2024-12-10,,울산/엠지엘
24E6241240924A110,ULS,USED,2024-10-17,2024-11-01,,울산/엠지엘
24E6241240924A082,ULS,USED,2024-10-17,2024-11-10,,울산/엠지엘
24E6241240924A299,ULS,USED,2024-10-17,2024-11-10,,울산/엠지엘
24E6241240924A278,ULS,USED,2024-10-17,2024-11-17,,울산/엠지엘
24E6241240924A061,ULS,USED,2024-10-17,2024-11-10,,울산/엠지엘
24E6241240924A236,ULS,USED,2024-10-17,2024-11-10,,울산/엠지엘
24E6241240924A201,ULS,USED,2024-10-17,2024-11-22,,울산/엠지엘
24E6241240924A180,ULS,USED,2024-10-17,2024-11-02,,울산/엠지엘
24E6241240924A089,ULS,USED,2024-10-17,2024-11-29,,울산/엠지엘
24E6241240924A287,ULS,USED,2024-10-17,2024-11-01,,울산/엠지엘
24E6241240924A237,ULS,USED,2024-10-17,2024-11-10,,울산/엠지엘
24E6241240924A315,ULS,USED,2024-10-17,2024-10-27,,울산/엠지엘
24E6241240924A208,ULS,USED,2024-10-17,2024-11-10,,울산/엠지엘
24E6241240924A308,ULS,USED,2024-10-17,2024-10-24,,울산/엠지엘
24E6241240924A307,ULS,USED,2024-10-17,2024-10-27,,울산/엠지엘
24E6241240924A300,ULS,USED,2024-10-17,2024-11-10,,울산/엠지엘
24E6241240924A013,ULS,USED,2024-10-17,2024-10-27,,울산/엠지엘
24E6241240924A231,ULS,USED,2024-10-17,2024-11-10,,울산/엠지엘
24E6241240924A210,ULS,USED,2024-10-17,2024-11-01,,울산/엠지엘
24E6241240924A320,ULS,USED,2024-10-17,2024-11-10,,울산/엠지엘
24E6241240924A182,ULS,USED,2024-10-17,2024-10-27,,울산/엠지엘
24E6241240924A140,ULS,USED,2024-10-17,2024-10-17,,울산/엠지엘
24E6241240924A126,ULS,USED,2024-10-17,2024-12-10,,울산/엠지엘
24E6241240924A084,ULS,USED,2024-10-17,2024-12-10,,울산/엠지엘
24E6241240924A301,ULS,USED,2024-10-17,2024-11-18,,울산/엠지엘
24E6241240924A266,ULS,USED,2024-10-17,2024-11-30,,울산/엠지엘
24E6241240924A259,ULS,USED,2024-10-17,2024-11-25,,울산/엠지엘
24E6241240924A217,ULS,USED,2024-10-17,2024-11-10,,울산/엠지엘
24E6241240924A203,ULS,USED,2024-10-17,2024-11-10,,울산/엠지엘
24E6241240924A175,ULS,USED,2024-10-17,2024-11-10,,울산/엠지엘
24E6241240924A314,ULS,USED,2024-10-17,2024-10-27,,울산/엠지엘
24E6241240924A272,ULS,USED,2024-10-17,2024-11-10,,울산/엠지엘
24E6241240924A265,ULS,USED,2024-10-17,2024-11-26,,울산/엠지엘
24E6241240924A091,ULS,USED,2024-10-17,2024-11-10,,울산/엠지엘
24E6241240924A063,ULS,USED,2024-10-17,2024-10-27,,울산/엠지엘
24E6241240924A152,ULS,USED,2024-10-17,2024-10-17,,울산/엠지엘
24E6241240924A103,ULS,USED,2024-10-17,2024-12-13,,울산/엠지엘
24E6241240924A068,ULS,USED,2024-10-17,2024-11-10,,울산/엠지엘
24E6241240924A033,ULS,USED,2024-10-17,2024-10-17,,울산/엠지엘
24E6241240924A294,ULS,USED,2024-10-17,2024-11-10,,울산/엠지엘
24E6241240924A280,ULS,USED,2024-10-17,2024-11-11,,울산/엠지엘
24E6241240924A273,ULS,USED,2024-10-17,2024-11-10,,울산/엠지엘
24E6241240924A238,ULS,USED,2024-10-17,2024-11-10,,울산/엠지엘
24E6241240924A130,ULS,USED,2024-10-17,2024-12-01,,울산/엠지엘
24E6241240924A172,ULS,USED,2024-10-17,2024-11-10,,울산/엠지엘
24E6241240924A179,ULS,USED,2024-10-17,2024-11-10,,울산/엠지엘
24E6241240924A263,ULS,USED,2024-10-17,2024-11-10,,울산/엠지엘
24E6241240924A246,ULS,USED,2024-10-17,2024-11-10,,울산/엠지엘
24E6241240924A260,ULS,USED,2024-10-17,2024-11-25,,울산/엠지엘
24E6241240924A311,ULS,USED,2024-10-17,2024-10-27,,울산/엠지엘
24E6241240924A032,ULS,USED,2024-10-17,2024-11-10,,울산/엠지엘
24E6241240924A141,ULS,USED,2024-10-17,2024-10-30,,울산/엠지엘
24E6241240924A148,ULS,USED,2024-10-17,2024-10-17,,울산/엠지엘
24E6241240924A200,ULS,USED,2024-10-17,2024-11-10,,울산/엠지엘
24E6241240924A253,ULS,USED,2024-10-17,2024-11-01,,울산/엠지엘
24E6241240924A214,ULS,USED,2024-10-17,2024-11-01,,울산/엠지엘
24E6241240924A235,ULS,USED,2024-10-17,2024-11-10,,울산/엠지엘
24E6241240924A095,ULS,USED,2024-10-17,2024-11-30,,울산/엠지엘
24E6241240924A158,ULS,USED,2024-10-17,2024-10-17,,울산/엠지엘
24E6241240924A165,ULS,USED,2024-10-17,2024-11-10,,울산/엠지엘
24E6241240924A249,ULS,USED,2024-10-17,2024-11-08,,울산/엠지엘
24E6241240924A239,ULS,USED,2024-10-17,2024-11-30,,울산/엠지엘
24E6241240924A002,ULS,USED,2024-10-17,2024-10-17,,울산/엠지엘
24E6241240924A016,ULS,USED,2024-10-17,2024-11-30,,울산/엠지엘
24E6241240924A219,ULS,USED,2024-10-17,2024-11-04,,울산/엠지엘
24E6241240924A162,ULS,USED,2024-10-17,2024-11-10,,울산/엠지엘
24E6241240924A169,ULS,USED,2024-10-17,2024-11-10,,울산/엠지엘
24E6241240924A190,ULS,USED,2024-10-17,2024-11-01,,울산/엠지엘
24E6241240924A276,ULS,USED,2024-10-17,2024-11-17,,울산/엠지엘
24E6241240924A283,ULS,USED,2024-10-17,2024-11-01,,울산/엠지엘
24E6241240924A071,ULS,USED,2024-10-17,2024-12-07,,울산/엠지엘
24E6241240924A044,ULS,USED,2024-10-17,2024-10-15,,울산/엠지엘
24E6241240924A093,ULS,USED,2024-10-17,2024-12-01,,울산/엠지엘
24E6241240924A107,ULS,USED,2024-10-17,2024-10-17,,울산/엠지엘
24E6241240924A149,ULS,USED,2024-10-17,2024-10-17,,울산/엠지엘
24E6241240924A184,ULS,USED,2024-10-17,2024-11-01,,울산/엠지엘
24E6241240924A121,ULS,USED,2024-10-17,2024-12-11,,울산/엠지엘
24E6241240924A205,ULS,USED,2024-10-17,2024-11-20,,울산/엠지엘
24E6241240924A234,ULS,USED,2024-10-17,2024-11-10,,울산/엠지엘
24E6241240924A085,ULS,USED,2024-10-17,2024-10-17,,울산/엠지엘
24E6241240924A099,ULS,USED,2024-10-17,2024-10-27,,울산/엠지엘
24E6241240924A171,ULS,USED,2024-10-17,2024-11-10,,울산/엠지엘
24E6241240924A225,ULS,USED,2024-10-17,2024-11-10,,울산/엠지엘
24E6241240924A051,ULS,USED,2024-10-17,2024-12-03,,울산/엠지엘
24E6241240924A240,ULS,USED,2024-10-17,2024-11-10,,울산/엠지엘
24E6241240924A254,ULS,USED,2024-10-17,2024-11-01,,울산/엠지엘
24E6241240924A296,ULS,USED,2024-10-17,2024-11-10,,울산/엠지엘
24E6241240924A310,ULS,USED,2024-10-17,2024-10-27,,울산/엠지엘
24E6241240924A003,ULS,USED,2024-10-17,2024-10-17,,울산/엠지엘
24E6241240924A204,ULS,USED,2024-10-17,2024-11-20,,울산/엠지엘
24E6241240924A297,ULS,USED,2024-10-17,2024-11-20,,울산/엠지엘
24E6241240924A010,ULS,USED,2024-10-17,2024-10-17,,울산/엠지엘
24E6241240924A164,ULS,USED,2024-10-17,2024-11-30,,울산/엠지엘
24E6241240924A206,ULS,USED,2024-10-17,2024-11-20,,울산/엠지엘
24E6241240924A043,ULS,USED,2024-10-17,2024-10-17,,울산/엠지엘
24E6241240924A050,ULS,USED,2024-10-17,2024-12-03,,울산/엠지엘
24E6241240924A065,ULS,USED,2024-10-17,2024-10-17,,울산/엠지엘
24E6241240924A072,ULS,USED,2024-10-17,2024-12-10,,울산/엠지엘
24E6241240924A060,ULS,USED,2024-10-17,2024-10-17,,울산/엠지엘
24E6241240924A074,ULS,USED,2024-10-17,2024-11-29,,울산/엠지엘
24E6241240924A109,ULS,USED,2024-10-17,2024-10-17,,울산/엠지엘
24E6241240924A123,ULS,USED,2024-10-17,2024-12-10,,울산/엠지엘
24E6241240924A193,ULS,USED,2024-10-17,2024-11-10,,울산/엠지엘
24E6241240924A078,ULS,USED,2024-10-17,2024-11-29,,울산/엠지엘
24E6241240924A284,ULS,USED,2024-10-17,2024-11-01,,울산/엠지엘
24E6241240924A291,ULS,USED,2024-10-17,2024-11-19,,울산/엠지엘
24E6241240924A241,ULS,USED,2024-10-17,2024-11-01,,울산/엠지엘
24E6241240924A143,ULS,USED,2024-10-17,2024-10-27,,울산/엠지엘
24E6241240924A185,ULS,USED,2024-10-17,2024-10-27,,울산/엠지엘
24E6241240924A192,ULS,USED,2024-10-17,2024-11-20,,울산/엠지엘
24E6241240924A015,ULS,USED,2024-10-17,2024-11-10,,울산/엠지엘
24E6241240924A183,ULS,USED,2024-10-17,2024-10-27,,울산/엠지엘
24E6241240924A211,ULS,USED,2024-10-17,2024-11-30,,울산/엠지엘
24E6241240924A218,ULS,USED,2024-10-17,2024-11-30,,울산/엠지엘
24E6241240924A281,ULS,USED,2024-10-17,2024-11-11,,울산/엠지엘
24E6241240924A302,ULS,USED,2024-10-17,2024-11-18,,울산/엠지엘
24E6241240924A191,ULS,USED,2024-10-17,2024-11-22,,울산/엠지엘
24E6241240924A198,ULS,USED,2024-10-17,2024-11-06,,울산/엠지엘
24E6241240924A045,ULS,USED,2024-10-17,2024-10-17,,울산/엠지엘
24E6241240924A066,ULS,USED,2024-10-17,2024-10-17,,울산/엠지엘
24E6241240924A134,ULS,USED,2024-10-17,2024-12-17,,울산/엠지엘
24E6241240924A176,ULS,USED,2024-10-17,2024-11-10,,울산/엠지엘
24E6241240924A232,ULS,USED,2024-10-17,2024-11-10,,울산/엠지엘
24E6241240924A267,ULS,USED,2024-10-17,2024-11-26,,울산/엠지엘
24E6241240924A274,ULS,USED,2024-10-17,2024-11-10,,울산/엠지엘
24E6241240924A316,ULS,USED,2024-10-17,2024-10-27,,울산/엠지엘
24E6241240924A009,ULS,USED,2024-10-17,2024-10-17,,울산/엠지엘
24E6241240924A086,ULS,USED,2024-10-17,2024-11-10,,울산/엠지엘
24E6241240924A156,ULS,USED,2024-10-17,2024-10-17,,울산/엠지엘
24E6241240924A212,ULS,USED,2024-10-17,2024-11-10,,울산/엠지엘
24E6241240924A226,ULS,USED,2024-10-17,2024-11-10,,울산/엠지엘
24E6241240924A275,ULS,USED,2024-10-17,2024-11-20,,울산/엠지엘
24E6241240924A282,ULS,USED,2024-10-17,2024-11-10,,울산/엠지엘
24E6241240924A115,ULS,USED,2024-10-17,2024-10-17,,울산/엠지엘
24E6241240924A129,ULS,USED,2024-10-17,2024-12-02,,울산/엠지엘
24E6241240924A136,ULS,USED,2024-10-17,2024-12-16,,울산/엠지엘
24E6241240924A024,ULS,USED,2024-10-17,2024-11-10,,울산/엠지엘
24E6241240924A052,ULS,USED,2024-10-17,2024-12-03,,울산/엠지엘
24E6241240924A303,ULS,USED,2024-10-17,2024-11-10,,울산/엠지엘
24E6241240924A053,ULS,USED,2024-10-17,2024-12-06,,울산/엠지엘
24E6241240924A011,ULS,USED,2024-10-17,2024-10-27,,울산/엠지엘
24E6241240924A046,ULS,USED,2024-10-17,2024-10-17,,울산/엠지엘
24E6241240924A057,ULS,USED,2024-10-17,2024-12-10,,울산/엠지엘
24E6241240924A116,ULS,USED,2024-10-17,2024-10-17,,울산/엠지엘
24E6241240924A137,ULS,USED,2024-10-17,2024-10-17,,울산/엠지엘
24E6241240924A144,ULS,USED,2024-10-17,2024-10-27,,울산/엠지엘
24E6241240924A288,ULS,USED,2024-10-17,2024-11-19,,울산/엠지엘
24E6241240924A295,ULS,USED,2024-10-17,2024-11-10,,울산/엠지엘
24E6241240924A023,ULS,USED,2024-10-17,2024-11-10,,울산/엠지엘
24E6241240924A233,ULS,USED,2024-10-17,2024-11-10,,울산/엠지엘
24E6241240924A289,ULS,USED,2024-10-17,2024-11-30,,울산/엠지엘
24E6241240924A317,ULS,USED,2024-10-17,2024-11-10,,울산/엠지엘
24E6241240924A017,ULS,USED,2024-10-17,2024-11-10,,울산/엠지엘
24E6241240924A031,ULS,USED,2024-10-17,2024-11-30,,울산/엠지엘
24E6241240924A022,ULS,USED,2024-10-17,2024-11-10,,울산/엠지엘
24E6241240924A064,ULS,USED,2024-10-17,2024-10-17,,울산/엠지엘
24E6241240924A197,ULS,USED,2024-10-17,2024-11-22,,울산/엠지엘
24E6241240924A087,ULS,USED,2024-10-17,2024-12-10,,울산/엠지엘
24E6241240924A122,ULS,USED,2024-10-17,2024-12-10,,울산/엠지엘
24E6241240924A030,ULS,USED,2024-10-17,2024-11-30,,울산/엠지엘
24E6241240924A269,ULS,USED,2024-10-17,2024-11-26,,울산/엠지엘
24E6241240924A186,ULS,USED,2024-10-17,2024-11-01,,울산/엠지엘
24E6241240924A221,ULS,USED,2024-10-17,2024-11-05,,울산/엠지엘
24E6241240924A256,ULS,USED,2024-10-17,2024-11-22,,울산/엠지엘
24E6241240924A025,ULS,USED,2024-10-17,2024-11-10,,울산/엠지엘
24E6241240924A102,ULS,USED,2024-10-17,2024-12-16,,울산/엠지엘
24E6241240924A255,ULS,USED,2024-10-17,2024-11-10,,울산/엠지엘
24E6241240924A262,ULS,USED,2024-10-17,2024-11-10,,울산/엠지엘
24E6241240924A067,ULS,USED,2024-10-17,2024-11-27,,울산/엠지엘
24E6241240924A081,ULS,USED,2024-10-17,2024-11-29,,울산/엠지엘
24E6241240924A088,ULS,USED,2024-10-17,2024-12-10,,울산/엠지엘
24E6241240812A143,ULS,USED,2024-08-24,2024-09-27,,울산/엠지엘
24E6241240812A157,ULS,USED,2024-08-24,2024-09-20,,울산/엠지엘
24E6241240812A043,ULS,USED,2024-08-24,2024-11-10,,울산/엠지엘
24E6241240812A106,ULS,USED,2024-08-24,2024-09-27,,울산/엠지엘
24E6241240812A141,ULS,USED,2024-08-24,2024-09-27,,울산/엠지엘
24E6241240812A009,ULS,USED,2024-08-24,2024-11-30,,울산/엠지엘
24E6241240812A065,ULS,USED,2024-08-24,2024-09-05,,울산/엠지엘
24E6241240812A066,ULS,USED,2024-08-24,2024-09-06,,울산/엠지엘
24E6241240812A073,ULS,USED,2024-08-24,2024-09-06,,울산/엠지엘
24E6241240812A094,ULS,USED,2024-08-24,2024-09-26,,울산/엠지엘
24E6241240812A122,ULS,USED,2024-08-24,2024-09-19,,울산/엠지엘
24E6241240812A129,ULS,USED,2024-08-24,2024-09-20,,울산/엠지엘
24E6241240812A150,ULS,USED,2024-08-24,2024-09-20,,울산/엠지엘
24E6241240812A064,ULS,USED,2024-08-24,2024-09-05,,울산/엠지엘
24E6241240812A149,ULS,USED,2024-08-24,2024-09-20,,울산/엠지엘
24E6241240812A045,ULS,USED,2024-08-24,2024-09-05,,울산/엠지엘
24E6241240812A101,ULS,USED,2024-08-24,2024-09-26,,울산/엠지엘
24E6241240812A107,ULS,USED,2024-08-24,2024-09-27,,울산/엠지엘
24E6241240924A277,ULS,USED,2024-10-17,2024-11-11,,울산/엠지엘
24E6241240924A008,ULS,USED,2024-10-17,2024-10-17,,울산/엠지엘
24E6241240924A059,ULS,USED,2024-10-17,2024-11-01,,울산/엠지엘
24E6241240924A142,ULS,USED,2024-10-17,2024-10-27,,울산/엠지엘
24E6241240924A170,ULS,USED,2024-10-17,2024-11-01,,울산/엠지엘
24E6241240924A094,ULS,USED,2024-10-17,2024-11-29,,울산/엠지엘
24E6241240924A150,ULS,USED,2024-10-17,2024-10-17,,울산/엠지엘
24E6241240924A247,ULS,USED,2024-10-17,2024-11-01,,울산/엠지엘
24E6241240924A268,ULS,USED,2024-10-17,2024-11-27,,울산/엠지엘
24E6241240924A213,ULS,USED,2024-10-17,2024-11-01,,울산/엠지엘
24E6241240924A220,ULS,USED,2024-10-17,2024-11-04,,울산/엠지엘
24E6241240924A248,ULS,USED,2024-10-17,2024-11-10,,울산/엠지엘
24E6241240924A290,ULS,USED,2024-10-17,2024-11-19,,울산/엠지엘
24E6241240924A304,ULS,USED,2024-10-17,2024-11-18,,울산/엠지엘
24E6241240924A157,ULS,USED,2024-10-17,2024-10-17,,울산/엠지엘
24E6241240924A073,ULS,USED,2024-10-17,2024-11-29,,울산/엠지엘
24E6241240924A080,ULS,USED,2024-10-17,2024-11-10,,울산/엠지엘
24E6241240924A029,ULS,USED,2024-10-17,2024-11-10,,울산/엠지엘
24E6241240924A036,ULS,USED,2024-10-17,2024-12-23,,울산/엠지엘
24E6241240924A120,ULS,USED,2024-10-17,2024-12-10,,울산/엠지엘
24E6241240924A319,ULS,USED,2024-10-17,2024-11-10,,울산/엠지엘
24E6241240924A305,ULS,USED,2024-10-17,2024-11-10,,울산/엠지엘
24E6241240924A312,ULS,USED,2024-10-17,2024-10-27,,울산/엠지엘
24E6241240924A114,ULS,USED,2024-10-17,2024-10-27,,울산/엠지엘
24E6241240924A128,ULS,USED,2024-10-17,2024-12-20,,울산/엠지엘
24E6241240924A001,ULS,USED,2024-10-17,2024-10-17,,울산/엠지엘
24E6241240924A163,ULS,USED,2024-10-17,2024-11-18,,울산/엠지엘
24E6241240924A261,ULS,USED,2024-10-17,2024-11-10,,울산/엠지엘
24E6241240924A101,ULS,USED,2024-10-17,2024-12-28,,울산/엠지엘
24E6241240924A108,ULS,USED,2024-10-17,2024-10-27,,울산/엠지엘
24E6241240924A227,ULS,USED,2024-10-17,2024-11-17,,울산/엠지엘
24E6241240924A106,ULS,USED,2024-10-17,2024-12-26,,울산/엠지엘
24E6241240924A113,ULS,USED,2024-10-17,2024-10-17,,울산/엠지엘
24E6241240924A127,ULS,USED,2024-10-17,2024-12-10,,울산/엠지엘
24E6241240924A092,ULS,USED,2024-10-17,2024-11-10,,울산/엠지엘
24E6241240924A318,ULS,USED,2024-10-17,2024-11-30,,울산/엠지엘
24E6241240924A004,ULS,USED,2024-10-17,2024-10-17,,울산/엠지엘
24E6241240924A309,ULS,USED,2024-10-17,2024-10-27,,울산/엠지엘
24E6241240924A135,ULS,USED,2024-10-17,2024-11-01,,울산/엠지엘
24E6241240924A177,ULS,USED,2024-10-17,2024-11-20,,울산/엠지엘
24E6241240924A199,ULS,USED,2024-10-17,2024-11-22,,울산/엠지엘
24E6241240924A037,ULS,USED,2024-10-17,2025-04-17,,울산/엠지엘
24E6241240924A058,ULS,USED,2024-10-17,2024-12-03,,울산/엠지엘
24E6241240924A079,ULS,USED,2024-10-17,2024-11-29,,울산/엠지엘
24E6241240924A100,ULS,USED,2024-10-17,2024-10-17,,울산/엠지엘
24E6241240924A038,ULS,USED,2024-10-17,2024-12-16,,울산/엠지엘
24E6241240812A019,ULS,USED,2024-08-24,2024-11-30,,울산/엠지엘
24E6241240812A040,ULS,USED,2024-08-24,2024-11-10,,울산/엠지엘
24E6241240812A061,ULS,USED,2024-08-24,2024-09-24,,울산/엠지엘
24E6241240812A068,ULS,USED,2024-08-24,2024-09-05,,울산/엠지엘
24E6241240812A011,ULS,USED,2024-08-24,2024-11-30,,울산/엠지엘
24E6241240812A018,ULS,USED,2024-08-24,2024-11-30,,울산/엠지엘
24E6241240812A046,ULS,USED,2024-08-24,2024-09-05,,울산/엠지엘
24E6241240812A004,ULS,USED,2024-08-24,2024-11-30,,울산/엠지엘
24E6241240812A105,ULS,USED,2024-08-24,2024-09-27,,울산/엠지엘
24E6241240812A087,ULS,USED,2024-08-24,2024-09-24,,울산/엠지엘
24E6241240812A120,ULS,USED,2024-08-24,2024-09-12,,울산/엠지엘
24E6241240812A155,ULS,USED,2024-08-24,2024-09-13,,울산/엠지엘
24E6241240812A002,ULS,USED,2024-08-24,2024-10-14,,울산/엠지엘
24E6241240812A037,ULS,USED,2024-08-24,2024-11-30,,울산/엠지엘
24E6241240812A128,ULS,USED,2024-08-24,2024-09-19,,울산/엠지엘
24E6241240812A154,ULS,USED,2024-08-24,2024-09-13,,울산/엠지엘
24E6241240812A147,ULS,USED,2024-08-24,2024-09-20,,울산/엠지엘
24E6241240812A113,ULS,USED,2024-08-24,2024-09-30,,울산/엠지엘
24E6241240812A093,ULS,USED,2024-08-24,2024-09-26,,울산/엠지엘
24E6241240812A121,ULS,USED,2024-08-24,2024-09-12,,울산/엠지엘
24E6241240812A140,ULS,USED,2024-08-24,2024-09-20,,울산/엠지엘
24E6241240812A022,ULS,USED,2024-08-24,2024-10-04,,울산/엠지엘
24E6241240812A100,ULS,USED,2024-08-24,2024-09-25,,울산/엠지엘
24E6241240812A108,ULS,USED,2024-08-24,2024-09-27,,울산/엠지엘
24E6241240812A133,ULS,USED,2024-08-24,2024-09-27,,울산/엠지엘
24E6241240812A071,ULS,USED,2024-08-24,2024-09-05,,울산/엠지엘
24E6241240812A085,ULS,USED,2024-08-24,2024-09-24,,울산/엠지엘
24E6241240812A024,ULS,USED,2024-08-24,2024-10-10,,울산/엠지엘
24E6241240812A016,ULS,USED,2024-08-24,2024-11-30,,울산/엠지엘
24E6241240812A023,ULS,USED,2024-08-24,2024-10-04,,울산/엠지엘
24E6241240812A058,ULS,USED,2024-08-24,2024-09-23,,울산/엠지엘
24E6241240812A079,ULS,USED,2024-08-24,2024-09-06,,울산/엠지엘
24E6241240812A135,ULS,USED,2024-08-24,2024-09-27,,울산/엠지엘
24E6241240812A017,ULS,USED,2024-08-24,2024-11-30,,울산/엠지엘
24E6241240812A015,ULS,USED,2024-08-24,2024-09-30,,울산/엠지엘
24E6241240812A001,ULS,USED,2024-08-24,2024-10-14,,울산/엠지엘
24E6241240812A031,ULS,USED,2024-08-24,2024-11-06,,울산/엠지엘
24E6241240812A099,ULS,USED,2024-08-24,2024-09-25,,울산/엠지엘
24E6241240812A072,ULS,USED,2024-08-24,2024-09-06,,울산/엠지엘
24E6241240812A086,ULS,USED,2024-08-24,2024-09-24,,울산/엠지엘
24E6241240812A114,ULS,USED,2024-08-24,2024-09-30,,울산/엠지엘
24E6241240812A010,ULS,USED,2024-08-24,2024-11-30,,울산/엠지엘
24E6241240812A038,ULS,USED,2024-08-24,2024-11-10,,울산/엠지엘
24E6241240812A052,ULS,USED,2024-08-24,2024-09-23,,울산/엠지엘
24E6241240812A080,ULS,USED,2024-08-24,2024-09-18,,울산/엠지엘
24E6241240812A036,ULS,USED,2024-08-24,2024-11-10,,울산/엠지엘
24E6241240812A008,ULS,USED,2024-08-24,2024-11-30,,울산/엠지엘
24E6241240812A156,ULS,USED,2024-08-24,2024-09-12,,울산/엠지엘
24E6241240812A148,ULS,USED,2024-08-24,2024-09-20,,울산/엠지엘
24E6241240812A030,ULS,USED,2024-08-24,2024-11-30,,울산/엠지엘
24E6241240812A115,ULS,USED,2024-08-24,2024-09-30,,울산/엠지엘
24E6241240812A136,ULS,USED,2024-08-24,2024-09-30,,울산/엠지엘
24E6241240812A029,ULS,USED,2024-08-24,2024-11-30,,울산/엠지엘
24E6241240812A050,ULS,USED,2024-08-24,2024-09-18,,울산/엠지엘
24E6241240812A057,ULS,USED,2024-08-24,2024-09-24,,울산/엠지엘
24E6241240812A078,ULS,USED,2024-08-24,2024-09-30,,울산/엠지엘
24E6241240812A092,ULS,USED,2024-08-24,2024-09-26,,울산/엠지엘
24E6241240812A044,ULS,USED,2024-08-24,2024-11-30,,울산/엠지엘
24E6241240812A051,ULS,USED,2024-08-24,2024-09-23,,울산/엠지엘
24E6241240812A142,ULS,USED,2024-08-24,2024-09-27,,울산/엠지엘
24E6241240812A127,ULS,USED,2024-08-24,2024-09-19,,울산/엠지엘
24E6241240812A134,ULS,USED,2024-08-24,2024-09-30,,울산/엠지엘
24E6241240812A003,ULS,USED,2024-08-24,2024-11-30,,울산/엠지엘
24E6241240812A059,ULS,USED,2024-08-24,2024-09-24,,울산/엠지엘
24E6241240812A060,ULS,USED,2024-08-24,2024-09-24,,울산/엠지엘
24E6241240812A054,ULS,USED,2024-08-24,2024-09-23,,울산/엠지엘
24E6241240812A145,ULS,USED,2024-08-24,2024-09-20,,울산/엠지엘
24E6241240812A146,ULS,USED,2024-08-24,2024-09-20,,울산/엠지엘
24E6241240812A137,ULS,USED,2024-08-24,2024-09-20,,울산/엠지엘
24E6241240812A144,ULS,USED,2024-08-24,2024-09-27,,울산/엠지엘
24E6241240812A012,ULS,USED,2024-08-24,2024-11-30,,울산/엠지엘
24E6241240812A075,ULS,USED,2024-08-24,2024-09-06,,울산/엠지엘
24E6241240812A110,ULS,USED,2024-08-24,2024-09-27,,울산/엠지엘
24E6241240812A013,ULS,USED,2024-08-24,2024-11-30,,울산/엠지엘
24E6241240812A053,ULS,USED,2024-08-24,2024-09-18,,울산/엠지엘
24E6241240812A067,ULS,USED,2024-08-24,2024-09-06,,울산/엠지엘
24E6241240812A034,ULS,USED,2024-08-24,2024-10-10,,울산/엠지엘
24E6241240812A083,ULS,USED,2024-08-24,2024-09-24,,울산/엠지엘
24E6241240812A090,ULS,USED,2024-08-24,2024-09-26,,울산/엠지엘
24E6241240812A097,ULS,USED,2024-08-24,2024-12-07,,울산/엠지엘
24E6241240812A007,ULS,USED,2024-08-24,2024-11-30,,울산/엠지엘
24E6241240812A014,ULS,USED,2024-08-24,2024-09-30,,울산/엠지엘
24E6241240812A028,ULS,USED,2024-08-24,2024-09-30,,울산/엠지엘
24E6241240812A049,ULS,USED,2024-08-24,2024-09-18,,울산/엠지엘
24E6241240812A056,ULS,USED,2024-08-24,2024-09-23,,울산/엠지엘
24E6241240812A063,ULS,USED,2024-08-24,2024-09-05,,울산/엠지엘
24E6241240812A077,ULS,USED,2024-08-24,2024-09-18,,울산/엠지엘
24E6241240812A098,ULS,USED,2024-08-24,2024-09-25,,울산/엠지엘
24E6241240812A112,ULS,USED,2024-08-24,2024-10-02,,울산/엠지엘
24E6241240812A153,ULS,USED,2024-08-24,2024-09-12,,울산/엠지엘
24E6241240812A109,ULS,USED,2024-08-24,2024-09-30,,울산/엠지엘
24E6241240812A123,ULS,USED,2024-08-24,2024-09-13,,울산/엠지엘
24E6241240812A117,ULS,USED,2024-08-24,2024-09-30,,울산/엠지엘
24E6241240812A158,ULS,USED,2024-08-24,2024-09-24,,울산/엠지엘
24E6241240812A103,ULS,USED,2024-08-24,2024-09-25,,울산/엠지엘
24E6241240812A055,ULS,USED,2024-08-24,2024-09-18,,울산/엠지엘
24E6241240812A102,ULS,USED,2024-08-24,2024-09-25,,울산/엠지엘
24E6241240812A124,ULS,USED,2024-08-24,2024-09-20,,울산/엠지엘
24E6241240812A074,ULS,USED,2024-08-24,2024-09-06,,울산/엠지엘
24E6241240812A039,ULS,USED,2024-08-24,2024-11-30,,울산/엠지엘
24E6241240812A032,ULS,USED,2024-08-24,2024-11-10,,울산/엠지엘
24E6241240812A025,ULS,USED,2024-08-24,2024-10-02,,울산/엠지엘
24E6241240812A081,ULS,USED,2024-08-24,2024-09-05,,울산/엠지엘
24E6241240812A116,ULS,USED,2024-08-24,2024-09-20,,울산/엠지엘
24E6241240812A151,ULS,USED,2024-08-24,2024-09-13,,울산/엠지엘
24E6241240812A033,ULS,USED,2024-08-24,2024-11-10,,울산/엠지엘
24E6241240812A138,ULS,USED,2024-08-24,2024-09-20,,울산/엠지엘
24E6241240812A118,ULS,USED,2024-08-24,2024-09-20,,울산/엠지엘
24E6241240812A125,ULS,USED,2024-08-24,2024-09-24,,울산/엠지엘
24E6241240812A021,ULS,USED,2024-08-24,2024-10-18,,울산/엠지엘
24E6241240812A119,ULS,USED,2024-08-24,2024-09-19,,울산/엠지엘
24E6241240812A088,ULS,USED,2024-08-24,2024-09-24,,울산/엠지엘
24E6241240812A095,ULS,USED,2024-08-24,2024-09-26,,울산/엠지엘
24E6241240812A131,ULS,USED,2024-08-24,2024-09-27,,울산/엠지엘
24E6241240812A006,ULS,USED,2024-08-24,2024-11-30,,울산/엠지엘
24E6241240812A020,ULS,USED,2024-08-24,2024-11-30,,울산/엠지엘
24E6241240812A062,ULS,USED,2024-08-24,2024-09-24,,울산/엠지엘
24E6241240812A069,ULS,USED,2024-08-24,2024-09-06,,울산/엠지엘
24E6241240812A076,ULS,USED,2024-08-24,2024-09-06,,울산/엠지엘
24E6241240812A026,ULS,USED,2024-08-24,2024-10-02,,울산/엠지엘
24E6241240812A082,ULS,USED,2024-08-24,2024-09-06,,울산/엠지엘
24E6241240812A096,ULS,USED,2024-08-24,2024-09-26,,울산/엠지엘
24E6241240812A027,ULS,USED,2024-08-24,2024-11-30,,울산/엠지엘
24E6241240812A041,ULS,USED,2024-08-24,2024-10-10,,울산/엠지엘
24E6241240812A104,ULS,USED,2024-08-24,2024-09-27,,울산/엠지엘
24E6241240812A070,ULS,USED,2024-08-24,2024-09-06,,울산/엠지엘
24E6241240812A126,ULS,USED,2024-08-24,2024-09-24,,울산/엠지엘
24E6241240812A130,ULS,USED,2024-08-24,2024-09-12,,울산/엠지엘
24E6241240716A045,ULS,USED,2024-08-08,2024-10-31,,울산/엠지엘
24E6241240716A076,ULS,USED,2024-08-08,2024-08-30,,울산/엠지엘
24E6241240716A132,ULS,USED,2024-08-08,2024-09-30,,울산/엠지엘
24E6241240716A146,ULS,USED,2024-08-08,2024-08-13,,울산/엠지엘
24E6241240716A007,ULS,USED,2024-08-08,2024-10-10,,울산/엠지엘
24E6241240716A042,ULS,USED,2024-08-08,2024-10-14,,울산/엠지엘
24E6241240716A140,ULS,USED,2024-08-08,2024-10-01,,울산/엠지엘
24E6241240716A059,ULS,USED,2024-08-08,2024-10-10,,울산/엠지엘
24E6241240716A094,ETC,USED,2024-08-08,2024-09-10,,골든테크
24E6241240716A057,ULS,USED,2024-08-08,2024-10-07,,울산/엠지엘
24E6241240716A026,ULS,USED,2024-08-08,2024-10-10,,울산/엠지엘
24E6241240716A051,ULS,USED,2024-08-08,2024-10-04,,울산/엠지엘
24E6241240716A054,ULS,USED,2024-08-08,2024-10-07,,울산/엠지엘
24E6241240716A110,ULS,USED,2024-08-08,2024-08-13,,울산/엠지엘
24E6241240716A118,ULS,USED,2024-08-08,2024-08-28,,울산/엠지엘
24E6241240716A035,ULS,USED,2024-08-08,2024-10-04,,울산/엠지엘
24E6241240716A093,ULS,USED,2024-08-08,2024-09-10,,울산/엠지엘
24E6241240716A100,ULS,USED,2024-08-08,2024-10-04,,울산/엠지엘
24E6241240716A151,ULS,USED,2024-08-08,2024-08-20,,울산/엠지엘
24E6241240716A061,ULS,USED,2024-08-08,2024-08-21,,울산/엠지엘
24E6241240716A049,ULS,USED,2024-08-08,2024-10-07,,울산/엠지엘
24E6241240716A056,ULS,USED,2024-08-08,2024-08-08,,울산/엠지엘
24E6241240716A084,ULS,USED,2024-08-08,2024-08-08,,울산/엠지엘
24E6241240716A080,ULS,USED,2024-08-08,2024-10-04,,울산/엠지엘
24E6241240716A131,ULS,USED,2024-08-08,2024-09-30,,울산/엠지엘
24E6241240716A138,ULS,USED,2024-08-08,2024-10-04,,울산/엠지엘
24E6241240716A145,ULS,USED,2024-08-08,2024-08-20,,울산/엠지엘
24E6241240716A152,ULS,USED,2024-08-08,2024-08-20,,울산/엠지엘
24E6241240716A086,ULS,USED,2024-08-08,2024-09-03,,울산/엠지엘
24E6241240716A107,ULS,USED,2024-08-08,2024-08-14,,울산/엠지엘
24E6241240716A128,ULS,USED,2024-08-08,2024-08-28,,울산/엠지엘
24E6241240716A025,ULS,USED,2024-08-08,2024-10-14,,울산/엠지엘
24E6241240716A060,ULS,USED,2024-08-08,2024-08-08,,울산/엠지엘
24E6241240716A105,ULS,USED,2024-08-08,2024-08-20,,울산/엠지엘
24E6241240716A102,ULS,USED,2024-08-08,2024-08-28,,울산/엠지엘
24E6241240716A022,ULS,USED,2024-08-08,2024-09-04,,울산/엠지엘
24E6241240716A074,ULS,USED,2024-08-08,2024-08-28,,울산/엠지엘
24E6241240716A095,ULS,USED,2024-08-08,2024-10-07,,울산/엠지엘
24E6241240716A103,ULS,USED,2024-08-08,2024-08-14,,울산/엠지엘
24E6241240716A069,ULS,USED,2024-08-08,2024-08-23,,울산/엠지엘
24E6241240716A083,ULS,USED,2024-08-08,2024-09-03,,울산/엠지엘
24E6241240716A090,ULS,USED,2024-08-08,2024-09-03,,울산/엠지엘
24E6241240716A160,ULS,USED,2024-08-08,2024-08-12,,울산/엠지엘
24E6241240716A063,ULS,USED,2024-08-08,2024-08-21,,울산/엠지엘
24E6241240716A085,ULS,USED,2024-08-08,2024-09-04,,울산/엠지엘
24E6241240716A097,ULS,USED,2024-08-08,2024-10-04,,울산/엠지엘
24E6241240716A005,ULS,USED,2024-08-08,2024-10-05,,울산/엠지엘
24E6241240716A040,ULS,USED,2024-08-08,2024-10-04,,울산/엠지엘
24E6241240716A006,ULS,USED,2024-08-08,2024-10-10,,울산/엠지엘
24E6241240716A088,ULS,USED,2024-08-08,2024-09-03,,울산/엠지엘
24E6241240812A111,ULS,USED,2024-08-24,2024-09-30,,울산/엠지엘
24E6241240812A132,ULS,USED,2024-08-24,2024-09-30,,울산/엠지엘
24E6241240812A035,ULS,USED,2024-08-24,2024-11-30,,울산/엠지엘
24E6241240812A152,ULS,USED,2024-08-24,2024-09-12,,울산/엠지엘
24E6241240812A159,ULS,USED,2024-08-24,2024-09-12,,울산/엠지엘
24E6241240812A048,ULS,USED,2024-08-24,2024-09-05,,울산/엠지엘
24E6241240812A139,ULS,USED,2024-08-24,2024-09-20,,울산/엠지엘
24E6241240812A160,ULS,USED,2024-08-24,2024-09-19,,울산/엠지엘
24E6241240812A042,ULS,USED,2024-08-24,2024-10-10,,울산/엠지엘
24E6241240812A084,ULS,USED,2024-08-24,2024-09-05,,울산/엠지엘
24E6241240812A091,ULS,USED,2024-08-24,2024-09-26,,울산/엠지엘
24E6241240812A005,ULS,USED,2024-08-24,2024-11-30,,울산/엠지엘
24E6241240812A047,ULS,USED,2024-08-24,2024-09-18,,울산/엠지엘
24E6241240812A089,ULS,USED,2024-08-24,2024-09-24,,울산/엠지엘
24E6241240716A158,ULS,USED,2024-08-08,2024-08-12,,울산/엠지엘
24E6241240716A019,ULS,USED,2024-08-08,2024-10-11,,울산/엠지엘
24E6241240716A081,ULS,USED,2024-08-08,2024-08-08,,울산/엠지엘
24E6241240716A116,ULS,USED,2024-08-08,2024-08-27,,울산/엠지엘
24E6241240716A013,ULS,USED,2024-08-08,2024-09-30,,울산/엠지엘
24E6241240716A020,ULS,USED,2024-08-08,2024-10-11,,울산/엠지엘
24E6241240716A041,ULS,USED,2024-08-08,2024-10-10,,울산/엠지엘
24E6241240716A055,ULS,USED,2024-08-08,2024-08-21,,울산/엠지엘
24E6241240716A124,ULS,USED,2024-08-08,2024-08-08,,울산/엠지엘
24E6241240716A073,ULS,USED,2024-08-08,2024-08-23,,울산/엠지엘
24E6241240716A087,ULS,USED,2024-08-08,2024-09-03,,울산/엠지엘
24E6241240716A108,ULS,USED,2024-08-08,2024-08-19,,울산/엠지엘
24E6241240716A092,ULS,USED,2024-08-08,2024-09-06,,울산/엠지엘
24E6241240716A134,ULS,USED,2024-08-08,2024-09-30,,울산/엠지엘
24E6241240716A058,ULS,USED,2024-08-08,2024-08-21,,울산/엠지엘
24E6241240716A143,ULS,USED,2024-08-08,2024-08-19,,울산/엠지엘
24E6241240716A015,ULS,USED,2024-08-08,2024-11-10,,울산/엠지엘
24E6241240716A029,ULS,USED,2024-08-08,2024-10-17,,울산/엠지엘
24E6241240716A071,ULS,USED,2024-08-08,2024-08-08,,울산/엠지엘
24E6241240716A078,ULS,USED,2024-08-08,2024-08-08,,울산/엠지엘
24E6241240716A127,ULS,USED,2024-08-08,2024-08-08,,울산/엠지엘
24E6241240716A002,ULS,USED,2024-08-08,2024-10-10,,울산/엠지엘
24E6241240716A017,ULS,USED,2024-08-08,2024-08-12,,울산/엠지엘
24E6241240716A031,ULS,USED,2024-08-08,2024-10-04,,울산/엠지엘
24E6241240716A101,ULS,USED,2024-08-08,2024-08-13,,울산/엠지엘
24E6241240716A115,ULS,USED,2024-08-08,2024-08-29,,울산/엠지엘
24E6241240716A122,ULS,USED,2024-08-08,2024-08-29,,울산/엠지엘
24E6241240716A106,ULS,USED,2024-08-08,2024-08-20,,울산/엠지엘
24E6241240716A135,ULS,USED,2024-08-08,2024-10-02,,울산/엠지엘
24E6241240716A156,ULS,USED,2024-08-08,2024-08-12,,울산/엠지엘
24E6241240716A157,ULS,USED,2024-08-08,2024-08-12,,울산/엠지엘
24E6241240716A067,ULS,USED,2024-08-08,2024-08-22,,울산/엠지엘
24E6241240716A047,ULS,USED,2024-08-08,2024-10-10,,울산/엠지엘
24E6241240716A010,ULS,USED,2024-08-08,2024-10-05,,울산/엠지엘
24E6241240716A038,ULS,USED,2024-08-08,2024-10-04,,울산/엠지엘
24E6241240716A052,ULS,USED,2024-08-08,2024-10-04,,울산/엠지엘
24E6241240716A066,ULS,USED,2024-08-08,2024-08-22,,울산/엠지엘
24E6241240716A159,ULS,USED,2024-08-08,2024-08-08,,울산/엠지엘
24E6241240716A027,ULS,USED,2024-08-08,2024-10-14,,울산/엠지엘
24E6241240716A034,ULS,USED,2024-08-08,2024-10-04,,울산/엠지엘
24E6241240716A053,ULS,USED,2024-08-08,2024-10-04,,울산/엠지엘
24E6241240716A123,ULS,USED,2024-08-08,2024-08-29,,울산/엠지엘
24E6241240716A144,ULS,USED,2024-08-08,2024-08-20,,울산/엠지엘
24E6241240716A082,ULS,USED,2024-08-08,2024-08-08,,울산/엠지엘
24E6241240716A096,ULS,USED,2024-08-08,2024-09-10,,울산/엠지엘
24E6241240716A008,ULS,USED,2024-08-08,2024-09-30,,울산/엠지엘
24E6241240716A043,ULS,USED,2024-08-08,2024-10-10,,울산/엠지엘
24E6241240716A064,ULS,USED,2024-08-08,2024-08-21,,울산/엠지엘
24E6241240716A011,ULS,USED,2024-08-08,2024-09-30,,울산/엠지엘
24E6241240716A018,ULS,USED,2024-08-08,2024-10-11,,울산/엠지엘
24E6241240716A032,ULS,USED,2024-08-08,2024-10-04,,울산/엠지엘
24E6241240716A039,ULS,USED,2024-08-08,2024-10-10,,울산/엠지엘
24E6241240716A046,ULS,USED,2024-08-08,2024-08-27,,울산/엠지엘
24E6241240716A111,ULS,USED,2024-08-08,2024-08-27,,울산/엠지엘
24E6241240716A021,ULS,USED,2024-08-08,2024-09-04,,울산/엠지엘
24E6241240716A147,ULS,USED,2024-08-08,2024-08-14,,울산/엠지엘
24E6241240716A050,ULS,USED,2024-08-08,2024-10-04,,울산/엠지엘
24E6241240716A130,ULS,USED,2024-08-08,2024-08-28,,울산/엠지엘
24E6241240716A137,ULS,USED,2024-08-08,2024-09-30,,울산/엠지엘
24E6241240716A113,ULS,USED,2024-08-08,2024-08-28,,울산/엠지엘
24E6241240716A120,ULS,USED,2024-08-08,2024-08-27,,울산/엠지엘
24E6241240716A016,ULS,USED,2024-08-08,2024-10-10,,울산/엠지엘
24E6241240716A023,ULS,USED,2024-08-08,2024-09-04,,울산/엠지엘
24E6241240716A065,ULS,USED,2024-08-08,2024-08-22,,울산/엠지엘
240124050046033,ULS,USED,2024-06-20,2024-07-19,,울산/엠지엘
240124050046039,ULS,USED,2024-06-20,2024-07-19,,울산/엠지엘
240124050046043,ULS,USED,2024-06-20,2024-07-12,,울산/엠지엘
240124050046047,ULS,USED,2024-06-20,2024-07-12,,울산/엠지엘
240124050046085,ULS,USED,2024-06-20,2024-08-19,,울산/엠지엘
240124050046096,ULS,USED,2024-06-20,2024-06-23,,울산/엠지엘
240124050046101,ULS,USED,2024-06-20,2024-08-16,,울산/엠지엘
240124050046278,ULS,USED,2024-06-20,2024-07-22,,울산/엠지엘
240124050046115,ULS,USED,2024-06-20,2024-08-08,,울산/엠지엘
240124050046119,ULS,USED,2024-06-20,2024-10-17,,울산/엠지엘
240124050046135,ULS,USED,2024-06-20,2024-10-14,,울산/엠지엘
240124050046138,ULS,USED,2024-06-20,2024-10-10,,울산/엠지엘
240124050046143,ULS,USED,2024-06-20,2024-07-17,,울산/엠지엘
240124050046144,ULS,USED,2024-06-20,2024-07-17,,울산/엠지엘
240124050046153,ULS,USED,2024-06-20,2024-08-08,,울산/엠지엘
240124050046188,ULS,USED,2024-06-20,2024-07-29,,울산/엠지엘
240124050046195,ULS,USED,2024-06-20,2024-09-04,,울산/엠지엘
240124050046206,ULS,USED,2024-06-20,2024-10-14,,울산/엠지엘
24E6241240716A079,ULS,USED,2024-08-08,2024-08-08,,울산/엠지엘
24E6241240716A149,ULS,USED,2024-08-08,2024-08-14,,울산/엠지엘
24E6241240716A024,ULS,USED,2024-08-08,2024-09-04,,울산/엠지엘
24E6241240716A004,ULS,USED,2024-08-08,2024-10-01,,울산/엠지엘
24E6241240716A109,ULS,USED,2024-08-08,2024-08-13,,울산/엠지엘
24E6241240716A129,ULS,USED,2024-08-08,2024-08-28,,울산/엠지엘
24E6241240716A150,ULS,USED,2024-08-08,2024-08-20,,울산/엠지엘
24E6241240716A030,ULS,USED,2024-08-08,2024-10-04,,울산/엠지엘
24E6241240716A044,ULS,USED,2024-08-08,2024-10-04,,울산/엠지엘
24E6241240716A001,ULS,USED,2024-08-08,2024-10-10,,울산/엠지엘
24E6241240716A036,ULS,USED,2024-08-08,2024-10-04,,울산/엠지엘
24E6241240716A062,ULS,USED,2024-08-08,2024-08-21,,울산/엠지엘
24E6241240716A125,ULS,USED,2024-08-08,2024-08-29,,울산/엠지엘
24E6241240716A139,ULS,USED,2024-08-08,2024-10-04,,울산/엠지엘
24E6241240716A014,ULS,USED,2024-08-08,2024-11-30,,울산/엠지엘
24E6241240716A028,ULS,USED,2024-08-08,2024-10-11,,울산/엠지엘
24E6241240716A070,ULS,USED,2024-08-08,2024-08-02,,울산/엠지엘
24E6241240716A098,ULS,USED,2024-08-08,2024-10-10,,울산/엠지엘
24E6241240716A099,ULS,USED,2024-08-08,2024-10-04,,울산/엠지엘
24E6241240716A037,ULS,USED,2024-08-08,2024-10-04,,울산/엠지엘
24E6241240716A072,ULS,USED,2024-08-08,2024-08-26,,울산/엠지엘
24E6241240716A136,ULS,USED,2024-08-08,2024-09-30,,울산/엠지엘
24E6241240716A033,ULS,USED,2024-08-08,2024-10-04,,울산/엠지엘
24E6241240716A117,ULS,USED,2024-08-08,2024-08-29,,울산/엠지엘
24E6241240716A048,ULS,USED,2024-08-08,2024-08-12,,울산/엠지엘
24E6241240716A012,ULS,USED,2024-08-08,2024-10-05,,울산/엠지엘
24E6241240716A068,ULS,USED,2024-08-08,2024-08-23,,울산/엠지엘
24E6241240716A075,ULS,USED,2024-08-08,2024-10-11,,울산/엠지엘
24E6241240716A089,ULS,USED,2024-08-08,2024-09-10,,울산/엠지엘
24E6241240716A119,ULS,USED,2024-08-08,2024-08-28,,울산/엠지엘
24E6241240716A126,ULS,USED,2024-08-08,2024-08-29,,울산/엠지엘
24E6241240716A133,ULS,USED,2024-08-08,2024-09-30,,울산/엠지엘
24E6241240716A148,ULS,USED,2024-08-08,2024-08-08,,울산/엠지엘
24E6241240716A091,ULS,USED,2024-08-08,2024-09-04,,울산/엠지엘
24E6241240716A112,ULS,USED,2024-08-08,2024-08-27,,울산/엠지엘
24E6241240716A154,ULS,USED,2024-08-08,2024-08-20,,울산/엠지엘
24E6241240716A104,ULS,USED,2024-08-08,2024-08-19,,울산/엠지엘
24E6241240716A153,ULS,USED,2024-08-08,2024-08-08,,울산/엠지엘
24E6241240716A077,ULS,USED,2024-08-08,2024-10-04,,울산/엠지엘
24E6241240716A141,ULS,USED,2024-08-08,2024-08-14,,울산/엠지엘
24E6241240716A155,ULS,USED,2024-08-08,2024-08-08,,울산/엠지엘
24E6241240716A009,ULS,USED,2024-08-08,2024-10-14,,울산/엠지엘
24E6241240716A114,ULS,USED,2024-08-08,2024-08-27,,울산/엠지엘
24E6241240716A121,ULS,USED,2024-08-08,2024-09-30,,울산/엠지엘
24E6241240716A142,ULS,USED,2024-08-08,2024-08-08,,울산/엠지엘
24E6241240716A003,ULS,USED,2024-08-08,2024-10-10,,울산/엠지엘
240124050046106,ULS,USED,2024-06-20,2024-08-16,,울산/엠지엘
240124050046109,ULS,USED,2024-06-20,2024-08-09,,울산/엠지엘
240124050046259,ULS,USED,2024-06-20,2024-07-22,,울산/엠지엘
240124050046269,ULS,USED,2024-06-20,2024-07-17,,울산/엠지엘
240124050046273,ULS,USED,2024-06-20,2024-07-22,,울산/엠지엘
240124050046084,ULS,USED,2024-06-20,2024-08-19,,울산/엠지엘
240124050046112,ULS,USED,2024-06-20,2024-07-08,,울산/엠지엘
240124050046161,ULS,USED,2024-06-20,2024-08-09,,울산/엠지엘
240124050046175,ULS,USED,2024-06-20,2024-07-01,,울산/엠지엘
240124050046182,ULS,USED,2024-06-20,2024-08-07,,울산/엠지엘
240124050046306,ULS,USED,2024-06-20,2024-08-08,,울산/엠지엘
240124050046307,ULS,USED,2024-06-20,2024-08-08,,울산/엠지엘
240124050046317,ULS,USED,2024-06-20,2024-07-08,,울산/엠지엘
240124050046126,ULS,USED,2024-06-20,2024-06-27,,울산/엠지엘
240124050046129,ULS,USED,2024-06-20,2024-06-27,,울산/엠지엘
240124050046152,ULS,USED,2024-06-20,2024-08-14,,울산/엠지엘
240124050046158,ULS,USED,2024-06-20,2024-08-09,,울산/엠지엘
240124050046165,ULS,USED,2024-06-20,2024-08-07,,울산/엠지엘
240124050046318,ULS,USED,2024-06-20,2024-07-08,,울산/엠지엘
240124050046336,ULS,USED,2024-06-20,2024-07-17,,울산/엠지엘
240124050046350,ULS,USED,2024-06-20,2024-07-29,,울산/엠지엘
240124050046189,ULS,USED,2024-06-20,2024-07-29,,울산/엠지엘
240124050046191,ULS,USED,2024-06-20,2024-06-22,,울산/엠지엘
240124050046199,ULS,USED,2024-06-20,2024-08-20,,울산/엠지엘
240124050046208,ULS,USED,2024-06-20,2024-10-14,,울산/엠지엘
240124050046342,ULS,USED,2024-06-20,2024-07-29,,울산/엠지엘
240124050046343,ULS,USED,2024-06-20,2024-07-29,,울산/엠지엘
240124050046347,ULS,USED,2024-06-20,2024-07-29,,울산/엠지엘
240124050046225,ULS,USED,2024-06-20,2024-07-12,,울산/엠지엘
240124050046230,ULS,USED,2024-06-20,2024-07-13,,울산/엠지엘
240124050046059,ULS,USED,2024-06-20,2024-07-08,,울산/엠지엘
240124050046072,ULS,USED,2024-06-20,2024-08-19,,울산/엠지엘
240124050046074,ULS,USED,2024-06-20,2024-08-29,,울산/엠지엘
240124050046244,ULS,USED,2024-06-20,2024-07-15,,울산/엠지엘
240124050046255,ULS,USED,2024-06-20,2024-07-22,,울산/엠지엘
240124050046266,ULS,USED,2024-06-20,2024-07-17,,울산/엠지엘
240124050046267,ULS,USED,2024-06-20,2024-07-17,,울산/엠지엘
240124050046348,ULS,USED,2024-06-20,2024-07-29,,울산/엠지엘
240124050046069,ULS,USED,2024-06-20,2024-07-31,,울산/엠지엘
240124050046070,ULS,USED,2024-06-20,2024-07-12,,울산/엠지엘
240124050046090,ULS,USED,2024-06-20,2024-08-19,,울산/엠지엘
240124050046015,ULS,USED,2024-06-20,2024-07-04,,울산/엠지엘
240124050046017,ULS,USED,2024-06-20,2024-07-02,,울산/엠지엘
240124050046214,ULS,USED,2024-06-20,2024-10-17,,울산/엠지엘
240124050046291,ULS,USED,2024-06-20,2024-10-15,,울산/엠지엘
240124050046110,ULS,USED,2024-06-20,2024-08-13,,울산/엠지엘
240124050046122,ULS,USED,2024-06-20,2024-06-27,,울산/엠지엘
240124050046136,ULS,USED,2024-06-20,2024-07-08,,울산/엠지엘
240124050046146,ULS,USED,2024-06-20,2024-07-16,,울산/엠지엘
240124050046008,ULS,USED,2024-06-20,2024-07-29,,울산/엠지엘
240124050046035,ULS,USED,2024-06-20,2024-07-19,,울산/엠지엘
240124050046044,ULS,USED,2024-06-20,2024-07-12,,울산/엠지엘
240124050046238,ULS,USED,2024-06-20,2024-06-25,,울산/엠지엘
240124050046239,ULS,USED,2024-06-20,2024-07-08,,울산/엠지엘
240124050046243,ULS,USED,2024-06-20,2024-07-15,,울산/엠지엘
240124050046246,ULS,USED,2024-06-20,2024-07-15,,울산/엠지엘
240124050046251,ULS,USED,2024-06-20,2024-07-23,,울산/엠지엘
240124050046253,ULS,USED,2024-06-20,2024-07-22,,울산/엠지엘
240124050046254,ULS,USED,2024-06-20,2024-07-22,,울산/엠지엘
240124050046019,ULS,USED,2024-06-20,2024-07-02,,울산/엠지엘
240124050046095,ULS,USED,2024-06-20,2024-06-22,,울산/엠지엘
240124050046339,ULS,USED,2024-06-20,2024-07-24,,울산/엠지엘
240124050046027,ULS,USED,2024-06-20,2024-06-27,,울산/엠지엘
240124050046028,ULS,USED,2024-06-20,2024-06-27,,울산/엠지엘
240124050046065,ULS,USED,2024-06-20,2024-06-27,,울산/엠지엘
240124050046233,ULS,USED,2024-06-20,2024-07-13,,울산/엠지엘
240124050046097,ULS,USED,2024-06-20,2024-06-22,,울산/엠지엘
240124050046098,ULS,USED,2024-06-20,2024-06-22,,울산/엠지엘
240124050046124,ULS,USED,2024-06-20,2024-11-30,,울산/엠지엘
240124050046133,ULS,USED,2024-06-20,2024-10-14,,울산/엠지엘
240124050046141,ULS,USED,2024-06-20,2024-07-17,,울산/엠지엘
240124050046148,ULS,USED,2024-06-20,2024-07-19,,울산/엠지엘
240124050046272,ULS,USED,2024-06-20,2024-07-23,,울산/엠지엘
240124050046277,ULS,USED,2024-06-20,2024-07-22,,울산/엠지엘
240124050046132,ULS,USED,2024-06-20,2024-10-14,,울산/엠지엘
240124050046316,ULS,USED,2024-06-20,2024-06-23,,울산/엠지엘
240124050046089,ULS,USED,2024-06-20,2024-08-19,,울산/엠지엘
240124050046102,ULS,USED,2024-06-20,2024-08-19,,울산/엠지엘
240124050046113,ULS,USED,2024-06-20,2024-08-06,,울산/엠지엘
240124050046292,ULS,USED,2024-06-20,2024-06-25,,울산/엠지엘
240124050046300,ULS,USED,2024-06-20,2024-06-24,,울산/엠지엘
240124050046204,ULS,USED,2024-06-20,2024-08-08,,울산/엠지엘
240124050046301,ULS,USED,2024-06-20,2024-10-15,,울산/엠지엘
240124050046121,ULS,USED,2024-06-20,2024-06-27,,울산/엠지엘
240124050046125,ULS,USED,2024-06-20,2024-09-30,,울산/엠지엘
240124050046346,ULS,USED,2024-06-20,2024-07-19,,울산/엠지엘
240124050046061,ULS,USED,2024-06-20,2024-06-27,,울산/엠지엘
240124050046234,ULS,USED,2024-06-20,2024-06-21,,울산/엠지엘
240124050046275,ULS,USED,2024-06-20,2024-07-22,,울산/엠지엘
240124050046285,ULS,USED,2024-06-20,2024-07-25,,울산/엠지엘
240124050046286,ULS,USED,2024-06-20,2024-07-25,,울산/엠지엘
240124050046308,ULS,USED,2024-06-20,2024-06-21,,울산/엠지엘
240124050046310,ULS,USED,2024-06-20,2024-08-08,,울산/엠지엘
240124050046311,ULS,USED,2024-06-20,2024-07-29,,울산/엠지엘
240124050046321,ULS,USED,2024-06-20,2024-06-25,,울산/엠지엘
240124050046290,ULS,USED,2024-06-20,2024-07-24,,울산/엠지엘
240124050046309,ULS,USED,2024-06-20,2024-07-29,,울산/엠지엘
240124050046009,ULS,USED,2024-06-20,2024-10-24,,울산/엠지엘
240124050046011,ULS,USED,2024-06-20,2024-07-08,,울산/엠지엘
240124050046022,ULS,USED,2024-06-20,2024-06-28,,울산/엠지엘
240124050046023,ULS,USED,2024-06-20,2024-07-31,,울산/엠지엘
240124050046007,ULS,USED,2024-06-20,2024-07-13,,울산/엠지엘
240124050046036,ULS,USED,2024-06-20,2024-07-19,,울산/엠지엘
240124050046045,ULS,USED,2024-06-20,2024-07-17,,울산/엠지엘
240124050046048,ULS,USED,2024-06-20,2024-07-12,,울산/엠지엘
240124050046053,ULS,USED,2024-06-20,2024-07-11,,울산/엠지엘
240124050046078,ULS,USED,2024-06-20,2024-08-23,,울산/엠지엘
240124050046082,ULS,USED,2024-06-20,2024-08-19,,울산/엠지엘
240124050046087,ULS,USED,2024-06-20,2024-08-23,,울산/엠지엘
240124050046091,ULS,USED,2024-06-20,2024-06-24,,울산/엠지엘
240124050046093,ULS,USED,2024-06-20,2024-06-22,,울산/엠지엘
240124050046107,ULS,USED,2024-06-20,2024-08-16,,울산/엠지엘
240124050046104,ULS,USED,2024-06-20,2024-08-16,,울산/엠지엘
240124050046116,ULS,USED,2024-06-20,2024-08-08,,울산/엠지엘
240124050046118,ULS,USED,2024-06-20,2024-07-12,,울산/엠지엘
240124050046120,ULS,USED,2024-06-20,2024-07-12,,울산/엠지엘
240124050046105,ULS,USED,2024-06-20,2024-08-16,,울산/엠지엘
240124050046202,ULS,USED,2024-06-20,2024-06-26,,울산/엠지엘
240124050046256,ULS,USED,2024-06-20,2024-07-22,,울산/엠지엘
240124050046248,ULS,USED,2024-06-20,2024-07-15,,울산/엠지엘
240124050046258,ULS,USED,2024-06-20,2024-07-22,,울산/엠지엘
240124050046260,ULS,USED,2024-06-20,2024-07-22,,울산/엠지엘
240124050046263,ULS,USED,2024-06-20,2024-07-17,,울산/엠지엘
240124050046335,ULS,USED,2024-06-20,2024-07-17,,울산/엠지엘
240124050046103,ULS,USED,2024-06-20,2024-08-16,,울산/엠지엘
240124050046235,ULS,USED,2024-06-20,2024-06-21,,울산/엠지엘
240124050046076,ULS,USED,2024-06-20,2024-08-29,,울산/엠지엘
240124050046080,ULS,USED,2024-06-20,2024-08-19,,울산/엠지엘
240124050046172,ULS,USED,2024-06-20,2024-07-08,,울산/엠지엘
240124050046004,ULS,USED,2024-06-20,2024-06-26,,울산/엠지엘
240124050046049,ULS,USED,2024-06-20,2024-07-11,,울산/엠지엘
240124050046183,ULS,USED,2024-06-20,2024-08-01,,울산/엠지엘
240124050046187,ULS,USED,2024-06-20,2024-07-29,,울산/엠지엘
240124050046194,ULS,USED,2024-06-20,2024-10-10,,울산/엠지엘
240124050046203,ULS,USED,2024-06-20,2024-08-08,,울산/엠지엘
240124050046210,ULS,USED,2024-06-20,2024-10-14,,울산/엠지엘
240124050046211,ULS,USED,2024-06-20,2024-08-08,,울산/엠지엘
240124050046220,ULS,USED,2024-06-20,2024-10-18,,울산/엠지엘
240124050046013,ULS,USED,2024-06-20,2024-07-04,,울산/엠지엘
240124050046014,ULS,USED,2024-06-20,2024-07-04,,울산/엠지엘
240124050046021,ULS,USED,2024-06-20,2024-06-28,,울산/엠지엘
240124050046025,ULS,USED,2024-06-20,2024-06-27,,울산/엠지엘
240124050046029,ULS,USED,2024-06-20,2024-06-27,,울산/엠지엘
240124050046142,ULS,USED,2024-06-20,2024-07-17,,울산/엠지엘
240124050046001,ULS,USED,2024-06-20,2024-06-26,,울산/엠지엘
240124050046031,ULS,USED,2024-06-20,2024-07-19,,울산/엠지엘
240124050046040,ULS,USED,2024-06-20,2024-07-19,,울산/엠지엘
240124050046041,ULS,USED,2024-06-20,2024-07-12,,울산/엠지엘
240124050046042,ULS,USED,2024-06-20,2024-07-12,,울산/엠지엘
240124050046050,ULS,USED,2024-06-20,2024-07-11,,울산/엠지엘
240124050046052,ULS,USED,2024-06-20,2024-07-11,,울산/엠지엘
240124050046005,ULS,USED,2024-06-20,2024-07-08,,울산/엠지엘
240124050046055,ULS,USED,2024-06-20,2024-07-11,,울산/엠지엘
240124050046018,ULS,USED,2024-06-20,2024-07-08,,울산/엠지엘
240124050046056,ULS,USED,2024-06-20,2024-07-11,,울산/엠지엘
240124050046063,ULS,USED,2024-06-20,2024-08-20,,울산/엠지엘
240124050046066,ULS,USED,2024-06-20,2024-06-27,,울산/엠지엘
240124050046196,ULS,USED,2024-06-20,2024-07-25,,울산/엠지엘
240124050046232,ULS,USED,2024-06-20,2024-06-21,,울산/엠지엘
240124050046092,ULS,USED,2024-06-20,2024-06-24,,울산/엠지엘
240124050046094,ULS,USED,2024-06-20,2024-06-23,,울산/엠지엘
240124050046046,ULS,USED,2024-06-20,2024-07-12,,울산/엠지엘
240124050046020,ULS,USED,2024-06-20,2024-07-08,,울산/엠지엘
240124050046319,ULS,USED,2024-06-20,2024-07-12,,울산/엠지엘
240124050046137,ULS,USED,2024-06-20,2024-08-01,,울산/엠지엘
240124050046010,ULS,USED,2024-06-20,2024-08-08,,울산/엠지엘
240124050046024,ULS,USED,2024-06-20,2024-07-31,,울산/엠지엘
240124050046077,ULS,USED,2024-06-20,2024-08-23,,울산/엠지엘
240124050046083,ULS,USED,2024-06-20,2024-08-19,,울산/엠지엘
240124050046197,ULS,USED,2024-06-20,2024-10-10,,울산/엠지엘
240124050046198,ULS,USED,2024-06-20,2024-11-10,,울산/엠지엘
240124050046261,ULS,USED,2024-06-20,2024-07-19,,울산/엠지엘
240124050046157,ULS,USED,2024-06-20,2024-08-09,,울산/엠지엘
240124050046162,ULS,USED,2024-06-20,2024-08-09,,울산/엠지엘
240124050046166,ULS,USED,2024-06-20,2024-08-09,,울산/엠지엘
240124050046167,ULS,USED,2024-06-20,2024-08-01,,울산/엠지엘
240124050046174,ULS,USED,2024-06-20,2024-07-01,,울산/엠지엘
240124050046026,ULS,USED,2024-06-20,2024-07-31,,울산/엠지엘
240124050046030,ULS,USED,2024-06-20,2024-06-27,,울산/엠지엘
240124050046037,ULS,USED,2024-06-20,2024-07-19,,울산/엠지엘
240124050046038,ULS,USED,2024-06-20,2024-07-19,,울산/엠지엘
240124050046268,ULS,USED,2024-06-20,2024-07-17,,울산/엠지엘
240124050046193,ULS,USED,2024-06-20,2024-10-10,,울산/엠지엘
240124050046205,ULS,USED,2024-06-20,2024-08-09,,울산/엠지엘
240124050046212,ULS,USED,2024-06-20,2024-08-08,,울산/엠지엘
240124050046215,ULS,USED,2024-06-20,2024-10-10,,울산/엠지엘
240124050046054,ULS,USED,2024-06-20,2024-07-11,,울산/엠지엘
240124050046086,ULS,USED,2024-06-20,2024-08-03,,울산/엠지엘
240124050046088,ULS,USED,2024-06-20,2024-08-19,,울산/엠지엘
240124050046034,ULS,USED,2024-06-20,2024-07-19,,울산/엠지엘
240124050046062,ULS,USED,2024-06-20,2024-06-20,,울산/엠지엘
240124050046064,ULS,USED,2024-06-20,2024-08-13,,울산/엠지엘
240124050046340,ULS,USED,2024-06-20,2024-07-25,,울산/엠지엘
240124050046341,ULS,USED,2024-06-20,2024-07-29,,울산/엠지엘
240124050046281,ULS,USED,2024-06-20,2024-07-25,,울산/엠지엘
240124050046282,ULS,USED,2024-06-20,2024-07-25,,울산/엠지엘
240124050046177,ULS,USED,2024-06-20,2024-07-01,,울산/엠지엘
240124050046178,ULS,USED,2024-06-20,2024-07-01,,울산/엠지엘
240124050046181,ULS,USED,2024-06-20,2024-08-07,,울산/엠지엘
240124050046242,ULS,USED,2024-06-20,2024-07-18,,울산/엠지엘
240124050046247,ULS,USED,2024-06-20,2024-07-15,,울산/엠지엘
240124050046250,ULS,USED,2024-06-20,2024-07-13,,울산/엠지엘
240124050046252,ULS,USED,2024-06-20,2024-07-23,,울산/엠지엘
240124050046231,ULS,USED,2024-06-20,2024-06-21,,울산/엠지엘
240124050046279,ULS,USED,2024-06-20,2024-07-22,,울산/엠지엘
240124050046280,ULS,USED,2024-06-20,2024-07-22,,울산/엠지엘
240124050046257,ULS,USED,2024-06-20,2024-07-22,,울산/엠지엘
240124050046265,ULS,USED,2024-06-20,2024-07-17,,울산/엠지엘
240124050046284,ULS,USED,2024-06-20,2024-07-25,,울산/엠지엘
240124050046287,ULS,USED,2024-06-20,2024-07-25,,울산/엠지엘
240124050046297,ULS,USED,2024-06-20,2024-06-24,,울산/엠지엘
240124050046099,ULS,USED,2024-06-20,2024-06-23,,울산/엠지엘
240124050046100,ULS,USED,2024-06-20,2024-06-22,,울산/엠지엘
240124050046117,ULS,USED,2024-06-20,2024-07-12,,울산/엠지엘
240124050046330,ULS,USED,2024-06-20,2024-10-17,,울산/엠지엘
240124050046016,ULS,USED,2024-06-20,2024-07-04,,울산/엠지엘
240124050046032,ULS,USED,2024-06-20,2024-07-19,,울산/엠지엘
240124050046128,ULS,USED,2024-06-20,2024-06-27,,울산/엠지엘
240124050046131,ULS,USED,2024-06-20,2024-10-14,,울산/엠지엘
240124050046213,ULS,USED,2024-06-20,2024-10-19,,울산/엠지엘
240124050046219,ULS,USED,2024-06-20,2024-10-18,,울산/엠지엘
240124050046228,ULS,USED,2024-06-20,2024-07-12,,울산/엠지엘
240124050046134,ULS,USED,2024-06-20,2024-10-14,,울산/엠지엘
240124050046140,ULS,USED,2024-06-20,2024-08-07,,울산/엠지엘
240124050046149,ULS,USED,2024-06-20,2024-07-16,,울산/엠지엘
240124050046150,ULS,USED,2024-06-20,2024-07-08,,울산/엠지엘
240124050046151,ULS,USED,2024-06-20,2024-08-08,,울산/엠지엘
240124050046155,ULS,USED,2024-06-20,2024-08-08,,울산/엠지엘
240124050046163,ULS,USED,2024-06-20,2024-07-16,,울산/엠지엘
240124050046264,ULS,USED,2024-06-20,2024-07-17,,울산/엠지엘
240124050046262,ULS,USED,2024-06-20,2024-07-19,,울산/엠지엘
240124050046179,ULS,USED,2024-06-20,2024-06-28,,울산/엠지엘
240124050046190,ULS,USED,2024-06-20,2024-07-17,,울산/엠지엘
240124050046236,ULS,USED,2024-06-20,2024-06-21,,울산/엠지엘
240124050046240,ULS,USED,2024-06-20,2024-07-08,,울산/엠지엘
240124050046123,ULS,USED,2024-06-20,2024-06-27,,울산/엠지엘
240124050046274,ULS,USED,2024-06-20,2024-07-23,,울산/엠지엘
240124050046276,ULS,USED,2024-06-20,2024-07-22,,울산/엠지엘
240124050046304,ULS,USED,2024-06-20,2024-06-22,,울산/엠지엘
240124050046305,ULS,USED,2024-06-20,2024-06-20,,울산/엠지엘
240124050046344,ULS,USED,2024-06-20,2024-07-19,,울산/엠지엘
240124050046315,ULS,USED,2024-06-20,2024-06-22,,울산/엠지엘
240124050046323,ULS,USED,2024-06-20,2024-06-25,,울산/엠지엘
240124050046324,ULS,USED,2024-06-20,2024-06-25,,울산/엠지엘
240124050046332,ULS,USED,2024-06-20,2024-07-29,,울산/엠지엘
240124050046333,ULS,USED,2024-06-20,2024-07-22,,울산/엠지엘
240124050046057,ULS,USED,2024-06-20,2024-07-11,,울산/엠지엘
240124050046058,ULS,USED,2024-06-20,2024-07-11,,울산/엠지엘
240124050046241,ULS,USED,2024-06-20,2024-07-15,,울산/엠지엘
240124050046200,ULS,USED,2024-06-20,2024-11-10,,울산/엠지엘
240124050046201,ULS,USED,2024-06-20,2024-06-26,,울산/엠지엘
240124050046207,ULS,USED,2024-06-20,2024-10-14,,울산/엠지엘
240124050046221,ULS,USED,2024-06-20,2024-07-15,,울산/엠지엘
240124050046216,ULS,USED,2024-06-20,2024-06-26,,울산/엠지엘
240124050046217,ULS,USED,2024-06-20,2024-10-17,,울산/엠지엘
240124050046218,ULS,USED,2024-06-20,2024-10-17,,울산/엠지엘
240124050046081,ULS,USED,2024-06-20,2024-08-30,,울산/엠지엘
240124050046164,ULS,USED,2024-06-20,2024-07-16,,울산/엠지엘
240124050046168,ULS,USED,2024-06-20,2024-08-06,,울산/엠지엘
240124050046176,ULS,USED,2024-06-20,2024-07-01,,울산/엠지엘
240124050046180,ULS,USED,2024-06-20,2024-07-31,,울산/엠지엘
240124050046192,ULS,USED,2024-06-20,2024-06-22,,울산/엠지엘
240124050046222,ULS,USED,2024-06-20,2024-07-15,,울산/엠지엘
240124050046237,ULS,USED,2024-06-20,2024-06-24,,울산/엠지엘
240124050046349,ULS,USED,2024-06-20,2024-07-29,,울산/엠지엘
240124050046312,ULS,USED,2024-06-20,2024-07-29,,울산/엠지엘
240124050046006,ULS,USED,2024-06-20,2024-07-15,,울산/엠지엘
240124050046271,ULS,USED,2024-06-20,2024-07-23,,울산/엠지엘
240124050046147,ULS,USED,2024-06-20,2024-07-16,,울산/엠지엘
240124050046108,ULS,USED,2024-06-20,2024-08-13,,울산/엠지엘
240124050046114,ULS,USED,2024-06-20,2024-08-06,,울산/엠지엘
240124050046154,ULS,USED,2024-06-20,2024-08-08,,울산/엠지엘
240124050046159,ULS,USED,2024-06-20,2024-08-09,,울산/엠지엘
240124050046051,ULS,USED,2024-06-20,2024-07-12,,울산/엠지엘
240124050046185,ULS,USED,2024-06-20,2024-08-07,,울산/엠지엘
240124050046245,ULS,USED,2024-06-20,2024-07-15,,울산/엠지엘
240124050046249,ULS,USED,2024-06-20,2024-07-15,,울산/엠지엘
240124050046145,ULS,USED,2024-06-20,2024-07-17,,울산/엠지엘
240124050046002,ULS,USED,2024-06-20,2024-06-26,,울산/엠지엘
240124050046003,ULS,USED,2024-06-20,2024-06-26,,울산/엠지엘
240124050046320,ULS,USED,2024-06-20,2024-07-15,,울산/엠지엘
240124050046334,ULS,USED,2024-06-20,2024-07-22,,울산/엠지엘
240124050046067,ULS,USED,2024-06-20,2024-07-17,,울산/엠지엘
240124050046060,ULS,USED,2024-06-20,2024-07-08,,울산/엠지엘
240124050046068,ULS,USED,2024-06-20,2024-07-12,,울산/엠지엘
240124050046071,ULS,USED,2024-06-20,2024-08-19,,울산/엠지엘
240124050046111,ULS,USED,2024-06-20,2024-07-08,,울산/엠지엘
240124050046270,ULS,USED,2024-06-20,2024-07-17,,울산/엠지엘
240124050046283,ULS,USED,2024-06-20,2024-07-25,,울산/엠지엘
240124050046289,ULS,USED,2024-06-20,2024-07-24,,울산/엠지엘
240124050046294,ULS,USED,2024-06-20,2024-06-25,,울산/엠지엘
240124050046295,ULS,USED,2024-06-20,2024-10-14,,울산/엠지엘
240124050046012,ULS,USED,2024-06-20,2024-07-08,,울산/엠지엘
240124050046169,ULS,USED,2024-06-20,2024-07-29,,울산/엠지엘
240124050046170,ULS,USED,2024-06-20,2024-07-17,,울산/엠지엘
240124050046171,ULS,USED,2024-06-20,2024-07-08,,울산/엠지엘
240124050046173,ULS,USED,2024-06-20,2024-07-01,,울산/엠지엘
240124050046288,ULS,USED,2024-06-20,2024-07-25,,울산/엠지엘
240124050046293,ULS,USED,2024-06-20,2024-07-08,,울산/엠지엘
240124050046296,ULS,USED,2024-06-20,2024-06-25,,울산/엠지엘
240124050046298,ULS,USED,2024-06-20,2024-06-24,,울산/엠지엘
240124050046302,ULS,USED,2024-06-20,2024-06-22,,울산/엠지엘
240124050046303,ULS,USED,2024-06-20,2024-06-22,,울산/엠지엘
240124050046313,ULS,USED,2024-06-20,2024-07-12,,울산/엠지엘
240124050046299,ULS,USED,2024-06-20,2024-06-24,,울산/엠지엘
240124050046184,ULS,USED,2024-06-20,2024-08-01,,울산/엠지엘
240124050046186,ULS,USED,2024-06-20,2024-07-29,,울산/엠지엘
240124050046209,ULS,USED,2024-06-20,2024-10-14,,울산/엠지엘
240124050046322,ULS,USED,2024-06-20,2024-06-25,,울산/엠지엘
240124050046325,ULS,USED,2024-06-20,2024-10-15,,울산/엠지엘
240124050046326,ULS,USED,2024-06-20,2024-10-16,,울산/엠지엘
240124050046327,ULS,USED,2024-06-20,2024-10-14,,울산/엠지엘
240124050046223,ULS,USED,2024-06-20,2024-06-21,,울산/엠지엘
240124050046224,ULS,USED,2024-06-20,2024-07-12,,울산/엠지엘
240124050046226,ULS,USED,2024-06-20,2024-07-15,,울산/엠지엘
240124050046227,ULS,USED,2024-06-20,2024-07-13,,울산/엠지엘
240124050046229,ULS,USED,2024-06-20,2024-07-12,,울산/엠지엘
240124050046328,ULS,USED,2024-06-20,2024-10-14,,울산/엠지엘
240124050046329,ULS,USED,2024-06-20,2024-10-14,,울산/엠지엘
240124050046331,ULS,USED,2024-06-20,2024-07-29,,울산/엠지엘
240124040007222,ULS,USED,2024-04-27,2024-05-13,,울산/엠지엘
240124040007099,ULS,USED,2024-04-27,2024-05-21,,울산/엠지엘
240124040007132,ULS,USED,2024-04-27,2024-05-16,,울산/엠지엘
240124040007129,ULS,USED,2024-04-27,2024-05-11,,울산/엠지엘
240124040007072,ULS,USED,2024-04-27,2024-05-22,,울산/엠지엘
240124040007073,ULS,USED,2024-04-27,2024-05-21,,울산/엠지엘
240124040007228,ULS,USED,2024-04-27,2024-05-14,,울산/엠지엘
240124040007256,ULS,USED,2024-04-27,2024-06-18,,울산/엠지엘
240124040007297,ULS,USED,2024-04-27,2024-05-29,,울산/엠지엘
240124040007291,ULS,USED,2024-04-27,2024-05-30,,울산/엠지엘
240124040007299,ULS,USED,2024-04-27,2024-05-28,,울산/엠지엘
240124040007042,ULS,USED,2024-04-27,2024-05-20,,울산/엠지엘
240124040007048,ULS,USED,2024-04-27,2024-05-21,,울산/엠지엘
240124040007056,ULS,USED,2024-04-27,2024-06-20,,울산/엠지엘
240124040007062,ULS,USED,2024-04-27,2024-06-19,,울산/엠지엘
240124040007066,ULS,USED,2024-04-27,2024-06-19,,울산/엠지엘
240124040007084,ULS,USED,2024-04-27,2024-05-21,,울산/엠지엘
240124040007088,ULS,USED,2024-04-27,2024-05-17,,울산/엠지엘
240124040007113,ULS,USED,2024-04-27,2024-05-21,,울산/엠지엘
240124040007115,ULS,USED,2024-04-27,2024-05-21,,울산/엠지엘
240124040007116,ULS,USED,2024-04-27,2024-05-20,,울산/엠지엘
240124040007106,ULS,USED,2024-04-27,2024-05-20,,울산/엠지엘
240124040007153,ULS,USED,2024-04-27,2024-05-10,,울산/엠지엘
240124040007155,ULS,USED,2024-04-27,2024-05-10,,울산/엠지엘
240124040007022,ULS,USED,2024-04-27,2024-06-13,,울산/엠지엘
240124040007281,ULS,USED,2024-04-27,2024-06-07,,울산/엠지엘
240124040007283,ULS,USED,2024-04-27,2024-06-05,,울산/엠지엘
240124040007284,ULS,USED,2024-04-27,2024-06-05,,울산/엠지엘
240124040007288,ULS,USED,2024-04-27,2024-06-04,,울산/엠지엘
240124040007296,ULS,USED,2024-04-27,2024-05-29,,울산/엠지엘
240124040007159,ULS,USED,2024-04-27,2024-05-10,,울산/엠지엘
240124040007160,ULS,USED,2024-04-27,2024-05-10,,울산/엠지엘
240124040007168,ULS,USED,2024-04-27,2024-05-25,,울산/엠지엘
240124040007224,ULS,USED,2024-04-27,2024-05-14,,울산/엠지엘
240124040007253,ULS,USED,2024-04-27,2024-06-20,,울산/엠지엘
240124040007114,ULS,USED,2024-04-27,2024-05-22,,울산/엠지엘
240124040007030,ULS,USED,2024-04-27,2024-06-12,,울산/엠지엘
240124040007031,ULS,USED,2024-04-27,2024-06-14,,울산/엠지엘
240124040007037,ULS,USED,2024-04-27,2024-06-05,,울산/엠지엘
240124040007043,ULS,USED,2024-04-27,2024-05-20,,울산/엠지엘
240124040007054,ULS,USED,2024-04-27,2024-06-20,,울산/엠지엘
240124040007069,ULS,USED,2024-04-27,2024-06-08,,울산/엠지엘
240124040007027,ULS,USED,2024-04-27,2024-06-13,,울산/엠지엘
240124040007100,ULS,USED,2024-04-27,2024-05-21,,울산/엠지엘
240124040007135,ULS,USED,2024-04-27,2024-05-15,,울산/엠지엘
240124040007094,ULS,USED,2024-04-27,2024-05-13,,울산/엠지엘
240124040007136,ULS,USED,2024-04-27,2024-05-07,,울산/엠지엘
240124040007137,ULS,USED,2024-04-27,2024-05-07,,울산/엠지엘
240124040007143,ULS,USED,2024-04-27,2024-05-13,,울산/엠지엘
240124040007103,ULS,USED,2024-04-27,2024-05-20,,울산/엠지엘
240124040007104,ULS,USED,2024-04-27,2024-05-20,,울산/엠지엘
240124040007105,ULS,USED,2024-04-27,2024-05-20,,울산/엠지엘
240124050046314,ULS,USED,2024-06-20,2024-07-12,,울산/엠지엘
240124050046127,ULS,USED,2024-06-20,2024-06-27,,울산/엠지엘
240124050046130,ULS,USED,2024-06-20,2024-08-03,,울산/엠지엘
240124050046139,ULS,USED,2024-06-20,2024-10-14,,울산/엠지엘
240124050046337,ULS,USED,2024-06-20,2024-07-22,,울산/엠지엘
240124050046338,ULS,USED,2024-06-20,2024-07-22,,울산/엠지엘
240124050046345,ULS,USED,2024-06-20,2024-07-29,,울산/엠지엘
240124050046156,ULS,USED,2024-06-20,2024-08-09,,울산/엠지엘
240124050046160,ULS,USED,2024-06-20,2024-08-07,,울산/엠지엘
240124050046073,ULS,USED,2024-06-20,2024-08-29,,울산/엠지엘
240124050046075,ULS,USED,2024-06-20,2024-09-04,,울산/엠지엘
240124050046079,ULS,USED,2024-06-20,2024-09-04,,울산/엠지엘
240124040007282,ULS,USED,2024-04-27,2024-06-05,,울산/엠지엘
240124040007289,ULS,USED,2024-04-27,2024-06-16,,울산/엠지엘
240124040007150,ULS,USED,2024-04-27,2024-05-13,,울산/엠지엘
240124040007270,ULS,USED,2024-04-27,2024-06-19,,울산/엠지엘
240124040007347,ULS,USED,2024-04-27,2024-05-03,,울산/엠지엘
240124040007349,ULS,USED,2024-04-27,2024-05-09,,울산/엠지엘
240124040007258,ULS,USED,2024-04-27,2024-06-18,,울산/엠지엘
240124040007235,ULS,USED,2024-04-27,2024-06-10,,울산/엠지엘
240124040007335,ULS,USED,2024-04-27,2024-05-09,,울산/엠지엘
240124040007260,ULS,USED,2024-04-27,2024-06-18,,울산/엠지엘
240124040007261,ULS,USED,2024-04-27,2024-06-21,,울산/엠지엘
240124040007120,ULS,USED,2024-04-27,2024-05-20,,울산/엠지엘
240124040007124,ULS,USED,2024-04-27,2024-05-30,,울산/엠지엘
240124040007006,ULS,USED,2024-04-27,2024-06-03,,울산/엠지엘
240124040007007,ULS,USED,2024-04-27,2024-06-02,,울산/엠지엘
240124040007010,ULS,USED,2024-04-27,2024-06-12,,울산/엠지엘
240124040007003,ULS,USED,2024-04-27,2024-05-18,,울산/엠지엘
240124040007188,ULS,USED,2024-04-27,2024-05-21,,울산/엠지엘
240124040007203,ULS,USED,2024-04-27,2024-05-28,,울산/엠지엘
240124040007206,ULS,USED,2024-04-27,2024-05-28,,울산/엠지엘
240124040007210,ULS,USED,2024-04-27,2024-05-28,,울산/엠지엘
240124040007212,ULS,USED,2024-04-27,2024-05-10,,울산/엠지엘
240124040007219,ULS,USED,2024-04-27,2024-05-10,,울산/엠지엘
240124040007334,ULS,USED,2024-04-27,2024-05-09,,울산/엠지엘
240124040007341,ULS,USED,2024-04-27,2024-05-09,,울산/엠지엘
240124040007123,ULS,USED,2024-04-27,2024-05-30,,울산/엠지엘
240124040007336,ULS,USED,2024-04-27,2024-05-09,,울산/엠지엘
240124040007013,ULS,USED,2024-04-27,2024-06-03,,울산/엠지엘
240124040007017,ULS,USED,2024-04-27,2024-06-02,,울산/엠지엘
240124040007178,ULS,USED,2024-04-27,2024-05-21,,울산/엠지엘
240124040007181,ULS,USED,2024-04-27,2024-05-21,,울산/엠지엘
240124040007009,ULS,USED,2024-04-27,2024-06-12,,울산/엠지엘
240124040007035,ULS,USED,2024-04-27,2024-06-08,,울산/엠지엘
240124040007044,ULS,USED,2024-04-27,2024-05-20,,울산/엠지엘
240124040007050,ULS,USED,2024-04-27,2024-05-20,,울산/엠지엘
240124040007052,ULS,USED,2024-04-27,2024-06-20,,울산/엠지엘
240124040007182,ULS,USED,2024-04-27,2024-05-22,,울산/엠지엘
240124040007185,ULS,USED,2024-04-27,2024-05-21,,울산/엠지엘
240124040007187,ULS,USED,2024-04-27,2024-05-22,,울산/엠지엘
240124040007200,ULS,USED,2024-04-27,2024-05-21,,울산/엠지엘
240124040007267,ULS,USED,2024-04-27,2024-06-19,,울산/엠지엘
240124040007313,ULS,USED,2024-04-27,2024-06-10,,울산/엠지엘
240124040007055,ULS,USED,2024-04-27,2024-06-20,,울산/엠지엘
240124040007061,ULS,USED,2024-04-27,2024-06-19,,울산/엠지엘
240124040007067,ULS,USED,2024-04-27,2024-06-14,,울산/엠지엘
240124040007331,ULS,USED,2024-04-27,2024-05-03,,울산/엠지엘
240124040007333,ULS,USED,2024-04-27,2024-05-03,,울산/엠지엘
240124040007340,ULS,USED,2024-04-27,2024-05-08,,울산/엠지엘
240124040007016,ULS,USED,2024-04-27,2024-06-03,,울산/엠지엘
240124040007021,ULS,USED,2024-04-27,2024-06-13,,울산/엠지엘
240124040007070,ULS,USED,2024-04-27,2024-06-14,,울산/엠지엘
240124040007023,ULS,USED,2024-04-27,2024-06-13,,울산/엠지엘
240124040007045,ULS,USED,2024-04-27,2024-05-21,,울산/엠지엘
240124040007164,ULS,USED,2024-04-27,2024-05-27,,울산/엠지엘
240124040007173,ULS,USED,2024-04-27,2024-05-22,,울산/엠지엘
240124040007189,ULS,USED,2024-04-27,2024-05-21,,울산/엠지엘
240124040007075,ULS,USED,2024-04-27,2024-06-10,,울산/엠지엘
240124040007083,ULS,USED,2024-04-27,2024-05-18,,울산/엠지엘
240124040007089,ULS,USED,2024-04-27,2024-05-18,,울산/엠지엘
240124040007051,ULS,USED,2024-04-27,2024-06-20,,울산/엠지엘
240124040007063,ULS,USED,2024-04-27,2024-06-19,,울산/엠지엘
240124040007194,ULS,USED,2024-04-27,2024-05-23,,울산/엠지엘
240124040007208,ULS,USED,2024-04-27,2024-05-28,,울산/엠지엘
240124040007218,ULS,USED,2024-04-27,2024-05-10,,울산/엠지엘
240124040007216,ULS,USED,2024-04-27,2024-05-14,,울산/엠지엘
240124040007092,ULS,USED,2024-04-27,2024-05-13,,울산/엠지엘
240124040007157,ULS,USED,2024-04-27,2024-05-10,,울산/엠지엘
240124040007127,ULS,USED,2024-04-27,2024-05-16,,울산/엠지엘
240124040007144,ULS,USED,2024-04-27,2024-05-16,,울산/엠지엘
240124040007239,ULS,USED,2024-04-27,2024-06-17,,울산/엠지엘
240124040007167,ULS,USED,2024-04-27,2024-05-25,,울산/엠지엘
240124040007244,ULS,USED,2024-04-27,2024-06-17,,울산/엠지엘
240124040007242,ULS,USED,2024-04-27,2024-06-17,,울산/엠지엘
240124040007247,ULS,USED,2024-04-27,2024-06-13,,울산/엠지엘
240124040007255,ULS,USED,2024-04-27,2024-06-20,,울산/엠지엘
240124040007001,ULS,USED,2024-04-27,2024-05-21,,울산/엠지엘
240124040007004,ULS,USED,2024-04-27,2024-05-18,,울산/엠지엘
240124040007012,ULS,USED,2024-04-27,2024-06-03,,울산/엠지엘
240124040007024,ULS,USED,2024-04-27,2024-06-13,,울산/엠지엘
240124040007025,ULS,USED,2024-04-27,2024-06-13,,울산/엠지엘
240124040007028,ULS,USED,2024-04-27,2024-06-12,,울산/엠지엘
240124040007032,ULS,USED,2024-04-27,2024-06-14,,울산/엠지엘
240124040007060,ULS,USED,2024-04-27,2024-07-05,,울산/엠지엘
240124040007074,ULS,USED,2024-04-27,2024-05-22,,울산/엠지엘
240124040007076,ULS,USED,2024-04-27,2024-06-10,,울산/엠지엘
240124040007078,ULS,USED,2024-04-27,2024-05-21,,울산/엠지엘
240124040007079,ULS,USED,2024-04-27,2024-06-07,,울산/엠지엘
240124040007259,ULS,USED,2024-04-27,2024-06-17,,울산/엠지엘
240124040007197,ULS,USED,2024-04-27,2024-05-23,,울산/엠지엘
240124040007198,ULS,USED,2024-04-27,2024-05-23,,울산/엠지엘
240124040007201,ULS,USED,2024-04-27,2024-05-28,,울산/엠지엘
240124040007082,ULS,USED,2024-04-27,2024-05-18,,울산/엠지엘
240124040007085,ULS,USED,2024-04-27,2024-05-17,,울산/엠지엘
240124040007086,ULS,USED,2024-04-27,2024-05-17,,울산/엠지엘
240124040007280,ULS,USED,2024-04-27,2024-06-11,,울산/엠지엘
240124040007285,ULS,USED,2024-04-27,2024-06-05,,울산/엠지엘
240124040007286,ULS,USED,2024-04-27,2024-06-05,,울산/엠지엘
240124040007298,ULS,USED,2024-04-27,2024-05-28,,울산/엠지엘
240124040007300,ULS,USED,2024-04-27,2024-05-28,,울산/엠지엘
240124040007011,ULS,USED,2024-04-27,2024-06-03,,울산/엠지엘
240124040007019,ULS,USED,2024-04-27,2024-06-02,,울산/엠지엘
240124040007215,ULS,USED,2024-04-27,2024-05-27,,울산/엠지엘
240124040007221,ULS,USED,2024-04-27,2024-05-13,,울산/엠지엘
240124040007304,ULS,USED,2024-04-27,2024-05-30,,울산/엠지엘
240124040007309,ULS,USED,2024-04-27,2024-05-30,,울산/엠지엘
240124040007310,ULS,USED,2024-04-27,2024-05-29,,울산/엠지엘
240124040007321,ULS,USED,2024-04-27,2024-05-03,,울산/엠지엘
240124040007229,ULS,USED,2024-04-27,2024-05-15,,울산/엠지엘
240124040007290,ULS,USED,2024-04-27,2024-06-04,,울산/엠지엘
240124040007090,ULS,USED,2024-04-27,2024-05-17,,울산/엠지엘
240124040007330,ULS,USED,2024-04-27,2024-05-13,,울산/엠지엘
240124040007098,ULS,USED,2024-04-27,2024-05-20,,울산/엠지엘
240124040007142,ULS,USED,2024-04-27,2024-06-10,,울산/엠지엘
240124040007343,ULS,USED,2024-04-27,2024-05-09,,울산/엠지엘
240124040007110,ULS,USED,2024-04-27,2024-05-20,,울산/엠지엘
240124040007111,ULS,USED,2024-04-27,2024-05-22,,울산/엠지엘
240124040007117,ULS,USED,2024-04-27,2024-05-20,,울산/엠지엘
240124040007118,ULS,USED,2024-04-27,2024-05-21,,울산/엠지엘
240124040007122,ULS,USED,2024-04-27,2024-05-28,,울산/엠지엘
240124040007125,ULS,USED,2024-04-27,2024-05-18,,울산/엠지엘
240124040007126,ULS,USED,2024-04-27,2024-05-15,,울산/엠지엘
240124040007240,ULS,USED,2024-04-27,2024-06-17,,울산/엠지엘
240124040007230,ULS,USED,2024-04-27,2024-05-15,,울산/엠지엘
240124040007276,ULS,USED,2024-04-27,2024-06-12,,울산/엠지엘
240124040007273,ULS,USED,2024-04-27,2024-06-12,,울산/엠지엘
240124040007275,ULS,USED,2024-04-27,2024-06-11,,울산/엠지엘
240124040007278,ULS,USED,2024-04-27,2024-06-11,,울산/엠지엘
240124040007279,ULS,USED,2024-04-27,2024-06-10,,울산/엠지엘
240124040007245,ULS,USED,2024-04-27,2024-06-13,,울산/엠지엘
240124040007266,ULS,USED,2024-04-27,2024-06-21,,울산/엠지엘
240124040007268,ULS,USED,2024-04-27,2024-06-21,,울산/엠지엘
240124040007269,ULS,USED,2024-04-27,2024-06-14,,울산/엠지엘
240124040007271,ULS,USED,2024-04-27,2024-06-12,,울산/엠지엘
240124040007274,ULS,USED,2024-04-27,2024-06-12,,울산/엠지엘
240124040007174,ULS,USED,2024-04-27,2024-05-22,,울산/엠지엘
240124040007183,ULS,USED,2024-04-27,2024-05-22,,울산/엠지엘
240124040007193,ULS,USED,2024-04-27,2024-05-23,,울산/엠지엘
240124040007207,ULS,USED,2024-04-27,2024-05-28,,울산/엠지엘
240124040007339,ULS,USED,2024-04-27,2024-05-09,,울산/엠지엘
240124040007342,ULS,USED,2024-04-27,2024-05-09,,울산/엠지엘
240124040007161,ULS,USED,2024-04-27,2024-05-27,,울산/엠지엘
240124040007165,ULS,USED,2024-04-27,2024-05-25,,울산/엠지엘
240124040007170,ULS,USED,2024-04-27,2024-05-25,,울산/엠지엘
240124040007184,ULS,USED,2024-04-27,2024-05-21,,울산/엠지엘
240124040007146,ULS,USED,2024-04-27,2024-05-16,,울산/엠지엘
240124040007272,ULS,USED,2024-04-27,2024-06-12,,울산/엠지엘
240124040007277,ULS,USED,2024-04-27,2024-06-11,,울산/엠지엘
240124040007213,ULS,USED,2024-04-27,2024-05-24,,울산/엠지엘
240124040007220,ULS,USED,2024-04-27,2024-05-25,,울산/엠지엘
240124040007226,ULS,USED,2024-04-27,2024-05-14,,울산/엠지엘
240124040007329,ULS,USED,2024-04-27,2024-05-11,,울산/엠지엘
240124040007293,ULS,USED,2024-04-27,2024-05-29,,울산/엠지엘
240124040007294,ULS,USED,2024-04-27,2024-05-29,,울산/엠지엘
240124040007295,ULS,USED,2024-04-27,2024-05-29,,울산/엠지엘
240124040007301,ULS,USED,2024-04-27,2024-05-30,,울산/엠지엘
240124040007306,ULS,USED,2024-04-27,2024-05-30,,울산/엠지엘
240124040007311,ULS,USED,2024-04-27,2024-06-10,,울산/엠지엘
240124040007234,ULS,USED,2024-04-27,2024-06-04,,울산/엠지엘
240124040007148,ULS,USED,2024-04-27,2024-05-13,,울산/엠지엘
240124040007097,ULS,USED,2024-04-27,2024-05-20,,울산/엠지엘
240124040007108,ULS,USED,2024-04-27,2024-05-20,,울산/엠지엘
240124040007109,ULS,USED,2024-04-27,2024-05-20,,울산/엠지엘
240124040007112,ULS,USED,2024-04-27,2024-05-22,,울산/엠지엘
240124040007176,ULS,USED,2024-04-27,2024-05-25,,울산/엠지엘
240124040007177,ULS,USED,2024-04-27,2024-05-22,,울산/엠지엘
240124040007133,ULS,USED,2024-04-27,2024-05-16,,울산/엠지엘
240124040007101,ULS,USED,2024-04-27,2024-05-20,,울산/엠지엘
240124040007138,ULS,USED,2024-04-27,2024-05-07,,울산/엠지엘
240124040007140,ULS,USED,2024-04-27,2024-05-15,,울산/엠지엘
240124040007020,ULS,USED,2024-04-27,2024-06-02,,울산/엠지엘
240124040007036,ULS,USED,2024-04-27,2024-06-08,,울산/엠지엘
240124040007038,ULS,USED,2024-04-27,2024-06-05,,울산/엠지엘
240124040007008,ULS,USED,2024-04-27,2024-06-03,,울산/엠지엘
240124040007071,ULS,USED,2024-04-27,2024-05-22,,울산/엠지엘
240124040007087,ULS,USED,2024-04-27,2024-05-17,,울산/엠지엘
240124040007091,ULS,USED,2024-04-27,2024-05-13,,울산/엠지엘
240124040007095,ULS,USED,2024-04-27,2024-05-13,,울산/엠지엘
240124040007319,ULS,USED,2024-04-27,2024-05-30,,울산/엠지엘
240124040007325,ULS,USED,2024-04-27,2024-05-13,,울산/엠지엘
240124040007348,ULS,USED,2024-04-27,2024-05-03,,울산/엠지엘
240124040007096,ULS,USED,2024-04-27,2024-05-09,,울산/엠지엘
240124040007233,ULS,USED,2024-04-27,2024-06-04,,울산/엠지엘
240124040007332,ULS,USED,2024-04-27,2024-05-03,,울산/엠지엘
240124040007121,ULS,USED,2024-04-27,2024-05-28,,울산/엠지엘
240124040007149,ULS,USED,2024-04-27,2024-05-13,,울산/엠지엘
240124040007287,ULS,USED,2024-04-27,2024-06-04,,울산/엠지엘
240124040007308,ULS,USED,2024-04-27,2024-05-29,,울산/엠지엘
240124040007315,ULS,USED,2024-04-27,2024-06-04,,울산/엠지엘
240124040007317,ULS,USED,2024-04-27,2024-06-04,,울산/엠지엘
240124040007320,ULS,USED,2024-04-27,2024-06-03,,울산/엠지엘
240124040007322,ULS,USED,2024-04-27,2024-05-09,,울산/엠지엘
240124040007190,ULS,USED,2024-04-27,2024-05-22,,울산/엠지엘
240124040007180,ULS,USED,2024-04-27,2024-05-22,,울산/엠지엘
240124040007186,ULS,USED,2024-04-27,2024-05-21,,울산/엠지엘
240124040007231,ULS,USED,2024-04-27,2024-05-29,,울산/엠지엘
240124040007081,ULS,USED,2024-04-27,2024-05-18,,울산/엠지엘
240124040007093,ULS,USED,2024-04-27,2024-05-13,,울산/엠지엘
240124040007046,ULS,USED,2024-04-27,2024-05-21,,울산/엠지엘
240124040007049,ULS,USED,2024-04-27,2024-05-21,,울산/엠지엘
240124040007057,ULS,USED,2024-04-27,2024-06-20,,울산/엠지엘
240124040007059,ULS,USED,2024-04-27,2024-06-03,,울산/엠지엘
240124040007065,ULS,USED,2024-04-27,2024-06-14,,울산/엠지엘
240124040007119,ULS,USED,2024-04-27,2024-05-21,,울산/엠지엘
240124040007128,ULS,USED,2024-04-27,2024-05-16,,울산/엠지엘
240124040007251,ULS,USED,2024-04-27,2024-06-20,,울산/엠지엘
240124040007252,ULS,USED,2024-04-27,2024-06-20,,울산/엠지엘
240124040007102,ULS,USED,2024-04-27,2024-05-20,,울산/엠지엘
240124040007145,ULS,USED,2024-04-27,2024-05-16,,울산/엠지엘
240124040007147,ULS,USED,2024-04-27,2024-05-13,,울산/엠지엘
240124040007154,ULS,USED,2024-04-27,2024-05-10,,울산/엠지엘
240124040007034,ULS,USED,2024-04-27,2024-06-05,,울산/엠지엘
240124040007262,ULS,USED,2024-04-27,2024-06-21,,울산/엠지엘
240124040007263,ULS,USED,2024-04-27,2024-06-21,,울산/엠지엘
240124040007265,ULS,USED,2024-04-27,2024-06-21,,울산/엠지엘
240124040007141,ULS,USED,2024-04-27,2024-05-16,,울산/엠지엘
240124040007246,ULS,USED,2024-04-27,2024-06-13,,울산/엠지엘
240124040007248,ULS,USED,2024-04-27,2024-06-13,,울산/엠지엘
240124040007249,ULS,USED,2024-04-27,2024-06-13,,울산/엠지엘
240124040007250,ULS,USED,2024-04-27,2024-06-13,,울산/엠지엘
240124040007257,ULS,USED,2024-04-27,2024-06-18,,울산/엠지엘
240124040007264,ULS,USED,2024-04-27,2024-06-21,,울산/엠지엘
240124040007139,ULS,USED,2024-04-27,2024-05-07,,울산/엠지엘
240124040007166,ULS,USED,2024-04-27,2024-05-25,,울산/엠지엘
240124040007169,ULS,USED,2024-04-27,2024-05-24,,울산/엠지엘
240124040007175,ULS,USED,2024-04-27,2024-05-22,,울산/엠지엘
240124040007346,ULS,USED,2024-04-27,2024-05-03,,울산/엠지엘
240124040007053,ULS,USED,2024-04-27,2024-06-20,,울산/엠지엘
240124040007191,ULS,USED,2024-04-27,2024-05-23,,울산/엠지엘
240124040007195,ULS,USED,2024-04-27,2024-05-23,,울산/엠지엘
240124040007211,ULS,USED,2024-04-27,2024-05-10,,울산/엠지엘
240124040007292,ULS,USED,2024-04-27,2024-05-29,,울산/엠지엘
240124040007217,ULS,USED,2024-04-27,2024-05-10,,울산/엠지엘
240124040007171,ULS,USED,2024-04-27,2024-05-28,,울산/엠지엘
240124040007172,ULS,USED,2024-04-27,2024-05-21,,울산/엠지엘
240124040007179,ULS,USED,2024-04-27,2024-05-22,,울산/엠지엘
240124040007199,ULS,USED,2024-04-27,2024-05-21,,울산/엠지엘
240124040007204,ULS,USED,2024-04-27,2024-05-28,,울산/엠지엘
240124040007205,ULS,USED,2024-04-27,2024-05-28,,울산/엠지엘
240124040007209,ULS,USED,2024-04-27,2024-05-28,,울산/엠지엘
240124040007214,ULS,USED,2024-04-27,2024-05-25,,울산/엠지엘
240124040007302,ULS,USED,2024-04-27,2024-05-30,,울산/엠지엘
240124040007303,ULS,USED,2024-04-27,2024-05-29,,울산/엠지엘
240124040007307,ULS,USED,2024-04-27,2024-05-29,,울산/엠지엘
240124040007312,ULS,USED,2024-04-27,2024-06-20,,울산/엠지엘
240124040007314,ULS,USED,2024-04-27,2024-06-04,,울산/엠지엘
240124040007328,ULS,USED,2024-04-27,2024-05-13,,울산/엠지엘
240124040007002,ULS,USED,2024-04-27,2024-05-20,,울산/엠지엘
240124040007005,ULS,USED,2024-04-27,2024-06-03,,울산/엠지엘
240124040007223,ULS,USED,2024-04-27,2024-05-14,,울산/엠지엘
240124040007227,ULS,USED,2024-04-27,2024-05-14,,울산/엠지엘
240124040007163,ULS,USED,2024-04-27,2024-05-25,,울산/엠지엘
240124040007152,ULS,USED,2024-04-27,2024-05-10,,울산/엠지엘
240124040007130,ULS,USED,2024-04-27,2024-05-15,,울산/엠지엘
240124040007232,ULS,USED,2024-04-27,2024-05-29,,울산/엠지엘
240124040007236,ULS,USED,2024-04-27,2024-06-11,,울산/엠지엘
240124040007241,ULS,USED,2024-04-27,2024-06-17,,울산/엠지엘
240324030001053,ULS,USED,2024-03-12,2024-03-12,,울산/엠지엘
240324030001054,ULS,USED,2024-03-12,2024-03-20,,울산/엠지엘
240324030001056,ULS,USED,2024-03-12,2024-03-25,,울산/엠지엘
240324030001057,GSN,USED,2024-03-12,2024-04-05,,군산/MGL
240324030001058,ULS,USED,2024-03-12,2024-03-26,,울산/엠지엘
240324030001072,ULS,USED,2024-03-12,2024-03-26,,울산/엠지엘
240324030001073,ULS,USED,2024-03-12,2024-03-12,,울산/엠지엘
240324030001080,ULS,USED,2024-03-12,2024-03-25,,울산/엠지엘
240324030001084,GSN,USED,2024-03-12,2024-04-04,,군산/MGL
240324030001086,GSN,USED,2024-03-12,2024-04-04,,군산/MGL
240324030001239,ULS,USED,2024-03-12,2024-03-18,,울산/엠지엘
240324030001242,ULS,USED,2024-03-12,2024-03-19,,울산/엠지엘
240324030001244,ULS,USED,2024-03-12,2024-03-18,,울산/엠지엘
240324030001061,ULS,USED,2024-03-12,2024-03-26,,울산/엠지엘
240324030001062,ULS,USED,2024-03-12,2024-03-27,,울산/엠지엘
240324030001064,ULS,USED,2024-03-12,2024-03-27,,울산/엠지엘
240324030001067,ULS,USED,2024-03-12,2024-03-12,,울산/엠지엘
240324030001068,ULS,USED,2024-03-12,2024-03-12,,울산/엠지엘
240324030001069,ULS,USED,2024-03-12,2024-03-26,,울산/엠지엘
240324030001071,ULS,USED,2024-03-12,2024-03-27,,울산/엠지엘
240324030001074,ULS,USED,2024-03-12,2024-04-05,,울산/엠지엘
240324030001075,ULS,USED,2024-03-12,2024-03-25,,울산/엠지엘
240124040007134,ULS,USED,2024-04-27,2024-05-16,,울산/엠지엘
240124040007323,ULS,USED,2024-04-27,2024-05-13,,울산/엠지엘
240124040007326,ULS,USED,2024-04-27,2024-05-13,,울산/엠지엘
240124040007327,ULS,USED,2024-04-27,2024-05-14,,울산/엠지엘
240124040007156,ULS,USED,2024-04-27,2024-05-10,,울산/엠지엘
240124040007202,ULS,USED,2024-04-27,2024-05-28,,울산/엠지엘
240124040007344,ULS,USED,2024-04-27,2024-05-09,,울산/엠지엘
SFFQG240222120012051,ULS,USED,2024-04-27,2024-06-10,,울산/엠지엘
240124040007225,ULS,USED,2024-04-27,2024-05-14,,울산/엠지엘
240124040007337,ULS,USED,2024-04-27,2024-05-09,,울산/엠지엘
240124040007338,ULS,USED,2024-04-27,2024-05-09,,울산/엠지엘
240124040007345,ULS,USED,2024-04-27,2024-05-03,,울산/엠지엘
240124040007162,ULS,USED,2024-04-27,2024-05-25,,울산/엠지엘
240124040007158,ULS,USED,2024-04-27,2024-05-10,,울산/엠지엘
240124040007237,ULS,USED,2024-04-27,2024-06-13,,울산/엠지엘
240124040007238,ULS,USED,2024-04-27,2024-06-13,,울산/엠지엘
240124040007243,ULS,USED,2024-04-27,2024-06-17,,울산/엠지엘
240124040007151,ULS,USED,2024-04-27,2024-05-10,,울산/엠지엘
240124040007254,ULS,USED,2024-04-27,2024-06-21,,울산/엠지엘
240124040007305,ULS,USED,2024-04-27,2024-05-30,,울산/엠지엘
240124040007316,ULS,USED,2024-04-27,2024-06-04,,울산/엠지엘
240124040007131,ULS,USED,2024-04-27,2024-05-15,,울산/엠지엘
240124040007318,ULS,USED,2024-04-27,2024-06-04,,울산/엠지엘
240124040007324,ULS,USED,2024-04-27,2024-05-13,,울산/엠지엘
240124040007077,ULS,USED,2024-04-27,2024-05-22,,울산/엠지엘
240124040007192,ULS,USED,2024-04-27,2024-05-23,,울산/엠지엘
240124040007040,ULS,USED,2024-04-27,2024-06-05,,울산/엠지엘
240124040007047,ULS,USED,2024-04-27,2024-05-21,,울산/엠지엘
240124040007058,ULS,USED,2024-04-27,2024-06-20,,울산/엠지엘
240124040007064,ULS,USED,2024-04-27,2024-06-19,,울산/엠지엘
240124040007196,ULS,USED,2024-04-27,2024-05-23,,울산/엠지엘
240124040007014,ULS,USED,2024-04-27,2024-06-03,,울산/엠지엘
240124040007015,ULS,USED,2024-04-27,2024-06-02,,울산/엠지엘
240124040007018,ULS,USED,2024-04-27,2024-06-02,,울산/엠지엘
240124040007068,ULS,USED,2024-04-27,2024-06-14,,울산/엠지엘
240124040007080,ULS,USED,2024-04-27,2024-06-07,,울산/엠지엘
240124040007026,ULS,USED,2024-04-27,2024-06-12,,울산/엠지엘
240124040007029,ULS,USED,2024-04-27,2024-06-12,,울산/엠지엘
240124040007033,ULS,USED,2024-04-27,2024-06-08,,울산/엠지엘
240124040007039,ULS,USED,2024-04-27,2024-06-17,,울산/엠지엘
240124040007041,ULS,USED,2024-04-27,2024-05-20,,울산/엠지엘
240124040007107,ULS,USED,2024-04-27,2024-05-20,,울산/엠지엘
240324030001226,ULS,USED,2024-03-12,2024-04-08,,울산/엠지엘
240324030001227,ULS,USED,2024-03-12,2024-04-08,,울산/엠지엘
240324030001229,ULS,USED,2024-03-12,2024-04-16,,울산/엠지엘
240324030001230,ULS,USED,2024-03-12,2024-03-19,,울산/엠지엘
240324030001231,ULS,USED,2024-03-12,2024-04-03,,울산/엠지엘
240324030001232,ULS,USED,2024-03-12,2024-03-18,,울산/엠지엘
240324030001235,ULS,USED,2024-03-12,2024-04-04,,울산/엠지엘
240324030001236,ULS,USED,2024-03-12,2024-04-05,,울산/엠지엘
240324030001237,ULS,USED,2024-03-12,2024-04-08,,울산/엠지엘
240324030001238,ULS,USED,2024-03-12,2024-03-19,,울산/엠지엘
240324030001240,ULS,USED,2024-03-12,2024-03-19,,울산/엠지엘
240324030001241,ULS,USED,2024-03-12,2024-04-05,,울산/엠지엘
240324030001245,ULS,USED,2024-03-12,2024-04-04,,울산/엠지엘
240324030001246,ULS,USED,2024-03-12,2024-03-12,,울산/엠지엘
240324030001247,ULS,USED,2024-03-12,2024-04-04,,울산/엠지엘
240324030001250,ULS,USED,2024-03-12,2024-04-03,,울산/엠지엘
240324030001258,ULS,USED,2024-03-12,2024-03-20,,울산/엠지엘
240324030001260,ULS,USED,2024-03-12,2024-03-20,,울산/엠지엘
240324030001267,ULS,USED,2024-03-12,2024-03-20,,울산/엠지엘
240324030001268,ULS,USED,2024-03-12,2024-04-03,,울산/엠지엘
240324030001269,ULS,USED,2024-03-12,2024-03-12,,울산/엠지엘
240324030001272,ULS,USED,2024-03-12,2024-04-04,,울산/엠지엘
240324030001281,ULS,USED,2024-03-12,2024-03-18,,울산/엠지엘
240324030001282,ULS,USED,2024-03-12,2024-03-20,,울산/엠지엘
240324030001287,ULS,USED,2024-03-12,2024-03-12,,울산/엠지엘
240324030001289,ULS,USED,2024-03-12,2024-03-27,,울산/엠지엘
240324030001290,ULS,USED,2024-03-12,2024-03-18,,울산/엠지엘
240324030001291,ULS,USED,2024-03-12,2024-03-27,,울산/엠지엘
240324030001292,ULS,USED,2024-03-12,2024-03-27,,울산/엠지엘
240324030001293,ULS,USED,2024-03-12,2024-03-27,,울산/엠지엘
240324030001294,ULS,USED,2024-03-12,2024-03-27,,울산/엠지엘
240324030001295,ULS,USED,2024-03-12,2024-04-02,,울산/엠지엘
240324030001043,GSN,USED,2024-03-12,2024-04-05,,군산/MGL
240324030001044,GSN,USED,2024-03-12,2024-04-04,,군산/MGL
240324030001296,ULS,USED,2024-03-12,2024-04-02,,울산/엠지엘
240324030001298,ULS,USED,2024-03-12,2024-04-02,,울산/엠지엘
240324030001299,ULS,USED,2024-03-12,2024-04-02,,울산/엠지엘
240324030001300,ULS,USED,2024-03-12,2024-04-02,,울산/엠지엘
240324030001302,ULS,USED,2024-03-12,2024-04-02,,울산/엠지엘
240324030001303,ULS,USED,2024-03-12,2024-04-02,,울산/엠지엘
240324030001305,ULS,USED,2024-03-12,2024-03-27,,울산/엠지엘
240324030001306,ULS,USED,2024-03-12,2024-04-01,,울산/엠지엘
240324030001307,ULS,USED,2024-03-12,2024-03-27,,울산/엠지엘
240324030001311,ULS,USED,2024-03-12,2024-04-02,,울산/엠지엘
240324030001313,ULS,USED,2024-03-12,2024-04-02,,울산/엠지엘
240324030001315,ULS,USED,2024-03-12,2024-04-02,,울산/엠지엘
240324030001316,ULS,USED,2024-03-12,2024-04-02,,울산/엠지엘
240324030001317,ULS,USED,2024-03-12,2024-04-02,,울산/엠지엘
240324030001318,ULS,USED,2024-03-12,2024-04-02,,울산/엠지엘
240324030001319,ULS,USED,2024-03-12,2024-04-02,,울산/엠지엘
240324030001320,ULS,USED,2024-03-12,2024-04-02,,울산/엠지엘
240324030001322,ULS,USED,2024-03-12,2024-03-26,,울산/엠지엘
240324030001344,ULS,USED,2024-03-12,2024-03-20,,울산/엠지엘
240324030001274,ULS,USED,2024-03-12,2024-03-20,,울산/엠지엘
240324030001182,ULS,USED,2024-03-12,2024-03-20,,울산/엠지엘
240324030001184,ULS,USED,2024-03-12,2024-03-20,,울산/엠지엘
240324030001297,ULS,USED,2024-03-12,2024-04-01,,울산/엠지엘
240324030001015,GSN,USED,2024-03-12,2024-04-08,,군산/MGL
240324030001019,GSN,USED,2024-03-12,2024-04-04,,군산/MGL
240324030001025,ULS,USED,2024-03-12,2024-04-15,,울산/엠지엘
240324030001036,ULS,USED,2024-03-12,2024-03-23,,울산/엠지엘
240324030001037,ULS,USED,2024-03-12,2024-03-19,,울산/엠지엘
240324030001049,ULS,USED,2024-03-12,2024-03-26,,울산/엠지엘
240324030001051,ULS,USED,2024-03-12,2024-03-20,,울산/엠지엘
240324030001335,ULS,USED,2024-03-12,2024-04-02,,울산/엠지엘
240324030001010,GSN,USED,2024-03-12,2024-04-04,,군산/MGL
240324030001011,GSN,USED,2024-03-12,2024-04-04,,군산/MGL
240324030001012,GSN,USED,2024-03-12,2024-04-04,,군산/MGL
240324030001013,GSN,USED,2024-03-12,2024-04-04,,군산/MGL
240324030001014,GSN,USED,2024-03-12,2024-04-04,,군산/MGL
240324030001016,GSN,USED,2024-03-12,2024-04-04,,군산/MGL
240324030001017,GSN,USED,2024-03-12,2024-04-04,,군산/MGL
240324030001166,ULS,USED,2024-03-12,2024-03-20,,울산/엠지엘
240324030001167,ULS,USED,2024-03-12,2024-03-20,,울산/엠지엘
240324030001168,ULS,USED,2024-03-12,2024-04-25,,울산/엠지엘
240324030001169,ULS,USED,2024-03-12,2024-04-08,,울산/엠지엘
240324030001170,ULS,USED,2024-03-12,2024-04-24,,울산/엠지엘
240324030001171,ULS,USED,2024-03-12,2024-04-08,,울산/엠지엘
240324030001173,ULS,USED,2024-03-12,2024-04-25,,울산/엠지엘
240324030001174,ULS,USED,2024-03-12,2024-04-25,,울산/엠지엘
240324030001175,ULS,USED,2024-03-12,2024-04-25,,울산/엠지엘
240324030001177,ULS,USED,2024-03-12,2024-04-25,,울산/엠지엘
240324030001179,ULS,USED,2024-03-12,2024-04-08,,울산/엠지엘
240324030001348,ULS,USED,2024-03-12,2024-03-12,,울산/엠지엘
240324030001349,ULS,USED,2024-03-12,2024-03-20,,울산/엠지엘
240324030001336,ULS,USED,2024-03-12,2024-04-02,,울산/엠지엘
240324030001338,ULS,USED,2024-03-12,2024-04-02,,울산/엠지엘
240324030001018,GSN,USED,2024-03-12,2024-04-08,,군산/MGL
240324030001031,ULS,USED,2024-03-12,2024-04-15,,울산/엠지엘
240324030001033,ULS,USED,2024-03-12,2024-03-12,,울산/엠지엘
240324030001034,ULS,USED,2024-03-12,2024-03-21,,울산/엠지엘
240324030001035,ULS,USED,2024-03-12,2024-03-12,,울산/엠지엘
240324030001180,ULS,USED,2024-03-12,2024-04-09,,울산/엠지엘
240324030001185,ULS,USED,2024-03-12,2024-04-01,,울산/엠지엘
240324030001187,ULS,USED,2024-03-12,2024-04-11,,울산/엠지엘
240324030001188,ULS,USED,2024-03-12,2024-03-19,,울산/엠지엘
240324030001189,ULS,USED,2024-03-12,2024-04-22,,울산/엠지엘
240324030001190,ULS,USED,2024-03-12,2024-03-19,,울산/엠지엘
240324030001191,ULS,USED,2024-03-12,2024-04-22,,울산/엠지엘
240324030001193,ULS,USED,2024-03-12,2024-04-22,,울산/엠지엘
240324030001194,ULS,USED,2024-03-12,2024-04-19,,울산/엠지엘
240324030001195,ULS,USED,2024-03-12,2024-04-19,,울산/엠지엘
240324030001196,ULS,USED,2024-03-12,2024-04-19,,울산/엠지엘
240324030001200,ULS,USED,2024-03-12,2024-04-24,,울산/엠지엘
240324030001201,ULS,USED,2024-03-12,2024-03-18,,울산/엠지엘
240324030001251,ULS,USED,2024-03-12,2024-03-27,,울산/엠지엘
240324030001285,ULS,USED,2024-03-12,2024-04-02,,울산/엠지엘
240324030001286,ULS,USED,2024-03-12,2024-03-27,,울산/엠지엘
240324030001288,ULS,USED,2024-03-12,2024-03-27,,울산/엠지엘
240324030001350,ULS,USED,2024-03-12,2024-03-20,,울산/엠지엘
240324030001089,GSN,USED,2024-03-12,2024-04-04,,군산/MGL
240324030001091,GSN,USED,2024-03-12,2024-04-04,,군산/MGL
240324030001092,GSN,USED,2024-03-12,2024-04-04,,군산/MGL
240324030001096,GSN,USED,2024-03-12,2024-04-04,,군산/MGL
240324030001097,GSN,USED,2024-03-12,2024-04-04,,군산/MGL
240324030001099,GSN,USED,2024-03-12,2024-04-04,,군산/MGL
240324030001119,ULS,USED,2024-03-12,2024-04-22,,울산/엠지엘
240324030001020,GSN,USED,2024-03-12,2024-04-08,,군산/MGL
240324030001027,ULS,USED,2024-03-12,2024-04-15,,울산/엠지엘
240324030001028,ULS,USED,2024-03-12,2024-04-15,,울산/엠지엘
240324030001030,ULS,USED,2024-03-12,2024-04-15,,울산/엠지엘
240324030001134,ULS,USED,2024-03-12,2024-03-23,,울산/엠지엘
240324030001135,ULS,USED,2024-03-12,2024-03-12,,울산/엠지엘
240324030001183,ULS,USED,2024-03-12,2024-04-09,,울산/엠지엘
240324030001186,ULS,USED,2024-03-12,2024-03-19,,울산/엠지엘
240324030001192,ULS,USED,2024-03-12,2024-04-22,,울산/엠지엘
240324030001197,ULS,USED,2024-03-12,2024-04-19,,울산/엠지엘
240324030001198,ULS,USED,2024-03-12,2024-04-19,,울산/엠지엘
240324030001002,GSN,USED,2024-03-12,2024-04-04,,군산/MGL
240324030001003,GSN,USED,2024-03-12,2024-04-04,,군산/MGL
240324030001004,GSN,USED,2024-03-12,2024-04-12,,군산/MGL
240324030001005,GSN,USED,2024-03-12,2024-04-04,,군산/MGL
240324030001006,GSN,USED,2024-03-12,2024-04-04,,군산/MGL
240324030001145,ULS,USED,2024-03-12,2024-03-19,,울산/엠지엘
240324030001146,ULS,USED,2024-03-12,2024-03-17,,울산/엠지엘
240324030001147,ULS,USED,2024-03-12,2024-03-18,,울산/엠지엘
240324030001150,ULS,USED,2024-03-12,2024-03-18,,울산/엠지엘
240324030001152,ULS,USED,2024-03-12,2024-03-23,,울산/엠지엘
240324030001153,ULS,USED,2024-03-12,2024-03-21,,울산/엠지엘
240324030001154,ULS,USED,2024-03-12,2024-03-25,,울산/엠지엘
240324030001155,ULS,USED,2024-03-12,2024-04-26,,울산/엠지엘
240324030001156,ULS,USED,2024-03-12,2024-03-23,,울산/엠지엘
240324030001277,ULS,USED,2024-03-12,2024-04-04,,울산/엠지엘
240324030001278,ULS,USED,2024-03-12,2024-04-08,,울산/엠지엘
240324030001280,ULS,USED,2024-03-12,2024-03-27,,울산/엠지엘
240324030001301,ULS,USED,2024-03-12,2024-04-01,,울산/엠지엘
240324030001304,ULS,USED,2024-03-12,2024-03-27,,울산/엠지엘
240324030001308,ULS,USED,2024-03-12,2024-04-01,,울산/엠지엘
240324030001309,ULS,USED,2024-03-12,2024-04-02,,울산/엠지엘
240324030001310,ULS,USED,2024-03-12,2024-04-02,,울산/엠지엘
240324030001312,ULS,USED,2024-03-12,2024-04-02,,울산/엠지엘
240324030001314,ULS,USED,2024-03-12,2024-04-02,,울산/엠지엘
240324030001321,ULS,USED,2024-03-12,2024-03-26,,울산/엠지엘
240324030001323,ULS,USED,2024-03-12,2024-04-02,,울산/엠지엘
240324030001324,ULS,USED,2024-03-12,2024-04-02,,울산/엠지엘
240324030001325,ULS,USED,2024-03-12,2024-03-27,,울산/엠지엘
240324030001326,ULS,USED,2024-03-12,2024-03-27,,울산/엠지엘
240324030001327,ULS,USED,2024-03-12,2024-03-20,,울산/엠지엘
240324030001007,GSN,USED,2024-03-12,2024-04-04,,군산/MGL
240324030001008,GSN,USED,2024-03-12,2024-04-04,,군산/MGL
240324030001009,GSN,USED,2024-03-12,2024-04-04,,군산/MGL
240324030001157,ULS,USED,2024-03-12,2024-04-26,,울산/엠지엘
240324030001158,ULS,USED,2024-03-12,2024-03-12,,울산/엠지엘
240324030001159,ULS,USED,2024-03-12,2024-03-23,,울산/엠지엘
240324030001160,ULS,USED,2024-03-12,2024-04-26,,울산/엠지엘
240324030001161,ULS,USED,2024-03-12,2024-04-26,,울산/엠지엘
240324030001162,ULS,USED,2024-03-12,2024-04-25,,울산/엠지엘
240324030001163,ULS,USED,2024-03-12,2024-04-26,,울산/엠지엘
240324030001164,ULS,USED,2024-03-12,2024-04-09,,울산/엠지엘
240324030001165,ULS,USED,2024-03-12,2024-03-18,,울산/엠지엘
240324030001328,ULS,USED,2024-03-12,2024-03-12,,울산/엠지엘
240324030001329,ULS,USED,2024-03-12,2024-04-02,,울산/엠지엘
240324030001330,ULS,USED,2024-03-12,2024-04-02,,울산/엠지엘
240324030001331,ULS,USED,2024-03-12,2024-04-03,,울산/엠지엘
240324030001332,ULS,USED,2024-03-12,2024-04-03,,울산/엠지엘
240324030001333,ULS,USED,2024-03-12,2024-04-02,,울산/엠지엘
240324030001334,ULS,USED,2024-03-12,2024-04-02,,울산/엠지엘
240324030001337,ULS,USED,2024-03-12,2024-04-02,,울산/엠지엘
240324030001339,ULS,USED,2024-03-12,2024-04-02,,울산/엠지엘
240324030001340,ULS,USED,2024-03-12,2024-04-02,,울산/엠지엘
240324030001341,ULS,USED,2024-03-12,2024-03-20,,울산/엠지엘
240324030001342,ULS,USED,2024-03-12,2024-03-22,,울산/엠지엘
240324030001343,ULS,USED,2024-03-12,2024-03-20,,울산/엠지엘
240324030001345,ULS,USED,2024-03-12,2024-03-12,,울산/엠지엘
240324030001346,ULS,USED,2024-03-12,2024-03-20,,울산/엠지엘
240324030001347,ULS,USED,2024-03-12,2024-03-21,,울산/엠지엘
240324030001253,ULS,USED,2024-03-12,2024-03-27,,울산/엠지엘
240324030001255,ULS,USED,2024-03-12,2024-03-27,,울산/엠지엘
240324030001276,ULS,USED,2024-03-12,2024-03-18,,울산/엠지엘
240324030001279,ULS,USED,2024-03-12,2024-03-18,,울산/엠지엘
240324030001283,ULS,USED,2024-03-12,2024-03-26,,울산/엠지엘
240324030001284,ULS,USED,2024-03-12,2024-04-01,,울산/엠지엘
240324030001122,ULS,USED,2024-03-12,2024-04-16,,울산/엠지엘
240324030001123,ULS,USED,2024-03-12,2024-04-26,,울산/엠지엘
240324030001124,ULS,USED,2024-03-12,2024-04-26,,울산/엠지엘
240324030001125,ULS,USED,2024-03-12,2024-04-16,,울산/엠지엘
240324030001126,ULS,USED,2024-03-12,2024-04-02,,울산/엠지엘
240324030001127,ULS,USED,2024-03-12,2024-04-17,,울산/엠지엘
240324030001128,ULS,USED,2024-03-12,2024-04-05,,울산/엠지엘
240324030001130,ULS,USED,2024-03-12,2024-04-17,,울산/엠지엘
240324030001131,ULS,USED,2024-03-12,2024-03-26,,울산/엠지엘
240324030001132,ULS,USED,2024-03-12,2024-04-03,,울산/엠지엘
240324030001213,ULS,USED,2024-03-12,2024-04-22,,울산/엠지엘
240324030001214,ULS,USED,2024-03-12,2024-04-23,,울산/엠지엘
240324030001215,ULS,USED,2024-03-12,2024-04-23,,울산/엠지엘
240324030001216,ULS,USED,2024-03-12,2024-03-21,,울산/엠지엘
240324030001217,ULS,USED,2024-03-12,2024-04-23,,울산/엠지엘
240324030001218,ULS,USED,2024-03-12,2024-03-19,,울산/엠지엘
240324030001219,ULS,USED,2024-03-12,2024-04-22,,울산/엠지엘
240324030001220,ULS,USED,2024-03-12,2024-03-12,,울산/엠지엘
240324030001221,ULS,USED,2024-03-12,2024-03-21,,울산/엠지엘
240324030001026,ULS,USED,2024-03-12,2024-04-15,,울산/엠지엘
240324030001032,ULS,USED,2024-03-12,2024-03-21,,울산/엠지엘
240324030001038,ULS,USED,2024-03-12,2024-03-19,,울산/엠지엘
240324030001039,ULS,USED,2024-03-12,2024-03-26,,울산/엠지엘
240324030001045,GSN,USED,2024-03-12,2024-04-05,,군산/MGL
240324030001065,ULS,USED,2024-03-12,2024-03-26,,울산/엠지엘
240324030001066,ULS,USED,2024-03-12,2024-03-20,,울산/엠지엘
240324030001029,ULS,USED,2024-03-12,2024-04-15,,울산/엠지엘
240324030001133,ULS,USED,2024-03-12,2024-03-26,,울산/엠지엘
240324030001222,ULS,USED,2024-03-12,2024-03-19,,울산/엠지엘
240324030001223,ULS,USED,2024-03-12,2024-03-19,,울산/엠지엘
240324030001224,ULS,USED,2024-03-12,2024-03-19,,울산/엠지엘
240324030001225,ULS,USED,2024-03-12,2024-03-19,,울산/엠지엘
240324030001228,ULS,USED,2024-03-12,2024-04-17,,울산/엠지엘
240324030001233,ULS,USED,2024-03-12,2024-04-05,,울산/엠지엘
240324030001234,ULS,USED,2024-03-12,2024-04-04,,울산/엠지엘
240324030001243,ULS,USED,2024-03-12,2024-04-04,,울산/엠지엘
240324030001248,ULS,USED,2024-03-12,2024-04-03,,울산/엠지엘
240324030001249,ULS,USED,2024-03-12,2024-04-04,,울산/엠지엘
240324030001252,ULS,USED,2024-03-12,2024-03-27,,울산/엠지엘
240324030001254,ULS,USED,2024-03-12,2024-03-27,,울산/엠지엘
240324030001136,ULS,USED,2024-03-12,2024-03-20,,울산/엠지엘
240324030001137,ULS,USED,2024-03-12,2024-03-23,,울산/엠지엘
240324030001138,ULS,USED,2024-03-12,2024-03-18,,울산/엠지엘
240324030001139,ULS,USED,2024-03-12,2024-03-26,,울산/엠지엘
240324030001140,ULS,USED,2024-03-12,2024-03-19,,울산/엠지엘
240324030001142,ULS,USED,2024-03-12,2024-03-19,,울산/엠지엘
240324030001144,ULS,USED,2024-03-12,2024-03-19,,울산/엠지엘
240324030001256,ULS,USED,2024-03-12,2024-03-12,,울산/엠지엘
240324030001257,ULS,USED,2024-03-12,2024-03-20,,울산/엠지엘
240324030001259,ULS,USED,2024-03-12,2024-03-23,,울산/엠지엘
240324030001261,ULS,USED,2024-03-12,2024-03-20,,울산/엠지엘
240324030001262,ULS,USED,2024-03-12,2024-03-22,,울산/엠지엘
240324030001263,ULS,USED,2024-03-12,2024-03-27,,울산/엠지엘
240324030001264,ULS,USED,2024-03-12,2024-03-23,,울산/엠지엘
240324030001265,ULS,USED,2024-03-12,2024-03-23,,울산/엠지엘
240324030001266,ULS,USED,2024-03-12,2024-03-27,,울산/엠지엘
240324030001270,ULS,USED,2024-03-12,2024-03-20,,울산/엠지엘
240324030001271,ULS,USED,2024-03-12,2024-03-23,,울산/엠지엘
240324030001273,ULS,USED,2024-03-12,2024-03-20,,울산/엠지엘
240324030001275,ULS,USED,2024-03-12,2024-03-18,,울산/엠지엘
240324030001078,ULS,USED,2024-03-12,2024-03-20,,울산/엠지엘
240324030001082,GSN,USED,2024-03-12,2024-04-24,,군산/MGL
240324030001085,GSN,USED,2024-03-12,2024-04-04,,군산/MGL
240324030001001,GSN,USED,2024-03-12,2024-04-04,,군산/MGL
240324030001206,ULS,USED,2024-03-12,2024-04-24,,울산/엠지엘
240324030001207,ULS,USED,2024-03-12,2024-04-23,,울산/엠지엘
240324030001208,ULS,USED,2024-03-12,2024-04-23,,울산/엠지엘
240324030001209,ULS,USED,2024-03-12,2024-03-19,,울산/엠지엘
240324030001210,ULS,USED,2024-03-12,2024-03-12,,울산/엠지엘
240324030001116,ULS,USED,2024-03-12,2024-04-03,,울산/엠지엘
240324030001141,ULS,USED,2024-03-12,2024-03-18,,울산/엠지엘
240324030001143,ULS,USED,2024-03-12,2024-03-26,,울산/엠지엘
240324030001046,GSN,USED,2024-03-12,2024-04-04,,군산/MGL
240324030001047,ULS,USED,2024-03-12,2024-03-20,,울산/엠지엘
240324030001048,GSN,USED,2024-03-12,2024-04-05,,군산/MGL
240324030001148,ULS,USED,2024-03-12,2024-03-18,,울산/엠지엘
240324030001149,ULS,USED,2024-03-12,2024-03-19,,울산/엠지엘
240324030001151,ULS,USED,2024-03-12,2024-03-21,,울산/엠지엘
240324030001129,ULS,USED,2024-03-12,2024-04-17,,울산/엠지엘
240324030001172,ULS,USED,2024-03-12,2024-04-09,,울산/엠지엘
240324030001176,ULS,USED,2024-03-12,2024-03-20,,울산/엠지엘
240324030001178,ULS,USED,2024-03-12,2024-03-20,,울산/엠지엘
240324030001181,ULS,USED,2024-03-12,2024-04-09,,울산/엠지엘
240324030001199,ULS,USED,2024-03-12,2024-04-19,,울산/엠지엘
240324030001050,GSN,USED,2024-03-12,2024-04-05,,군산/MGL
240324030001052,ULS,USED,2024-03-12,2024-03-20,,울산/엠지엘
240324030001055,ULS,USED,2024-03-12,2024-03-26,,울산/엠지엘
240324030001059,ULS,USED,2024-03-12,2024-03-26,,울산/엠지엘
240324030001060,ULS,USED,2024-03-12,2024-03-20,,울산/엠지엘
240324030001063,ULS,USED,2024-03-12,2024-03-26,,울산/엠지엘
240324030001070,ULS,USED,2024-03-12,2024-03-27,,울산/엠지엘
240324030001076,ULS,USED,2024-03-12,2024-03-26,,울산/엠지엘
240324030001077,GSN,USED,2024-03-12,2024-04-04,,군산/MGL
240324030001079,ULS,USED,2024-03-12,2024-03-12,,울산/엠지엘
240324030001081,ULS,USED,2024-03-12,2024-03-20,,울산/엠지엘
240324030001083,GSN,USED,2024-03-12,2024-04-24,,군산/MGL
240324030001087,GSN,USED,2024-03-12,2024-04-04,,군산/MGL
240324030001088,GSN,USED,2024-03-12,2024-04-04,,군산/MGL
240324030001090,GSN,USED,2024-03-12,2024-04-04,,군산/MGL
240324030001093,GSN,USED,2024-03-12,2024-04-04,,군산/MGL
240324030001094,GSN,USED,2024-03-12,2024-04-04,,군산/MGL
240324030001095,GSN,USED,2024-03-12,2024-04-15,,군산/MGL
240324030001098,GSN,USED,2024-03-12,2024-04-04,,군산/MGL
240324030001100,ULS,USED,2024-03-12,2024-04-08,,울산/엠지엘
240324030001101,ULS,USED,2024-03-12,2024-04-08,,울산/엠지엘
240324030001102,ULS,USED,2024-03-12,2024-04-05,,울산/엠지엘
240324030001103,ULS,USED,2024-03-12,2024-04-03,,울산/엠지엘
240324030001104,ULS,USED,2024-03-12,2024-04-16,,울산/엠지엘
240324030001105,ULS,USED,2024-03-12,2024-04-12,,울산/엠지엘
240324030001106,ULS,USED,2024-03-12,2024-04-17,,울산/엠지엘
240324030001107,ULS,USED,2024-03-12,2024-04-08,,울산/엠지엘
240324030001108,ULS,USED,2024-03-12,2024-04-08,,울산/엠지엘
240324030001109,ULS,USED,2024-03-12,2024-04-08,,울산/엠지엘
240324030001110,ULS,USED,2024-03-12,2024-04-11,,울산/엠지엘
240324030001111,ULS,USED,2024-03-12,2024-04-11,,울산/엠지엘
240324030001112,GSN,USED,2024-03-12,2024-04-04,,군산/MGL
240324030001113,ULS,USED,2024-03-12,2024-04-03,,울산/엠지엘
240324030001114,ULS,USED,2024-03-12,2024-04-04,,울산/엠지엘
240324030001115,ULS,USED,2024-03-12,2024-04-03,,울산/엠지엘
240324030001117,ULS,USED,2024-03-12,2024-04-08,,울산/엠지엘
240324030001118,ULS,USED,2024-03-12,2024-04-19,,울산/엠지엘
240324030001120,ULS,USED,2024-03-12,2024-04-22,,울산/엠지엘
240324030001121,ULS,USED,2024-03-12,2024-04-22,,울산/엠지엘
240324030001211,ULS,USED,2024-03-12,2024-03-20,,울산/엠지엘
240324030001212,ULS,USED,2024-03-12,2024-04-23,,울산/엠지엘
240324030001022,ULS,USED,2024-03-12,2024-04-15,,울산/엠지엘
240324030001023,ULS,USED,2024-03-12,2024-03-12,,울산/엠지엘
240324030001024,ULS,USED,2024-03-12,2024-04-15,,울산/엠지엘
240124010028271,ULS,USED,2024-02-06,2024-05-30,,울산/엠지엘
240124010028273,ULS,USED,2024-02-06,2024-06-05,,울산/엠지엘
240124010028274,ULS,USED,2024-02-06,2024-06-05,,울산/엠지엘
240124010028276,ULS,USED,2024-02-06,2024-05-21,,울산/엠지엘
240124010028278,ULS,USED,2024-02-06,2024-05-21,,울산/엠지엘
240124010028281,ULS,USED,2024-02-06,2024-05-21,,울산/엠지엘
240124010028332,ULS,USED,2024-02-06,2024-05-30,,울산/엠지엘
240124010028333,ULS,USED,2024-02-06,2024-05-21,,울산/엠지엘
240124010028335,ULS,USED,2024-02-06,2024-02-20,,울산/엠지엘
240124010028350,ULS,USED,2024-02-06,2024-02-20,,울산/엠지엘
240124010028192,ULS,USED,2024-02-06,2024-03-15,,울산/엠지엘
240124010028203,ULS,USED,2024-02-06,2024-03-15,,울산/엠지엘
240124010028204,ULS,USED,2024-02-06,2024-03-15,,울산/엠지엘
240124010028207,ULS,USED,2024-02-06,2024-02-20,,울산/엠지엘
240124010028301,ULS,USED,2024-02-06,2024-05-02,,울산/엠지엘
240124010028329,ULS,USED,2024-02-06,2024-03-13,,울산/엠지엘
240124010028339,ULS,USED,2024-02-06,2024-02-21,,울산/엠지엘
240124010028245,ULS,USED,2024-02-06,2024-02-06,,울산/엠지엘
240124010028249,ULS,USED,2024-02-06,2024-04-29,,울산/엠지엘
240124010028240,ULS,USED,2024-02-06,2024-03-07,,울산/엠지엘
240124010028259,ULS,USED,2024-02-06,2024-04-30,,울산/엠지엘
240124010028282,ULS,USED,2024-02-06,2024-05-13,,울산/엠지엘
240124010028211,ULS,USED,2024-02-06,2024-02-20,,울산/엠지엘
240124010028289,ULS,USED,2024-02-06,2024-05-09,,울산/엠지엘
240124010028215,ULS,USED,2024-02-06,2024-02-20,,울산/엠지엘
240124010028220,ULS,USED,2024-02-06,2024-03-13,,울산/엠지엘
240124010028344,ULS,USED,2024-02-06,2024-02-20,,울산/엠지엘
240124010028243,ULS,USED,2024-02-06,2024-02-20,,울산/엠지엘
240124010028246,ULS,USED,2024-02-06,2024-04-29,,울산/엠지엘
240124010028247,ULS,USED,2024-02-06,2024-04-29,,울산/엠지엘
240124010028295,ULS,USED,2024-02-06,2024-05-06,,울산/엠지엘
240124010028296,ULS,USED,2024-02-06,2024-05-07,,울산/엠지엘
240124010028307,ULS,USED,2024-02-06,2024-05-21,,울산/엠지엘
240124010028253,ULS,USED,2024-02-06,2024-04-29,,울산/엠지엘
240124010028262,ULS,USED,2024-02-06,2024-04-29,,울산/엠지엘
240124010028342,ULS,USED,2024-02-06,2024-02-20,,울산/엠지엘
240124010028343,ULS,USED,2024-02-06,2024-02-20,,울산/엠지엘
240124010028345,ULS,USED,2024-02-06,2024-02-20,,울산/엠지엘
240124010028191,ULS,USED,2024-02-06,2024-03-15,,울산/엠지엘
240124010028197,ULS,USED,2024-02-06,2024-04-26,,울산/엠지엘
240124010028199,ULS,USED,2024-02-06,2024-03-15,,울산/엠지엘
240124010028200,ULS,USED,2024-02-06,2024-03-21,,울산/엠지엘
240124010028224,ULS,USED,2024-02-06,2024-03-13,,울산/엠지엘
240124010028210,ULS,USED,2024-02-06,2024-02-20,,울산/엠지엘
240124010028293,ULS,USED,2024-02-06,2024-05-09,,울산/엠지엘
240124010028297,ULS,USED,2024-02-06,2024-05-07,,울산/엠지엘
240124010028298,ULS,USED,2024-02-06,2024-05-07,,울산/엠지엘
240124010028299,ULS,USED,2024-02-06,2024-05-07,,울산/엠지엘
240124010028300,ULS,USED,2024-02-06,2024-05-02,,울산/엠지엘
240124010028305,ULS,USED,2024-02-06,2024-05-02,,울산/엠지엘
240124010028306,ULS,USED,2024-02-06,2024-05-13,,울산/엠지엘
240124010028311,ULS,USED,2024-02-06,2024-05-09,,울산/엠지엘
240124010028284,ULS,USED,2024-02-06,2024-05-13,,울산/엠지엘
240124010028227,ULS,USED,2024-02-06,2024-02-20,,울산/엠지엘
240124010028229,ULS,USED,2024-02-06,2024-02-29,,울산/엠지엘
240124010028230,ULS,USED,2024-02-06,2024-02-21,,울산/엠지엘
240324030001021,ULS,USED,2024-03-12,2024-04-17,,울산/엠지엘
240324030001040,ULS,USED,2024-03-12,2024-03-26,,울산/엠지엘
240324030001041,GSN,USED,2024-03-12,2024-04-05,,군산/MGL
240324030001042,GSN,USED,2024-03-12,2024-04-05,,군산/MGL
240324030001202,ULS,USED,2024-03-12,2024-03-18,,울산/엠지엘
240324030001203,ULS,USED,2024-03-12,2024-03-19,,울산/엠지엘
240324030001204,ULS,USED,2024-03-12,2024-04-22,,울산/엠지엘
240324030001205,ULS,USED,2024-03-12,2024-04-22,,울산/엠지엘
240124010028268,ULS,USED,2024-02-06,2024-06-05,,울산/엠지엘
240124010028187,ULS,USED,2024-02-06,2024-03-14,,울산/엠지엘
240124010028188,ULS,USED,2024-02-06,2024-03-14,,울산/엠지엘
240124010028195,ULS,USED,2024-02-06,2024-03-15,,울산/엠지엘
240124010028212,ULS,USED,2024-02-06,2024-02-20,,울산/엠지엘
240124010028214,ULS,USED,2024-02-06,2024-02-29,,울산/엠지엘
240124010028217,ULS,USED,2024-02-06,2024-03-14,,울산/엠지엘
240124010028221,ULS,USED,2024-02-06,2024-03-13,,울산/엠지엘
240124010028223,ULS,USED,2024-02-06,2024-03-13,,울산/엠지엘
240124010028318,ULS,USED,2024-02-06,2024-05-30,,울산/엠지엘
240124010028319,ULS,USED,2024-02-06,2024-05-03,,울산/엠지엘
240124010028321,ULS,USED,2024-02-06,2024-05-30,,울산/엠지엘
240124010028322,ULS,USED,2024-02-06,2024-05-30,,울산/엠지엘
240124010028325,ULS,USED,2024-02-06,2024-04-30,,울산/엠지엘
240124010028327,ULS,USED,2024-02-06,2024-03-14,,울산/엠지엘
240124010028330,ULS,USED,2024-02-06,2024-03-15,,울산/엠지엘
240124010028179,ULS,USED,2024-02-06,2024-02-21,,울산/엠지엘
240124010028180,ULS,USED,2024-02-06,2024-02-20,,울산/엠지엘
240124010028206,ULS,USED,2024-02-06,2024-02-06,,울산/엠지엘
240124010028213,ULS,USED,2024-02-06,2024-02-20,,울산/엠지엘
240124010028265,ULS,USED,2024-02-06,2024-04-29,,울산/엠지엘
240124010028315,ULS,USED,2024-02-06,2024-05-09,,울산/엠지엘
240124010028308,ULS,USED,2024-02-06,2024-05-13,,울산/엠지엘
240124010028310,ULS,USED,2024-02-06,2024-05-09,,울산/엠지엘
240124010028331,ULS,USED,2024-02-06,2024-04-29,,울산/엠지엘
240124010028176,ULS,USED,2024-02-06,2024-02-20,,울산/엠지엘
240124010028182,ULS,USED,2024-02-06,2024-02-06,,울산/엠지엘
240124010028254,ULS,USED,2024-02-06,2024-04-29,,울산/엠지엘
240124010028263,ULS,USED,2024-02-06,2024-04-29,,울산/엠지엘
240124010028190,ULS,USED,2024-02-06,2024-03-14,,울산/엠지엘
240124010028226,ULS,USED,2024-02-06,2024-02-26,,울산/엠지엘
240124010028290,ULS,USED,2024-02-06,2024-05-06,,울산/엠지엘
240124010028316,ULS,USED,2024-02-06,2024-04-26,,울산/엠지엘
240124010028317,ULS,USED,2024-02-06,2024-04-29,,울산/엠지엘
240124010028320,ULS,USED,2024-02-06,2024-05-30,,울산/엠지엘
240124010028326,ULS,USED,2024-02-06,2024-03-13,,울산/엠지엘
240124010028177,ULS,USED,2024-02-06,2024-02-20,,울산/엠지엘
240124010028178,ULS,USED,2024-02-06,2024-02-18,,울산/엠지엘
240124010028294,ULS,USED,2024-02-06,2024-05-06,,울산/엠지엘
240124010028303,ULS,USED,2024-02-06,2024-05-02,,울산/엠지엘
240124010028239,ULS,USED,2024-02-06,2024-03-07,,울산/엠지엘
240124010028233,ULS,USED,2024-02-06,2024-02-21,,울산/엠지엘
240124010028234,ULS,USED,2024-02-06,2024-02-21,,울산/엠지엘
240124010028323,ULS,USED,2024-02-06,2024-05-30,,울산/엠지엘
240124010028324,ULS,USED,2024-02-06,2024-04-30,,울산/엠지엘
240124010028250,ULS,USED,2024-02-06,2024-05-21,,울산/엠지엘
240124010028252,ULS,USED,2024-02-06,2024-04-29,,울산/엠지엘
240124010028266,ULS,USED,2024-02-06,2024-06-05,,울산/엠지엘
240124010028241,ULS,USED,2024-02-06,2024-02-21,,울산/엠지엘
240124010028242,ULS,USED,2024-02-06,2024-02-29,,울산/엠지엘
240124010028255,ULS,USED,2024-02-06,2024-04-29,,울산/엠지엘
240124010028279,ULS,USED,2024-02-06,2024-05-21,,울산/엠지엘
240124010028280,ULS,USED,2024-02-06,2024-05-21,,울산/엠지엘
240124010028337,ULS,USED,2024-02-06,2024-02-20,,울산/엠지엘
240124010028338,ULS,USED,2024-02-06,2024-02-20,,울산/엠지엘
240124010028340,ULS,USED,2024-02-06,2024-02-20,,울산/엠지엘
240124010028341,ULS,USED,2024-02-06,2024-05-09,,울산/엠지엘
240124010028257,ULS,USED,2024-02-06,2024-04-30,,울산/엠지엘
240124010028260,ULS,USED,2024-02-06,2024-04-29,,울산/엠지엘
240124010028225,ULS,USED,2024-02-06,2024-03-13,,울산/엠지엘
240124010028228,ULS,USED,2024-02-06,2024-02-06,,울산/엠지엘
240124010028231,ULS,USED,2024-02-06,2024-02-29,,울산/엠지엘
240124010028232,ULS,USED,2024-02-06,2024-02-29,,울산/엠지엘
240124010028270,ULS,USED,2024-02-06,2024-05-30,,울산/엠지엘
240124010028145,ETC,USED,2024-01-29,2024-05-09,,주식회사 선진티엘에스
240124010028152,ETC,USED,2024-01-29,2024-04-03,,주식회사 선진티엘에스
240124010028162,ULS,USED,2024-01-29,2024-02-29,,울산/엠지엘
240124010028165,ULS,USED,2024-01-29,2024-02-14,,울산/엠지엘
240124010028080,ULS,USED,2024-01-29,2024-02-29,,울산/엠지엘
240124010028083,ULS,USED,2024-01-29,2024-02-29,,울산/엠지엘
240124010028087,ULS,USED,2024-01-29,2024-02-29,,울산/엠지엘
240124010028102,ULS,USED,2024-01-29,2024-02-29,,울산/엠지엘
240124010028108,ULS,USED,2024-01-29,2024-02-29,,울산/엠지엘
240124010028235,ULS,USED,2024-02-06,2024-02-21,,울산/엠지엘
240124010028236,ULS,USED,2024-02-06,2024-02-20,,울산/엠지엘
240124010028189,ULS,USED,2024-02-06,2024-03-14,,울산/엠지엘
240124010028193,ULS,USED,2024-02-06,2024-03-15,,울산/엠지엘
240124010028194,ULS,USED,2024-02-06,2024-03-15,,울산/엠지엘
240124010028196,ULS,USED,2024-02-06,2024-04-26,,울산/엠지엘
240124010028198,ULS,USED,2024-02-06,2024-04-26,,울산/엠지엘
240124010028328,ULS,USED,2024-02-06,2024-03-15,,울산/엠지엘
240124010028248,ULS,USED,2024-02-06,2024-04-29,,울산/엠지엘
240124010028256,ULS,USED,2024-02-06,2024-04-30,,울산/엠지엘
240124010028258,ULS,USED,2024-02-06,2024-04-30,,울산/엠지엘
240124010028201,ULS,USED,2024-02-06,2024-03-06,,울산/엠지엘
240124010028202,ULS,USED,2024-02-06,2024-03-15,,울산/엠지엘
240124010028205,ULS,USED,2024-02-06,2024-03-15,,울산/엠지엘
240124010028208,ULS,USED,2024-02-06,2024-02-20,,울산/엠지엘
240124010028209,ULS,USED,2024-02-06,2024-02-21,,울산/엠지엘
240124010028216,ULS,USED,2024-02-06,2024-03-14,,울산/엠지엘
240124010028218,ULS,USED,2024-02-06,2024-03-03,,울산/엠지엘
240124010028219,ULS,USED,2024-02-06,2024-03-24,,울산/엠지엘
240124010028222,ULS,USED,2024-02-06,2024-03-13,,울산/엠지엘
240124010028349,ULS,USED,2024-02-06,2024-02-21,,울산/엠지엘
240124010028269,ULS,USED,2024-02-06,2024-05-30,,울산/엠지엘
240124010028275,ULS,USED,2024-02-06,2024-06-05,,울산/엠지엘
240124010028285,ULS,USED,2024-02-06,2024-05-21,,울산/엠지엘
240124010028286,ULS,USED,2024-02-06,2024-05-09,,울산/엠지엘
240124010028287,ULS,USED,2024-02-06,2024-05-09,,울산/엠지엘
240124010028288,ULS,USED,2024-02-06,2024-05-06,,울산/엠지엘
240124010028291,ULS,USED,2024-02-06,2024-05-09,,울산/엠지엘
240124010028292,ULS,USED,2024-02-06,2024-05-06,,울산/엠지엘
240124010028304,ULS,USED,2024-02-06,2024-05-02,,울산/엠지엘
240124010028309,ULS,USED,2024-02-06,2024-05-13,,울산/엠지엘
240124010028312,ULS,USED,2024-02-06,2024-05-09,,울산/엠지엘
240124010028313,ULS,USED,2024-02-06,2024-05-09,,울산/엠지엘
240124010028314,ULS,USED,2024-02-06,2024-02-20,,울산/엠지엘
240124010028302,ULS,USED,2024-02-06,2024-05-02,,울산/엠지엘
240124010028272,ULS,USED,2024-02-06,2024-05-30,,울산/엠지엘
240124010028283,ULS,USED,2024-02-06,2024-05-21,,울산/엠지엘
240124010028277,ULS,USED,2024-02-06,2024-05-21,,울산/엠지엘
240124010028185,ULS,USED,2024-02-06,2024-02-20,,울산/엠지엘
240124010028334,ULS,USED,2024-02-06,2024-05-21,,울산/엠지엘
240124010028336,ULS,USED,2024-02-06,2024-02-20,,울산/엠지엘
240124010028346,ULS,USED,2024-02-06,2024-02-20,,울산/엠지엘
240124010028347,ULS,USED,2024-02-06,2024-02-29,,울산/엠지엘
240124010028348,ULS,USED,2024-02-06,2024-02-20,,울산/엠지엘
240124010028186,ULS,USED,2024-02-06,2024-03-15,,울산/엠지엘
240124010028237,ULS,USED,2024-02-06,2024-02-20,,울산/엠지엘
240124010028238,ULS,USED,2024-02-06,2024-03-14,,울산/엠지엘
240124010028244,ULS,USED,2024-02-06,2024-02-20,,울산/엠지엘
240124010028251,ULS,USED,2024-02-06,2024-04-29,,울산/엠지엘
240124010028181,ULS,USED,2024-02-06,2024-02-20,,울산/엠지엘
240124010028183,ULS,USED,2024-02-06,2024-02-20,,울산/엠지엘
240124010028184,ULS,USED,2024-02-06,2024-02-20,,울산/엠지엘
240124010028261,ULS,USED,2024-02-06,2024-04-29,,울산/엠지엘
240124010028264,ULS,USED,2024-02-06,2024-04-30,,울산/엠지엘
240124010028267,ULS,USED,2024-02-06,2024-06-05,,울산/엠지엘
240124010028167,ULS,USED,2024-01-29,2024-02-29,,울산/엠지엘
240124010028130,ETC,USED,2024-01-29,2024-03-14,,주식회사 선진티엘에스
240124010028141,ETC,USED,2024-01-29,2024-03-11,,주식회사 선진티엘에스
240124010028148,ETC,USED,2024-01-29,2024-04-03,,주식회사 선진티엘에스
240124010028157,ULS,USED,2024-01-29,2024-02-29,,울산/엠지엘
240124010028164,ULS,USED,2024-01-29,2024-02-18,,울산/엠지엘
240124010028013,ULS,USED,2024-01-29,2024-02-13,,울산/엠지엘
240124010028027,ULS,USED,2024-01-29,2024-02-29,,울산/엠지엘
240124010028045,ULS,USED,2024-01-29,2024-02-29,,울산/엠지엘
240124010028053,ULS,USED,2024-01-29,2024-02-29,,울산/엠지엘
240124010028057,ULS,USED,2024-01-29,2024-02-29,,울산/엠지엘
240124010028061,ULS,USED,2024-01-29,2024-02-18,,울산/엠지엘
240124010028072,ULS,USED,2024-01-29,2024-02-29,,울산/엠지엘
240124010028002,ULS,USED,2024-01-29,2024-02-14,,울산/엠지엘
240124010028128,ETC,USED,2024-01-29,2024-03-14,,주식회사 선진티엘에스
240124010028017,ULS,USED,2024-01-29,2024-02-13,,울산/엠지엘
240124010028175,ULS,USED,2024-01-29,2024-02-18,,울산/엠지엘
240124010028062,ULS,USED,2024-01-29,2024-02-18,,울산/엠지엘
240124010028078,ULS,USED,2024-01-29,2024-02-29,,울산/엠지엘
240124010028119,ETC,USED,2024-01-29,2024-05-03,,주식회사 선진티엘에스
240124010028122,ETC,USED,2024-01-29,2024-03-14,,주식회사 선진티엘에스
240124010028129,ETC,USED,2024-01-29,2024-03-14,,주식회사 선진티엘에스
240124010028134,ETC,USED,2024-01-29,2024-03-11,,주식회사 선진티엘에스
240124010028150,ETC,USED,2024-01-29,2024-04-03,,주식회사 선진티엘에스
240124010028133,ULS,USED,2024-01-29,2024-02-29,,울산/엠지엘
240124010028143,ETC,USED,2024-01-29,2024-04-03,,주식회사 선진티엘에스
240124010028154,ULS,USED,2024-01-29,2024-02-29,,울산/엠지엘
240124010028003,ULS,USED,2024-01-29,2024-02-14,,울산/엠지엘
240124010028009,ULS,USED,2024-01-29,2024-02-13,,울산/엠지엘
240124010028019,ULS,USED,2024-01-29,2024-02-16,,울산/엠지엘
240124010028123,ETC,USED,2024-01-29,2024-03-14,,주식회사 선진티엘에스
240124010028075,ULS,USED,2024-01-29,2024-02-26,,울산/엠지엘
240124010028091,ULS,USED,2024-01-29,2024-02-29,,울산/엠지엘
240124010028100,ULS,USED,2024-01-29,2024-02-29,,울산/엠지엘
240124010028101,ULS,USED,2024-01-29,2024-02-29,,울산/엠지엘
240124010028103,ULS,USED,2024-01-29,2024-02-29,,울산/엠지엘
240124010028166,ULS,USED,2024-01-29,2024-02-18,,울산/엠지엘
240124010028149,ETC,USED,2024-01-29,2024-04-03,,주식회사 선진티엘에스
240124010028160,ULS,USED,2024-01-29,2024-02-22,,울산/엠지엘
240124010028018,ULS,USED,2024-01-29,2024-02-16,,울산/엠지엘
240124010028020,ULS,USED,2024-01-29,2024-02-16,,울산/엠지엘
240124010028114,ETC,USED,2024-01-29,2024-06-20,,주식회사 선진티엘에스
240124010028116,ETC,USED,2024-01-29,2024-06-20,,주식회사 선진티엘에스
240124010028010,ULS,USED,2024-01-29,2024-02-13,,울산/엠지엘
240124010028139,ULS,USED,2024-01-29,2024-02-15,,울산/엠지엘
240124010028146,ETC,USED,2024-01-29,2024-04-03,,주식회사 선진티엘에스
240124010028171,ULS,USED,2024-01-29,2024-02-21,,울산/엠지엘
240124010028046,ULS,USED,2024-01-29,2024-02-29,,울산/엠지엘
240124010028047,ULS,USED,2024-01-29,2024-02-02,,울산/엠지엘
240124010028077,ULS,USED,2024-01-29,2024-02-29,,울산/엠지엘
240124010028043,ULS,USED,2024-01-29,2024-02-29,,울산/엠지엘
240124010028050,ULS,USED,2024-01-29,2024-02-29,,울산/엠지엘
240124010028064,ULS,USED,2024-01-29,2024-02-18,,울산/엠지엘
240124010028044,ULS,USED,2024-01-29,2024-02-29,,울산/엠지엘
240124010028071,ULS,USED,2024-01-29,2024-02-29,,울산/엠지엘
240124010028073,ULS,USED,2024-01-29,2024-02-29,,울산/엠지엘
240124010028074,ULS,USED,2024-01-29,2024-02-29,,울산/엠지엘
240124010028082,ULS,USED,2024-01-29,2024-02-29,,울산/엠지엘
240124010028092,ULS,USED,2024-01-29,2024-02-29,,울산/엠지엘
240124010028089,ULS,USED,2024-01-29,2024-02-29,,울산/엠지엘
240124010028111,ETC,USED,2024-01-29,2024-06-20,,주식회사 선진티엘에스
240124010028118,ETC,USED,2024-01-29,2024-06-08,,주식회사 선진티엘에스
240124010028105,ULS,USED,2024-01-29,2024-02-29,,울산/엠지엘
240124010028124,ETC,USED,2024-01-29,2024-03-14,,주식회사 선진티엘에스
240124010028055,ULS,USED,2024-01-29,2024-02-29,,울산/엠지엘
240124010028067,ULS,USED,2024-01-29,2024-02-18,,울산/엠지엘
240124010028021,ULS,USED,2024-01-29,2024-02-29,,울산/엠지엘
240124010028004,ULS,USED,2024-01-29,2024-02-14,,울산/엠지엘
240124010028090,ULS,USED,2024-01-29,2024-02-29,,울산/엠지엘
240124010028096,ULS,USED,2024-01-29,2024-02-29,,울산/엠지엘
240124010028022,ULS,USED,2024-01-29,2024-02-29,,울산/엠지엘
240124010028024,ULS,USED,2024-01-29,2024-02-29,,울산/엠지엘
240124010028031,ULS,USED,2024-01-29,2024-02-29,,울산/엠지엘
240124010028035,ULS,USED,2024-01-29,2024-02-29,,울산/엠지엘
240124010028037,ULS,USED,2024-01-29,2024-02-29,,울산/엠지엘
240124010028040,ULS,USED,2024-01-29,2024-02-29,,울산/엠지엘
240124010028113,ETC,USED,2024-01-29,2024-06-20,,주식회사 선진티엘에스
240124010028056,ULS,USED,2024-01-29,2024-02-29,,울산/엠지엘
240124010028063,ULS,USED,2024-01-29,2024-02-18,,울산/엠지엘
240124010028066,ULS,USED,2024-01-29,2024-02-18,,울산/엠지엘
240124010028068,ULS,USED,2024-01-29,2024-02-15,,울산/엠지엘
240124010028069,ULS,USED,2024-01-29,2024-02-15,,울산/엠지엘
240124010028070,ULS,USED,2024-01-29,2024-02-15,,울산/엠지엘
240124010028076,ULS,USED,2024-01-29,2024-02-29,,울산/엠지엘
240124010028079,ULS,USED,2024-01-29,2024-02-29,,울산/엠지엘
240124010028093,ULS,USED,2024-01-29,2024-02-29,,울산/엠지엘
240124010028095,ULS,USED,2024-01-29,2024-02-29,,울산/엠지엘
240124010028097,ULS,USED,2024-01-29,2024-02-29,,울산/엠지엘
240124010028104,ULS,USED,2024-01-29,2024-02-29,,울산/엠지엘
240124010028007,ULS,USED,2024-01-29,2024-02-13,,울산/엠지엘
240124010028147,ETC,USED,2024-01-29,2024-06-21,,주식회사 선진티엘에스
240124010028158,ULS,USED,2024-01-29,2024-02-22,,울산/엠지엘
240124010028161,ULS,USED,2024-01-29,2024-02-29,,울산/엠지엘
240124010028174,ULS,USED,2024-01-29,2024-02-29,,울산/엠지엘
240124010028011,ULS,USED,2024-01-29,2024-02-13,,울산/엠지엘
240124010028033,ULS,USED,2024-01-29,2024-02-29,,울산/엠지엘
240124010028023,ULS,USED,2024-01-29,2024-02-29,,울산/엠지엘
240124010028025,ULS,USED,2024-01-29,2024-02-29,,울산/엠지엘
240124010028032,ULS,USED,2024-01-29,2024-02-20,,울산/엠지엘
240124010028038,ULS,USED,2024-01-29,2024-02-29,,울산/엠지엘
240124010028034,ULS,USED,2024-01-29,2024-02-29,,울산/엠지엘
240124010028048,ULS,USED,2024-01-29,2024-02-29,,울산/엠지엘
240124010028051,ULS,USED,2024-01-29,2024-02-29,,울산/엠지엘
240124010028058,ULS,USED,2024-01-29,2024-02-29,,울산/엠지엘
240124010028008,ULS,USED,2024-01-29,2024-02-16,,울산/엠지엘
240124010028015,ULS,USED,2024-01-29,2024-02-13,,울산/엠지엘
240124010028005,ULS,USED,2024-01-29,2024-02-14,,울산/엠지엘
240124010028006,ULS,USED,2024-01-29,2024-02-15,,울산/엠지엘
240124010028028,ULS,USED,2024-01-29,2024-02-29,,울산/엠지엘
240124010028052,ETC,USED,2024-01-29,2024-03-14,,주식회사 선진티엘에스
240124010028054,ULS,USED,2024-01-29,2024-02-29,,울산/엠지엘
240124010028059,ULS,USED,2024-01-29,2024-02-27,,울산/엠지엘
240124010028065,ULS,USED,2024-01-29,2024-02-18,,울산/엠지엘
240124010028081,ULS,USED,2024-01-29,2024-02-29,,울산/엠지엘
240124010028085,ULS,USED,2024-01-29,2024-02-29,,울산/엠지엘
240124010028088,ULS,USED,2024-01-29,2024-02-29,,울산/엠지엘
240124010028094,ULS,USED,2024-01-29,2024-02-29,,울산/엠지엘
240124010028012,ULS,USED,2024-01-29,2024-02-29,,울산/엠지엘
240124010028014,ULS,USED,2024-01-29,2024-02-13,,울산/엠지엘
240124010028049,ULS,USED,2024-01-29,2024-02-29,,울산/엠지엘
240124010028132,ULS,USED,2024-01-29,2024-02-29,,울산/엠지엘
240124010028138,ULS,USED,2024-01-29,2024-02-15,,울산/엠지엘
240124010028151,ETC,USED,2024-01-29,2024-04-03,,주식회사 선진티엘에스
240124010028153,ULS,USED,2024-01-29,2024-02-18,,울산/엠지엘
240124010028169,ULS,USED,2024-01-29,2024-02-18,,울산/엠지엘
240124010028170,ULS,USED,2024-01-29,2024-02-18,,울산/엠지엘
240124010028117,ETC,USED,2024-01-29,2024-06-08,,주식회사 선진티엘에스
240124010028163,ULS,USED,2024-01-29,2024-02-29,,울산/엠지엘
240123120030067,ULS,USED,2023-12-28,2024-01-17,,울산/엠지엘
240123120030072,ULS,USED,2023-12-28,2024-03-15,,울산/엠지엘
240123120030066,ULS,USED,2023-12-28,2024-01-11,,울산/엠지엘
240123120030086,ULS,USED,2023-12-28,2024-03-23,,울산/엠지엘
240123120030088,ULS,USED,2023-12-28,2024-01-31,,울산/엠지엘
240123120030096,ULS,USED,2023-12-28,2024-01-17,,울산/엠지엘
240123120030038,ETC,USED,2023-12-28,2024-05-25,,주식회사 선진티엘에스
240123120030045,ULS,USED,2023-12-28,2024-01-18,,울산/엠지엘
240123120030046,ULS,USED,2023-12-28,2024-01-18,,울산/엠지엘
240123120030153,ULS,USED,2023-12-28,2024-02-07,,울산/엠지엘
240123120030169,ULS,USED,2023-12-28,2024-03-05,,울산/엠지엘
240123120030173,ULS,USED,2023-12-28,2024-03-06,,울산/엠지엘
240123120030178,ULS,USED,2023-12-28,2024-03-05,,울산/엠지엘
240123120030137,ULS,USED,2023-12-28,2024-03-12,,울산/엠지엘
240123120030139,ULS,USED,2023-12-28,2024-03-11,,울산/엠지엘
240123120030141,ULS,USED,2023-12-28,2024-03-13,,울산/엠지엘
240123120030011,ULS,USED,2023-12-28,2024-01-04,,울산/엠지엘
240123120030013,ULS,USED,2023-12-28,2024-01-05,,울산/엠지엘
240123120030060,ULS,USED,2023-12-28,2024-01-19,,울산/엠지엘
240123120030122,ULS,USED,2023-12-28,2024-03-06,,울산/엠지엘
240123120030075,ULS,USED,2023-12-28,2024-03-19,,울산/엠지엘
240123120030078,ULS,USED,2023-12-28,2024-03-15,,울산/엠지엘
240123120030116,ULS,USED,2023-12-28,2024-03-06,,울산/엠지엘
240123120030118,ULS,USED,2023-12-28,2024-03-06,,울산/엠지엘
240123120030131,ULS,USED,2023-12-28,2024-03-01,,울산/엠지엘
240123120030150,ULS,USED,2023-12-28,2024-03-12,,울산/엠지엘
240124010028026,ULS,USED,2024-01-29,2024-02-29,,울산/엠지엘
240124010028030,ULS,USED,2024-01-29,2024-02-29,,울산/엠지엘
240124010028099,ULS,USED,2024-01-29,2024-02-29,,울산/엠지엘
240124010028106,ULS,USED,2024-01-29,2024-02-27,,울산/엠지엘
240124010028107,ULS,USED,2024-01-29,2024-02-29,,울산/엠지엘
240124010028029,ULS,USED,2024-01-29,2024-02-29,,울산/엠지엘
240124010028039,ULS,USED,2024-01-29,2024-02-29,,울산/엠지엘
240124010028041,ULS,USED,2024-01-29,2024-02-29,,울산/엠지엘
240124010028110,ULS,USED,2024-01-29,2024-02-29,,울산/엠지엘
240124010028112,ETC,USED,2024-01-29,2024-06-20,,주식회사 선진티엘에스
240124010028060,ETC,USED,2024-01-29,2024-03-14,,주식회사 선진티엘에스
240124010028084,ULS,USED,2024-01-29,2024-02-29,,울산/엠지엘
240124010028086,ULS,USED,2024-01-29,2024-02-29,,울산/엠지엘
240124010028098,ULS,USED,2024-01-29,2024-02-29,,울산/엠지엘
240124010028109,ULS,USED,2024-01-29,2024-02-29,,울산/엠지엘
240124010028115,ETC,USED,2024-01-29,2024-06-20,,주식회사 선진티엘에스
240124010028120,ETC,USED,2024-01-29,2024-05-03,,주식회사 선진티엘에스
240124010028126,ETC,USED,2024-01-29,2024-03-14,,주식회사 선진티엘에스
240124010028131,ULS,USED,2024-01-29,2024-02-15,,울산/엠지엘
240124010028135,ETC,USED,2024-01-29,2024-03-11,,주식회사 선진티엘에스
240124010028136,ULS,USED,2024-01-29,2024-02-29,,울산/엠지엘
240124010028142,ULS,USED,2024-01-29,2024-02-18,,울산/엠지엘
240124010028144,ETC,USED,2024-01-29,2024-04-03,,주식회사 선진티엘에스
240124010028156,ULS,USED,2024-01-29,2024-02-29,,울산/엠지엘
240124010028168,ULS,USED,2024-01-29,2024-02-29,,울산/엠지엘
240124010028121,ETC,USED,2024-01-29,2024-03-14,,주식회사 선진티엘에스
240124010028125,ETC,USED,2024-01-29,2024-03-14,,주식회사 선진티엘에스
240124010028016,ULS,USED,2024-01-29,2024-02-13,,울산/엠지엘
240124010028127,ETC,USED,2024-01-29,2024-03-14,,주식회사 선진티엘에스
240124010028137,ULS,USED,2024-01-29,2024-02-29,,울산/엠지엘
240124010028140,ETC,USED,2024-01-29,2024-03-11,,주식회사 선진티엘에스
240124010028173,ULS,USED,2024-01-29,2024-02-20,,울산/엠지엘
240124010028155,ULS,USED,2024-01-29,2024-02-29,,울산/엠지엘
240124010028159,ULS,USED,2024-01-29,2024-02-29,,울산/엠지엘
240124010028172,ULS,USED,2024-01-29,2024-02-29,,울산/엠지엘
240124010028001,ULS,USED,2024-01-29,2024-02-13,,울산/엠지엘
240124010028036,ULS,USED,2024-01-29,2024-02-29,,울산/엠지엘
240124010028042,ULS,USED,2024-01-29,2024-02-29,,울산/엠지엘
240123120030020,ULS,USED,2023-12-28,2024-01-04,,울산/엠지엘
240123120030023,ULS,USED,2023-12-28,2024-01-03,,울산/엠지엘
240123120030024,ULS,USED,2023-12-28,2024-01-03,,울산/엠지엘
240123120030028,ULS,USED,2023-12-28,2024-01-29,,울산/엠지엘
240123120030031,ETC,USED,2023-12-28,2024-05-25,,주식회사 선진티엘에스
240123120030039,ETC,USED,2023-12-28,2024-05-25,,주식회사 선진티엘에스
240123120030049,ULS,USED,2023-12-28,2024-01-18,,울산/엠지엘
240123120030054,ULS,USED,2023-12-28,2024-01-16,,울산/엠지엘
240123120030057,ULS,USED,2023-12-28,2024-01-10,,울산/엠지엘
240123120030058,ULS,USED,2023-12-28,2024-01-10,,울산/엠지엘
240123120030105,ULS,USED,2023-12-28,2024-04-29,,울산/엠지엘
240123120030109,ULS,USED,2023-12-28,2024-03-23,,울산/엠지엘
240123120030055,ULS,USED,2023-12-28,2024-01-16,,울산/엠지엘
240123120030126,ULS,USED,2023-12-28,2024-03-06,,울산/엠지엘
240123120030017,ULS,USED,2023-12-28,2024-01-04,,울산/엠지엘
240123120030012,ULS,USED,2023-12-28,2024-01-04,,울산/엠지엘
240123120030134,ULS,USED,2023-12-28,2024-03-06,,울산/엠지엘
240123120030138,ULS,USED,2023-12-28,2024-03-12,,울산/엠지엘
240123120030143,ULS,USED,2023-12-28,2024-03-13,,울산/엠지엘
240123120030156,ETC,USED,2023-12-28,2024-03-11,,주식회사 선진티엘에스
240123120030164,ULS,USED,2023-12-28,2024-03-05,,울산/엠지엘
240123120030022,ULS,USED,2023-12-28,2024-01-04,,울산/엠지엘
240123120030032,ETC,USED,2023-12-28,2024-05-25,,주식회사 선진티엘에스
240123120030035,ETC,USED,2023-12-28,2024-05-25,,주식회사 선진티엘에스
240123120030040,ULS,USED,2023-12-28,2024-02-08,,울산/엠지엘
240123120030021,ULS,USED,2023-12-28,2024-01-03,,울산/엠지엘
240123120030001,ULS,USED,2023-12-28,2024-01-19,,울산/엠지엘
240123120030005,DSN,USED,2023-12-28,2024-01-12,,대산/CJ대한통운
240123120030051,ULS,USED,2023-12-28,2024-01-16,,울산/엠지엘
240123120030053,ULS,USED,2023-12-28,2024-01-16,,울산/엠지엘
240123120030034,ETC,USED,2023-12-28,2024-05-25,,주식회사 선진티엘에스
240123120030041,ULS,USED,2023-12-28,2024-01-26,,울산/엠지엘
240123120030176,ULS,USED,2023-12-28,2024-03-05,,울산/엠지엘
240123120030179,ULS,USED,2023-12-28,2024-03-05,,울산/엠지엘
240123120030136,ULS,USED,2023-12-28,2024-03-06,,울산/엠지엘
240123120030140,ULS,USED,2023-12-28,2024-03-11,,울산/엠지엘
240123120030180,ULS,USED,2023-12-28,2024-03-05,,울산/엠지엘
240123120030182,ULS,USED,2023-12-28,2024-01-10,,울산/엠지엘
240123120030026,ULS,USED,2023-12-28,2024-01-03,,울산/엠지엘
240123120030025,ULS,USED,2023-12-28,2024-01-31,,울산/엠지엘
240123120030042,ULS,USED,2023-12-28,2024-01-26,,울산/엠지엘
240123120030043,ULS,USED,2023-12-28,2024-01-26,,울산/엠지엘
240123120030004,ULS,USED,2023-12-28,2024-01-17,,울산/엠지엘
240123120030010,ULS,USED,2023-12-28,2024-01-17,,울산/엠지엘
240123120030047,ULS,USED,2023-12-28,2024-01-18,,울산/엠지엘
240123120030048,ULS,USED,2023-12-28,2024-01-18,,울산/엠지엘
240123120030050,ULS,USED,2023-12-28,2024-01-18,,울산/엠지엘
240123120030082,ULS,USED,2023-12-28,2024-03-16,,울산/엠지엘
240123120030085,ULS,USED,2023-12-28,2024-03-27,,울산/엠지엘
240123120030144,ULS,USED,2023-12-28,2024-03-13,,울산/엠지엘
240123120030142,ULS,USED,2023-12-28,2024-03-13,,울산/엠지엘
240123120030152,ULS,USED,2023-12-28,2024-02-07,,울산/엠지엘
240123120030052,ULS,USED,2023-12-28,2024-01-16,,울산/엠지엘
240123120030056,ULS,USED,2023-12-28,2024-01-10,,울산/엠지엘
240123120030062,ULS,USED,2023-12-28,2024-01-19,,울산/엠지엘
240123120030064,ULS,USED,2023-12-28,2024-01-17,,울산/엠지엘
240123120030093,ULS,USED,2023-12-28,2024-01-17,,울산/엠지엘
240123120030098,ULS,USED,2023-12-28,2024-03-26,,울산/엠지엘
240123120030155,ULS,USED,2023-12-28,2024-02-08,,울산/엠지엘
240123120030163,ULS,USED,2023-12-28,2024-03-04,,울산/엠지엘
240123120030166,ULS,USED,2023-12-28,2024-03-04,,울산/엠지엘
240123120030174,ULS,USED,2023-12-28,2024-03-05,,울산/엠지엘
240123120030181,ULS,USED,2023-12-28,2024-01-10,,울산/엠지엘
240123120030059,ULS,USED,2023-12-28,2024-01-10,,울산/엠지엘
240123120030165,ULS,USED,2023-12-28,2024-03-05,,울산/엠지엘
240123120030168,ULS,USED,2023-12-28,2024-03-04,,울산/엠지엘
240123120030170,ULS,USED,2023-12-28,2024-03-05,,울산/엠지엘
240123120030069,ULS,USED,2023-12-28,2024-01-10,,울산/엠지엘
240123120030070,ULS,USED,2023-12-28,2024-01-17,,울산/엠지엘
240123120030071,ULS,USED,2023-12-28,2024-03-15,,울산/엠지엘
240123120030076,ULS,USED,2023-12-28,2024-03-15,,울산/엠지엘
240123120030027,ULS,USED,2023-12-28,2024-01-29,,울산/엠지엘
240123120030006,DSN,USED,2023-12-28,2024-01-08,,대산/CJ대한통운
240123120030002,ULS,USED,2023-12-28,2024-01-19,,울산/엠지엘
240123120030003,ULS,USED,2023-12-28,2024-01-17,,울산/엠지엘
240123120030007,ULS,USED,2023-12-28,2024-01-19,,울산/엠지엘
240123120030068,ULS,USED,2023-12-28,2024-01-17,,울산/엠지엘
240123120030094,ULS,USED,2023-12-28,2024-01-17,,울산/엠지엘
240123120030103,ULS,USED,2023-12-28,2024-04-29,,울산/엠지엘
240123120030117,ULS,USED,2023-12-28,2024-03-06,,울산/엠지엘
240123120030125,ULS,USED,2023-12-28,2024-03-06,,울산/엠지엘
240123120030090,ULS,USED,2023-12-28,2024-01-31,,울산/엠지엘
240123120030097,ULS,USED,2023-12-28,2024-01-30,,울산/엠지엘
240123120030167,ULS,USED,2023-12-28,2024-03-05,,울산/엠지엘
240123120030171,ULS,USED,2023-12-28,2024-03-06,,울산/엠지엘
240123120030172,ULS,USED,2023-12-28,2024-03-06,,울산/엠지엘
240123120030106,ULS,USED,2023-12-28,2024-03-27,,울산/엠지엘
240123120030123,ULS,USED,2023-12-28,2024-03-06,,울산/엠지엘
240123120030124,ULS,USED,2023-12-28,2024-03-06,,울산/엠지엘
240123120030145,ULS,USED,2023-12-28,2024-03-13,,울산/엠지엘
240123120030146,ULS,USED,2023-12-28,2024-03-12,,울산/엠지엘
240123120030148,ULS,USED,2023-12-28,2024-03-12,,울산/엠지엘
240123120030151,ULS,USED,2023-12-28,2024-03-05,,울산/엠지엘
240123120030157,ETC,USED,2023-12-28,2024-03-11,,주식회사 선진티엘에스
240123120030160,ULS,USED,2023-12-28,2024-03-05,,울산/엠지엘
240123120030175,ULS,USED,2023-12-28,2024-03-05,,울산/엠지엘
240123120030177,ULS,USED,2023-12-28,2024-03-06,,울산/엠지엘
240123120030018,ULS,USED,2023-12-28,2024-01-04,,울산/엠지엘
240123120030036,ETC,USED,2023-12-28,2024-05-25,,주식회사 선진티엘에스
240123120030077,ULS,USED,2023-12-28,2024-03-19,,울산/엠지엘
240123120030099,ULS,USED,2023-12-28,2024-01-30,,울산/엠지엘
240123120030101,ULS,USED,2023-12-28,2024-01-19,,울산/엠지엘
240123120030019,ULS,USED,2023-12-28,2024-01-05,,울산/엠지엘
240123120030037,ETC,USED,2023-12-28,2024-05-25,,주식회사 선진티엘에스
240123120030104,ULS,USED,2023-12-28,2024-04-29,,울산/엠지엘
240123120030063,ULS,USED,2023-12-28,2024-01-17,,울산/엠지엘
240123120030108,ULS,USED,2023-12-28,2024-03-27,,울산/엠지엘
240123120030112,ULS,USED,2023-12-28,2024-03-11,,울산/엠지엘
240123120030114,ULS,USED,2023-12-28,2024-03-07,,울산/엠지엘
240123120030120,ULS,USED,2023-12-28,2024-03-06,,울산/엠지엘
240123120030128,ULS,USED,2023-12-28,2024-03-06,,울산/엠지엘
240123120030129,ULS,USED,2023-12-28,2024-03-06,,울산/엠지엘
240123120030130,ULS,USED,2023-12-28,2024-03-06,,울산/엠지엘
240123120030029,ULS,USED,2023-12-28,2024-01-05,,울산/엠지엘
240123120030102,ULS,USED,2023-12-28,2024-04-29,,울산/엠지엘
240123120030132,ULS,USED,2023-12-28,2024-03-01,,울산/엠지엘
240123120030133,ULS,USED,2023-12-28,2024-03-06,,울산/엠지엘
240123120030135,ULS,USED,2023-12-28,2024-03-06,,울산/엠지엘
240123120030008,ULS,USED,2023-12-28,2024-01-17,,울산/엠지엘
240123120030009,ULS,USED,2023-12-28,2024-01-17,,울산/엠지엘
240123120030079,ULS,USED,2023-12-28,2024-01-12,,울산/엠지엘
240123120030083,ULS,USED,2023-12-28,2024-03-27,,울산/엠지엘
240123120030087,ULS,USED,2023-12-28,2024-01-31,,울산/엠지엘
240123120030107,ULS,USED,2023-12-28,2024-03-27,,울산/엠지엘
240123120030113,ULS,USED,2023-12-28,2024-03-07,,울산/엠지엘
240123120030014,ULS,USED,2023-12-28,2024-01-05,,울산/엠지엘
240123120030015,ULS,USED,2023-12-28,2024-01-05,,울산/엠지엘
240123120030016,ULS,USED,2023-12-28,2024-01-04,,울산/엠지엘
240123120030189,ULS,USED,2023-12-28,2024-01-05,,울산/엠지엘
240123120030315,ULS,USED,2023-12-28,2024-01-30,,울산/엠지엘
240123120030313,ULS,USED,2023-12-28,2024-01-30,,울산/엠지엘
240123120030230,ULS,USED,2023-12-28,2024-03-11,,울산/엠지엘
240123120030188,ULS,USED,2023-12-28,2024-01-05,,울산/엠지엘
240123120030287,ULS,USED,2023-12-28,2024-02-29,,울산/엠지엘
240123120030187,ULS,USED,2023-12-28,2024-01-09,,울산/엠지엘
240123120030265,ULS,USED,2023-12-28,2024-01-17,,울산/엠지엘
240123120030261,ULS,USED,2023-12-28,2024-01-17,,울산/엠지엘
240123120030258,ULS,USED,2023-12-28,2024-01-05,,울산/엠지엘
240123120030257,ULS,USED,2023-12-28,2024-01-05,,울산/엠지엘
240123120030254,ULS,USED,2023-12-28,2024-01-04,,울산/엠지엘
240123120030251,ULS,USED,2023-12-28,2024-01-05,,울산/엠지엘
240123120030206,ULS,USED,2023-12-28,2024-02-08,,울산/엠지엘
240123120030196,ULS,USED,2023-12-28,2024-01-29,,울산/엠지엘
240123120030192,ULS,USED,2023-12-28,2024-02-01,,울산/엠지엘
240123120030190,ULS,USED,2023-12-28,2024-01-05,,울산/엠지엘
240123120030277,ULS,USED,2023-12-28,2024-01-17,,울산/엠지엘
240123120030195,ULS,USED,2023-12-28,2024-01-29,,울산/엠지엘
240123120030185,ULS,USED,2023-12-28,2024-01-10,,울산/엠지엘
240123120030253,ULS,USED,2023-12-28,2024-01-05,,울산/엠지엘
240123120030247,ULS,USED,2023-12-28,2024-03-14,,울산/엠지엘
240123120030228,ULS,USED,2023-12-28,2024-03-12,,울산/엠지엘
240123120030227,ULS,USED,2023-12-28,2024-03-12,,울산/엠지엘
240123120030226,ULS,USED,2023-12-28,2024-03-12,,울산/엠지엘
240123120030208,ULS,USED,2023-12-28,2024-02-06,,울산/엠지엘
240123120030288,ULS,USED,2023-12-28,2024-02-29,,울산/엠지엘
240123120030285,ULS,USED,2023-12-28,2024-02-29,,울산/엠지엘
240123120030307,ULS,USED,2023-12-28,2024-01-12,,울산/엠지엘
240123120030248,ULS,USED,2023-12-28,2024-03-14,,울산/엠지엘
240123120030298,ULS,USED,2023-12-28,2024-01-17,,울산/엠지엘
240123120030284,ULS,USED,2023-12-28,2024-02-29,,울산/엠지엘
240123120030271,ULS,USED,2023-12-28,2024-01-17,,울산/엠지엘
240123120030242,ULS,USED,2023-12-28,2024-02-29,,울산/엠지엘
240123120030249,ULS,USED,2023-12-28,2024-03-14,,울산/엠지엘
240123120030223,ULS,USED,2023-12-28,2024-03-12,,울산/엠지엘
240123120030222,ULS,USED,2023-12-28,2024-03-12,,울산/엠지엘
240123120030218,ULS,USED,2023-12-28,2024-02-07,,울산/엠지엘
240123120030061,ULS,USED,2023-12-28,2024-01-19,,울산/엠지엘
240123120030044,ULS,USED,2023-12-28,2024-01-26,,울산/엠지엘
240123120030065,ULS,USED,2023-12-28,2024-01-11,,울산/엠지엘
240123120030074,ULS,USED,2023-12-28,2024-03-15,,울산/엠지엘
240123120030030,ULS,USED,2023-12-28,2024-01-05,,울산/엠지엘
240123120030033,ETC,USED,2023-12-28,2024-03-21,,주식회사 선진티엘에스
240123120030100,ULS,USED,2023-12-28,2024-01-22,,울산/엠지엘
240123120030110,ULS,USED,2023-12-28,2024-03-23,,울산/엠지엘
240123120030111,ULS,USED,2023-12-28,2024-03-08,,울산/엠지엘
240123120030115,ULS,USED,2023-12-28,2024-03-06,,울산/엠지엘
240123120030073,ULS,USED,2023-12-28,2024-03-15,,울산/엠지엘
240123120030121,ULS,USED,2023-12-28,2024-03-06,,울산/엠지엘
240123120030080,ULS,USED,2023-12-28,2024-03-19,,울산/엠지엘
240123120030081,ULS,USED,2023-12-28,2024-03-27,,울산/엠지엘
240123120030084,ULS,USED,2023-12-28,2024-03-27,,울산/엠지엘
240123120030089,ULS,USED,2023-12-28,2024-01-31,,울산/엠지엘
240123120030095,ULS,USED,2023-12-28,2024-01-17,,울산/엠지엘
240123120030127,ULS,USED,2023-12-28,2024-03-06,,울산/엠지엘
240123120030119,ULS,USED,2023-12-28,2024-03-06,,울산/엠지엘
240123120030147,ULS,USED,2023-12-28,2024-03-12,,울산/엠지엘
240123120030149,ULS,USED,2023-12-28,2024-03-12,,울산/엠지엘
240123120030154,ULS,USED,2023-12-28,2024-01-18,,울산/엠지엘
240123120030158,ULS,USED,2023-12-28,2024-02-08,,울산/엠지엘
240123120030159,ULS,USED,2023-12-28,2024-02-08,,울산/엠지엘
240123120030161,ULS,USED,2023-12-28,2024-03-05,,울산/엠지엘
240123120030162,ULS,USED,2023-12-28,2024-03-04,,울산/엠지엘
240123120030246,ULS,USED,2023-12-28,2024-02-29,,울산/엠지엘
240123120030233,ULS,USED,2023-12-28,2024-03-01,,울산/엠지엘
240123120030299,ULS,USED,2023-12-28,2024-01-17,,울산/엠지엘
240123120030269,ULS,USED,2023-12-28,2024-01-17,,울산/엠지엘
240123120030221,ULS,USED,2023-12-28,2024-03-12,,울산/엠지엘
240123120030214,ULS,USED,2023-12-28,2024-02-07,,울산/엠지엘
240123120030213,ULS,USED,2023-12-28,2024-02-07,,울산/엠지엘
240123120030212,ULS,USED,2023-12-28,2024-02-08,,울산/엠지엘
240123120030210,ULS,USED,2023-12-28,2024-02-08,,울산/엠지엘
240123120030209,ULS,USED,2023-12-28,2024-02-06,,울산/엠지엘
240123120030308,ULS,USED,2023-12-28,2024-01-12,,울산/엠지엘
240123120030301,ULS,USED,2023-12-28,2024-01-17,,울산/엠지엘
240123120030263,ULS,USED,2023-12-28,2024-01-17,,울산/엠지엘
240123120030260,ULS,USED,2023-12-28,2024-01-05,,울산/엠지엘
240123120030183,ULS,USED,2023-12-28,2024-01-10,,울산/엠지엘
240123120030270,ULS,USED,2023-12-28,2024-01-17,,울산/엠지엘
240123120030204,ULS,USED,2023-12-28,2024-02-08,,울산/엠지엘
240123120030202,ULS,USED,2023-12-28,2024-02-07,,울산/엠지엘
240123120030200,ULS,USED,2023-12-28,2024-01-29,,울산/엠지엘
240123120030186,ULS,USED,2023-12-28,2024-01-09,,울산/엠지엘
240123120030314,ULS,USED,2023-12-28,2024-01-30,,울산/엠지엘
240123120030302,ULS,USED,2023-12-28,2024-01-17,,울산/엠지엘
240123120030243,ULS,USED,2023-12-28,2024-02-29,,울산/엠지엘
240123120030225,ULS,USED,2023-12-28,2024-03-12,,울산/엠지엘
240123120030184,ULS,USED,2023-12-28,2024-01-10,,울산/엠지엘
240123120030316,ULS,USED,2023-12-28,2024-01-30,,울산/엠지엘
240123120030235,ULS,USED,2023-12-28,2024-03-01,,울산/엠지엘
240123120030300,ULS,USED,2023-12-28,2024-01-17,,울산/엠지엘
240123120030282,ULS,USED,2023-12-28,2024-02-29,,울산/엠지엘
240123120030309,ULS,USED,2023-12-28,2024-01-12,,울산/엠지엘
240123120030292,ULS,USED,2023-12-28,2024-01-22,,울산/엠지엘
240123120030318,ULS,USED,2023-12-28,2024-01-30,,울산/엠지엘
240123120030245,ULS,USED,2023-12-28,2024-03-14,,울산/엠지엘
240123120030278,ULS,USED,2023-12-28,2024-01-17,,울산/엠지엘
240123120030266,ULS,USED,2023-12-28,2024-01-17,,울산/엠지엘
240123120030229,ULS,USED,2023-12-28,2024-03-11,,울산/엠지엘
240123120030220,ULS,USED,2023-12-28,2024-02-07,,울산/엠지엘
240123120030219,ULS,USED,2023-12-28,2024-02-07,,울산/엠지엘
240123120030216,ULS,USED,2023-12-28,2024-02-07,,울산/엠지엘
240123120030310,ULS,USED,2023-12-28,2024-01-12,,울산/엠지엘
240123120030273,ULS,USED,2023-12-28,2024-01-17,,울산/엠지엘
240123120030272,ULS,USED,2023-12-28,2024-01-22,,울산/엠지엘
240123120030267,ULS,USED,2023-12-28,2024-01-17,,울산/엠지엘
240123120030304,ULS,USED,2023-12-28,2024-01-17,,울산/엠지엘
240123120030259,ULS,USED,2023-12-28,2024-01-05,,울산/엠지엘
240123120030312,ULS,USED,2023-12-28,2024-01-30,,울산/엠지엘
240123120030297,ULS,USED,2023-12-28,2024-01-17,,울산/엠지엘
240123120030317,ULS,USED,2023-12-28,2024-01-30,,울산/엠지엘
240123120030217,ULS,USED,2023-12-28,2024-02-07,,울산/엠지엘
240123120030215,ULS,USED,2023-12-28,2024-02-07,,울산/엠지엘
240123120030268,ULS,USED,2023-12-28,2024-01-17,,울산/엠지엘
240123120030262,ULS,USED,2023-12-28,2024-01-18,,울산/엠지엘
240123120030256,ULS,USED,2023-12-28,2024-01-05,,울산/엠지엘
240123120030255,ULS,USED,2023-12-28,2024-01-05,,울산/엠지엘
240123120030289,ULS,USED,2023-12-28,2024-02-29,,울산/엠지엘
240123120030286,ULS,USED,2023-12-28,2024-02-29,,울산/엠지엘
240123120030211,ULS,USED,2023-12-28,2024-02-08,,울산/엠지엘
240123120030241,ULS,USED,2023-12-28,2024-02-29,,울산/엠지엘
240123120030239,ETC,USED,2023-12-28,2024-03-11,,주식회사 선진티엘에스
240123120030237,ETC,USED,2023-12-28,2024-03-06,,주식회사 선진티엘에스
240123120030236,ULS,USED,2023-12-28,2024-03-01,,울산/엠지엘
240123120030234,ULS,USED,2023-12-28,2024-03-01,,울산/엠지엘
240123120030194,ULS,USED,2023-12-28,2024-01-31,,울산/엠지엘
240123120030191,ULS,USED,2023-12-28,2024-02-01,,울산/엠지엘
240123120011119,ULS,USED,2023-12-21,2023-12-26,,울산/엠지엘
220123120012001,ULS,USED,2023-12-21,2026-05-14,,울산/엠지엘
220123120012006,ULS,USED,2023-12-21,2025-07-15,,울산/엠지엘
220123120012013,ULS,USED,2023-12-21,2025-01-01,,울산/엠지엘
220123120012015,ULS,USED,2023-12-21,2025-01-17,,울산/엠지엘
240123120011076,ULS,USED,2023-12-21,2024-01-13,,울산/엠지엘
240123120011081,ULS,USED,2023-12-21,2024-02-04,,울산/엠지엘
240123120011004,ULS,USED,2023-12-21,2024-02-02,,울산/엠지엘
240123120011005,ULS,USED,2023-12-21,2024-02-02,,울산/엠지엘
240123120011026,ULS,USED,2023-12-21,2024-01-22,,울산/엠지엘
240123120011027,ULS,USED,2023-12-21,2024-02-29,,울산/엠지엘
240123120011028,ULS,USED,2023-12-21,2024-02-20,,울산/엠지엘
240123120011035,ULS,USED,2023-12-21,2024-02-08,,울산/엠지엘
240123120011041,ULS,USED,2023-12-21,2024-01-12,,울산/엠지엘
240123120011042,ULS,USED,2023-12-21,2024-01-12,,울산/엠지엘
240123120011057,ULS,USED,2023-12-21,2023-12-21,,울산/엠지엘
240123120011039,ULS,USED,2023-12-21,2024-02-04,,울산/엠지엘
240123120011050,ULS,USED,2023-12-21,2023-12-27,,울산/엠지엘
220123120012005,ULS,USED,2023-12-21,2025-03-30,,울산/엠지엘
220123120012009,ULS,USED,2023-12-21,2025-07-15,,울산/엠지엘
220123120012012,ULS,USED,2023-12-21,2025-04-25,,울산/엠지엘
240123120011036,ULS,USED,2023-12-21,2024-02-08,,울산/엠지엘
240123120011021,ULS,USED,2023-12-21,2024-02-06,,울산/엠지엘
240123120011073,ULS,USED,2023-12-21,2024-01-30,,울산/엠지엘
240123120011079,ULS,USED,2023-12-21,2024-01-29,,울산/엠지엘
240123120011064,ULS,USED,2023-12-21,2023-12-21,,울산/엠지엘
240123120011120,ULS,USED,2023-12-21,2023-12-21,,울산/엠지엘
220123120012029,ULS,USED,2023-12-21,2024-04-13,,울산/엠지엘
240123120011086,ULS,USED,2023-12-21,2024-02-04,,울산/엠지엘
240123120011115,ULS,USED,2023-12-21,2024-01-10,,울산/엠지엘
220123120012017,ULS,USED,2023-12-21,2025-01-12,,울산/엠지엘
240123120011007,ULS,USED,2023-12-21,2024-02-02,,울산/엠지엘
240123120011010,ULS,USED,2023-12-21,2024-02-02,,울산/엠지엘
220123120012023,ULS,USED,2023-12-21,2024-07-17,,울산/엠지엘
220123120012024,ULS,USED,2023-12-21,2024-06-25,,울산/엠지엘
240123120030306,ULS,USED,2023-12-28,2024-01-17,,울산/엠지엘
240123120030311,ULS,USED,2023-12-28,2024-01-31,,울산/엠지엘
240123120030305,ULS,USED,2023-12-28,2024-01-17,,울산/엠지엘
240123120030274,ULS,USED,2023-12-28,2024-01-17,,울산/엠지엘
240123120030252,ULS,USED,2023-12-28,2024-01-04,,울산/엠지엘
240123120030250,ULS,USED,2023-12-28,2024-03-14,,울산/엠지엘
240123120030240,ETC,USED,2023-12-28,2024-03-11,,주식회사 선진티엘에스
240123120030238,ULS,USED,2023-12-28,2024-03-01,,울산/엠지엘
240123120030232,ULS,USED,2023-12-28,2024-03-01,,울산/엠지엘
240123120030231,ULS,USED,2023-12-28,2024-03-01,,울산/엠지엘
240123120030224,ULS,USED,2023-12-28,2024-03-12,,울산/엠지엘
240123120030207,ULS,USED,2023-12-28,2024-02-06,,울산/엠지엘
240123120030205,ULS,USED,2023-12-28,2024-02-08,,울산/엠지엘
240123120030203,ULS,USED,2023-12-28,2024-02-07,,울산/엠지엘
240123120030201,ULS,USED,2023-12-28,2024-02-07,,울산/엠지엘
240123120030199,ULS,USED,2023-12-28,2024-01-29,,울산/엠지엘
240123120030198,ULS,USED,2023-12-28,2024-01-29,,울산/엠지엘
240123120030197,ULS,USED,2023-12-28,2024-01-29,,울산/엠지엘
240123120030193,ULS,USED,2023-12-28,2024-01-29,,울산/엠지엘
240123120030264,ULS,USED,2023-12-28,2024-01-17,,울산/엠지엘
240123120030244,ULS,USED,2023-12-28,2024-03-14,,울산/엠지엘
240123120030320,ULS,USED,2023-12-28,2024-01-30,,울산/엠지엘
240123120030319,ULS,USED,2023-12-28,2024-01-30,,울산/엠지엘
240123120030283,ULS,USED,2023-12-28,2024-02-29,,울산/엠지엘
240123120030303,ULS,USED,2023-12-28,2024-01-17,,울산/엠지엘
240123120030293,ULS,USED,2023-12-28,2024-01-22,,울산/엠지엘
240123120030291,ULS,USED,2023-12-28,2024-01-22,,울산/엠지엘
240123120030290,ULS,USED,2023-12-28,2024-02-29,,울산/엠지엘
240123120030281,ULS,USED,2023-12-28,2024-02-29,,울산/엠지엘
240123120011002,ULS,USED,2023-12-21,2024-02-02,,울산/엠지엘
240123120011013,ULS,USED,2023-12-21,2024-01-22,,울산/엠지엘
220123120012004,ULS,USED,2023-12-21,2026-01-08,,울산/엠지엘
220123120012008,ULS,USED,2023-12-21,2025-02-12,,울산/엠지엘
220123120012025,ULS,USED,2023-12-21,2024-05-20,,울산/엠지엘
240123120011023,ULS,USED,2023-12-21,2024-01-30,,울산/엠지엘
220123120012011,ULS,USED,2023-12-21,2025-04-25,,울산/엠지엘
220123120012019,ULS,USED,2023-12-21,2024-08-13,,울산/엠지엘
240123120011019,ULS,USED,2023-12-21,2024-01-23,,울산/엠지엘
240123120011022,ULS,USED,2023-12-21,2024-02-20,,울산/엠지엘
240123120011025,ULS,USED,2023-12-21,2024-01-30,,울산/엠지엘
240123120011024,ULS,USED,2023-12-21,2024-02-20,,울산/엠지엘
240123120011072,ULS,USED,2023-12-21,2024-01-31,,울산/엠지엘
220123120012030,ULS,USED,2023-12-21,2024-03-02,,울산/엠지엘
240123120011075,ULS,USED,2023-12-21,2024-01-30,,울산/엠지엘
240123120011099,ULS,USED,2023-12-21,2024-01-22,,울산/엠지엘
240123120011100,ULS,USED,2023-12-21,2024-01-22,,울산/엠지엘
240123120011106,ULS,USED,2023-12-21,2023-12-27,,울산/엠지엘
240123120011107,ULS,USED,2023-12-21,2024-04-29,,울산/엠지엘
240123120011108,ULS,USED,2023-12-21,2023-12-21,,울산/엠지엘
240123120011110,ULS,USED,2023-12-21,2023-12-27,,울산/엠지엘
220123120012016,ULS,USED,2023-12-21,2025-01-01,,울산/엠지엘
240123120011112,ULS,USED,2023-12-21,2023-12-21,,울산/엠지엘
240123120011113,ULS,USED,2023-12-21,2024-01-11,,울산/엠지엘
240123120011116,ULS,USED,2023-12-21,2023-12-26,,울산/엠지엘
240123120011118,ULS,USED,2023-12-21,2023-12-26,,울산/엠지엘
220123120012026,ULS,USED,2023-12-21,2024-06-30,,울산/엠지엘
220123120012027,ULS,USED,2023-12-21,2024-03-02,,울산/엠지엘
240123120011017,ULS,USED,2023-12-21,2024-01-24,,울산/엠지엘
240123120011003,ULS,USED,2023-12-21,2024-02-02,,울산/엠지엘
240123120011006,ULS,USED,2023-12-21,2024-02-02,,울산/엠지엘
240123120011034,ULS,USED,2023-12-21,2024-02-08,,울산/엠지엘
240123120011038,ULS,USED,2023-12-21,2024-02-06,,울산/엠지엘
240123120011048,ULS,USED,2023-12-21,2023-12-29,,울산/엠지엘
240123120011049,ULS,USED,2023-12-21,2023-12-27,,울산/엠지엘
240123120011051,ULS,USED,2023-12-21,2024-01-23,,울산/엠지엘
240123120011054,ULS,USED,2023-12-21,2023-12-21,,울산/엠지엘
240123120011055,ULS,USED,2023-12-21,2023-12-21,,울산/엠지엘
240123120011056,ULS,USED,2023-12-21,2023-12-21,,울산/엠지엘
240123120011059,ULS,USED,2023-12-21,2023-12-21,,울산/엠지엘
240123120011061,ULS,USED,2023-12-21,2023-12-21,,울산/엠지엘
240123120011066,ULS,USED,2023-12-21,2023-12-27,,울산/엠지엘
240123120011071,ULS,USED,2023-12-21,2024-01-30,,울산/엠지엘
240123120011001,ULS,USED,2023-12-21,2024-02-01,,울산/엠지엘
240123120011020,ULS,USED,2023-12-21,2024-02-20,,울산/엠지엘
240123120011074,ULS,USED,2023-12-21,2024-01-31,,울산/엠지엘
240123120011009,ULS,USED,2023-12-21,2024-02-02,,울산/엠지엘
240123120011012,ULS,USED,2023-12-21,2024-01-22,,울산/엠지엘
240123120011014,ULS,USED,2023-12-21,2024-01-24,,울산/엠지엘
240123120011015,ULS,USED,2023-12-21,2024-01-24,,울산/엠지엘
240123120011085,ULS,USED,2023-12-21,2024-02-04,,울산/엠지엘
240123120011088,ULS,USED,2023-12-21,2024-02-04,,울산/엠지엘
240123120011058,ULS,USED,2023-12-21,2023-12-21,,울산/엠지엘
240123120011060,ULS,USED,2023-12-21,2023-12-21,,울산/엠지엘
240123120011063,ULS,USED,2023-12-21,2023-12-21,,울산/엠지엘
240123120011065,ULS,USED,2023-12-21,2023-12-21,,울산/엠지엘
240123120011067,ULS,USED,2023-12-21,2023-12-21,,울산/엠지엘
240123120011068,ULS,USED,2023-12-21,2024-01-17,,울산/엠지엘
240123120011077,ULS,USED,2023-12-21,2024-01-30,,울산/엠지엘
240123120011082,ULS,USED,2023-12-21,2024-02-04,,울산/엠지엘
240123120011090,ULS,USED,2023-12-21,2024-02-02,,울산/엠지엘
240123120011102,ULS,USED,2023-12-21,2023-12-21,,울산/엠지엘
240123120011111,ULS,USED,2023-12-21,2024-01-05,,울산/엠지엘
240123120011117,ULS,USED,2023-12-21,2023-12-26,,울산/엠지엘
240123110021082,ULS,USED,2023-11-21,2023-12-14,,울산/엠지엘
240123110021099,ULS,USED,2023-11-21,2023-12-06,,울산/엠지엘
240123110021001,ULS,USED,2023-11-21,2023-12-04,,울산/엠지엘
240123110021094,ULS,USED,2023-11-21,2023-12-06,,울산/엠지엘
210123110019019,ULS,USED,2023-11-21,2024-01-30,,울산/엠지엘
240123110021004,ULS,USED,2023-11-21,2023-11-30,,울산/엠지엘
240123110021018,ULS,USED,2023-11-21,2023-12-07,,울산/엠지엘
240123110021019,ULS,USED,2023-11-21,2023-12-07,,울산/엠지엘
240123110021026,ULS,USED,2023-11-21,2023-12-05,,울산/엠지엘
240123110021088,ULS,USED,2023-11-21,2023-12-14,,울산/엠지엘
220123120012021,ULS,USED,2023-12-21,2024-04-29,,울산/엠지엘
240123120011087,ULS,USED,2023-12-21,2024-02-04,,울산/엠지엘
220123120012002,ULS,USED,2023-12-21,2026-04-08,,울산/엠지엘
240123120011089,ULS,USED,2023-12-21,2024-02-24,,울산/엠지엘
240123120011094,ULS,USED,2023-12-21,2024-01-22,,울산/엠지엘
240123120011095,ULS,USED,2023-12-21,2024-01-24,,울산/엠지엘
240123120011096,ULS,USED,2023-12-21,2024-01-24,,울산/엠지엘
240123120011097,ULS,USED,2023-12-21,2024-02-01,,울산/엠지엘
220123120012003,ULS,USED,2023-12-21,2025-11-13,,울산/엠지엘
220123120012007,ULS,USED,2023-12-21,2025-04-25,,울산/엠지엘
220123120012010,ULS,USED,2023-12-21,2025-07-15,,울산/엠지엘
240123120011103,ULS,USED,2023-12-21,2023-12-27,,울산/엠지엘
240123120011104,ULS,USED,2023-12-21,2023-12-21,,울산/엠지엘
240123120011018,ULS,USED,2023-12-21,2024-01-24,,울산/엠지엘
240123120011105,ULS,USED,2023-12-21,2023-12-26,,울산/엠지엘
240123120011109,ULS,USED,2023-12-21,2023-12-21,,울산/엠지엘
240123120011011,ULS,USED,2023-12-21,2024-01-22,,울산/엠지엘
240123120011091,ULS,USED,2023-12-21,2023-12-21,,울산/엠지엘
240123120011093,ULS,USED,2023-12-21,2024-01-22,,울산/엠지엘
220123120012020,ULS,USED,2023-12-21,2025-01-01,,울산/엠지엘
240123120011029,ULS,USED,2023-12-21,2024-01-12,,울산/엠지엘
240123120011031,ULS,USED,2023-12-21,2024-02-08,,울산/엠지엘
240123120011040,ULS,USED,2023-12-21,2024-02-06,,울산/엠지엘
240123120011083,ULS,USED,2023-12-21,2024-02-04,,울산/엠지엘
240123120011084,ULS,USED,2023-12-21,2024-02-04,,울산/엠지엘
240123120011092,ULS,USED,2023-12-21,2023-12-21,,울산/엠지엘
240123120011008,ULS,USED,2023-12-21,2024-02-02,,울산/엠지엘
240123120011016,ULS,USED,2023-12-21,2024-01-24,,울산/엠지엘
240123120011044,ULS,USED,2023-12-21,2023-12-29,,울산/엠지엘
240123120011052,ULS,USED,2023-12-21,2024-01-24,,울산/엠지엘
240123120011053,ULS,USED,2023-12-21,2023-12-21,,울산/엠지엘
240123120011098,ULS,USED,2023-12-21,2024-01-30,,울산/엠지엘
220123120012022,ULS,USED,2023-12-21,2024-05-11,,울산/엠지엘
220123120012028,ULS,USED,2023-12-21,2024-02-21,,울산/엠지엘
250123120013011,ULS,USED,2023-12-21,2024-01-26,,울산/엠지엘
240123120011037,ULS,USED,2023-12-21,2024-02-04,,울산/엠지엘
240123120011030,ULS,USED,2023-12-21,2024-01-12,,울산/엠지엘
240123120011045,ULS,USED,2023-12-21,2024-01-12,,울산/엠지엘
240123120011046,ULS,USED,2023-12-21,2024-01-12,,울산/엠지엘
240123120011047,ULS,USED,2023-12-21,2023-12-27,,울산/엠지엘
250123120013012,ULS,USED,2023-12-21,2024-01-26,,울산/엠지엘
250123120013020,ULS,USED,2023-12-21,2024-01-26,,울산/엠지엘
220123120012014,ULS,USED,2023-12-21,2025-02-12,,울산/엠지엘
220123120012018,ULS,USED,2023-12-21,2025-01-01,,울산/엠지엘
240123120011062,ULS,USED,2023-12-21,2023-12-21,,울산/엠지엘
240123120011069,ULS,USED,2023-12-21,2023-12-21,,울산/엠지엘
240123120011070,ULS,USED,2023-12-21,2023-12-21,,울산/엠지엘
240123120011032,ULS,USED,2023-12-21,2024-02-08,,울산/엠지엘
240123120011033,ULS,USED,2023-12-21,2024-02-08,,울산/엠지엘
240123120011043,ULS,USED,2023-12-21,2023-12-27,,울산/엠지엘
240123120011078,ULS,USED,2023-12-21,2024-01-31,,울산/엠지엘
240123120011080,ULS,USED,2023-12-21,2024-01-29,,울산/엠지엘
240123120011101,ULS,USED,2023-12-21,2023-12-26,,울산/엠지엘
240123120011114,ULS,USED,2023-12-21,2024-01-11,,울산/엠지엘
240123110021002,ULS,USED,2023-11-21,2023-11-30,,울산/엠지엘
240123110021003,ULS,USED,2023-11-21,2023-11-21,,울산/엠지엘
240123110021008,ULS,USED,2023-11-21,2023-11-30,,울산/엠지엘
240123110021021,ULS,USED,2023-11-21,2023-12-05,,울산/엠지엘
240123110021022,ULS,USED,2023-11-21,2023-12-05,,울산/엠지엘
240123110021027,ULS,USED,2023-11-21,2023-12-04,,울산/엠지엘
240123110021078,ULS,USED,2023-11-21,2023-12-15,,울산/엠지엘
240123110021087,ULS,USED,2023-11-21,2023-12-14,,울산/엠지엘
240123110021089,ULS,USED,2023-11-21,2023-12-12,,울산/엠지엘
240123110021090,ULS,USED,2023-11-21,2023-12-14,,울산/엠지엘
240123110021068,ULS,USED,2023-11-21,2023-12-04,,울산/엠지엘
240123110021070,ULS,USED,2023-11-21,2023-12-07,,울산/엠지엘
240123110021074,ULS,USED,2023-11-21,2023-12-15,,울산/엠지엘
240123110021075,ULS,USED,2023-11-21,2023-12-15,,울산/엠지엘
240123110021076,ULS,USED,2023-11-21,2023-12-15,,울산/엠지엘
240123110021085,ULS,USED,2023-11-21,2023-12-14,,울산/엠지엘
240123110021086,ULS,USED,2023-11-21,2023-12-14,,울산/엠지엘
240123110021097,ULS,USED,2023-11-21,2023-12-06,,울산/엠지엘
240123110021083,ULS,USED,2023-11-21,2023-12-14,,울산/엠지엘
240123110021106,ULS,USED,2023-11-21,2023-12-12,,울산/엠지엘
240123110021109,ULS,USED,2023-11-21,2023-11-30,,울산/엠지엘
240123110021067,ULS,USED,2023-11-21,2023-12-05,,울산/엠지엘
240123110021096,ULS,USED,2023-11-21,2023-12-06,,울산/엠지엘
240123110021101,ULS,USED,2023-11-21,2023-12-14,,울산/엠지엘
240123110021104,ULS,USED,2023-11-21,2023-11-28,,울산/엠지엘
240123110021113,ULS,USED,2023-11-21,2023-12-14,,울산/엠지엘
240123110021119,ULS,USED,2023-11-21,2023-12-08,,울산/엠지엘
240123110021124,ULS,USED,2023-11-21,2023-12-14,,울산/엠지엘
240123110021107,ULS,USED,2023-11-21,2023-11-27,,울산/엠지엘
240123110021103,ULS,USED,2023-11-21,2023-11-28,,울산/엠지엘
240123110021030,ULS,USED,2023-11-21,2023-12-04,,울산/엠지엘
240123110021015,ULS,USED,2023-11-21,2023-12-08,,울산/엠지엘
240123110021028,ULS,USED,2023-11-21,2023-12-04,,울산/엠지엘
240123110021038,ULS,USED,2023-11-21,2023-11-30,,울산/엠지엘
240123110021048,ULS,USED,2023-11-21,2023-12-14,,울산/엠지엘
240123110021065,ULS,USED,2023-11-21,2023-12-04,,울산/엠지엘
240123110021120,ULS,USED,2023-11-21,2023-12-08,,울산/엠지엘
240123110021117,ULS,USED,2023-11-21,2023-12-07,,울산/엠지엘
240123110021122,ULS,USED,2023-11-21,2025-03-26,,울산/엠지엘
240123110021050,ULS,USED,2023-11-21,2023-12-20,,울산/엠지엘
240123110021060,ULS,USED,2023-11-21,2023-12-04,,울산/엠지엘
240123110021073,ULS,USED,2023-11-21,2023-12-15,,울산/엠지엘
240123110021081,ULS,USED,2023-11-21,2023-12-14,,울산/엠지엘
240123110021093,ULS,USED,2023-11-21,2023-12-06,,울산/엠지엘
240123110021100,ULS,USED,2023-11-21,2023-12-06,,울산/엠지엘
240123110021036,ULS,USED,2023-11-21,2025-03-26,,울산/엠지엘
240123110021043,ULS,USED,2023-11-21,2023-12-14,,울산/엠지엘
240123110021047,ULS,USED,2023-11-21,2023-12-14,,울산/엠지엘
240123110021105,ULS,USED,2023-11-21,2023-12-14,,울산/엠지엘
240123110021005,ULS,USED,2023-11-21,2023-11-21,,울산/엠지엘
240123110021032,ULS,USED,2023-11-21,2023-12-20,,울산/엠지엘
240123110021034,ULS,USED,2023-11-21,2023-12-08,,울산/엠지엘
240123110021035,ULS,USED,2023-11-21,2025-03-26,,울산/엠지엘
240123110021110,ULS,USED,2023-11-21,2023-12-20,,울산/엠지엘
240123110021111,ULS,USED,2023-11-21,2023-12-13,,울산/엠지엘
240123110021112,ULS,USED,2023-11-21,2025-03-26,,울산/엠지엘
240123110021116,ULS,USED,2023-11-21,2023-12-12,,울산/엠지엘
240123110021011,ULS,USED,2023-11-21,2023-12-14,,울산/엠지엘
240123110021023,ULS,USED,2023-11-21,2023-12-05,,울산/엠지엘
240123110021024,ULS,USED,2023-11-21,2023-12-05,,울산/엠지엘
240123110021069,ULS,USED,2023-11-21,2023-12-06,,울산/엠지엘
240123110021071,ULS,USED,2023-11-21,2023-12-15,,울산/엠지엘
240123110021072,ULS,USED,2023-11-21,2023-12-15,,울산/엠지엘
240123110021080,ULS,USED,2023-11-21,2023-12-14,,울산/엠지엘
SFFQG240123090033062,ULS,USED,2023-10-15,2023-11-15,,울산/엠지엘
SFFQG240123090033067,ULS,USED,2023-10-15,2023-11-15,,울산/엠지엘
SFFQG240123090033098,ULS,USED,2023-10-15,2023-11-22,,울산/엠지엘
SFFQG240123090033104,ULS,USED,2023-10-15,2023-11-21,,울산/엠지엘
SFFQG240123090033008,ULS,USED,2023-10-15,2023-10-23,,울산/엠지엘
SFFQG240123090033065,ULS,USED,2023-10-15,2023-11-05,,울산/엠지엘
SFFQG240123090033068,ULS,USED,2023-10-15,2023-11-15,,울산/엠지엘
SFFQG240123090033108,ULS,USED,2023-10-15,2023-11-27,,울산/엠지엘
SFFQG240123090033016,ULS,USED,2023-10-15,2023-11-21,,울산/엠지엘
SFFQG240123090033024,ULS,USED,2023-10-15,2023-11-07,,울산/엠지엘
SFFQG240123090033038,ULS,USED,2023-10-15,2023-10-24,,울산/엠지엘
SFFQG240123090033039,ULS,USED,2023-10-15,2023-10-20,,울산/엠지엘
240123110021046,ULS,USED,2023-11-21,2023-12-14,,울산/엠지엘
240123110021054,ULS,USED,2023-11-21,2023-12-04,,울산/엠지엘
240123110021061,ULS,USED,2023-11-21,2023-12-20,,울산/엠지엘
240123110021064,ULS,USED,2023-11-21,2023-11-29,,울산/엠지엘
240123110021066,ULS,USED,2023-11-21,2023-12-04,,울산/엠지엘
240123110021114,ULS,USED,2023-11-21,2023-11-27,,울산/엠지엘
240123110021118,ULS,USED,2023-11-21,2023-12-08,,울산/엠지엘
240123110021121,ULS,USED,2023-11-21,2023-12-08,,울산/엠지엘
240123110021123,ULS,USED,2023-11-21,2025-03-26,,울산/엠지엘
240123110021125,ULS,USED,2023-11-21,2023-12-12,,울산/엠지엘
240123110021108,ULS,USED,2023-11-21,2023-11-27,,울산/엠지엘
240123110021009,ULS,USED,2023-11-21,2023-11-30,,울산/엠지엘
240123110021010,ULS,USED,2023-11-21,2023-11-30,,울산/엠지엘
240123110021014,ULS,USED,2023-11-21,2023-12-07,,울산/엠지엘
240123110021025,ULS,USED,2023-11-21,2023-12-05,,울산/엠지엘
240123110021063,ULS,USED,2023-11-21,2023-12-04,,울산/엠지엘
240123110021077,ULS,USED,2023-11-21,2023-12-15,,울산/엠지엘
240123110021091,ULS,USED,2023-11-21,2023-12-06,,울산/엠지엘
240123110021092,ULS,USED,2023-11-21,2023-12-06,,울산/엠지엘
240123110021029,ULS,USED,2023-11-21,2023-12-04,,울산/엠지엘
240123110021037,ULS,USED,2023-11-21,2023-11-29,,울산/엠지엘
240123110021053,ULS,USED,2023-11-21,2023-12-04,,울산/엠지엘
240123110021059,ULS,USED,2023-11-21,2023-12-04,,울산/엠지엘
240123110021031,ULS,USED,2023-11-21,2023-12-20,,울산/엠지엘
240123110021039,ULS,USED,2023-11-21,2023-11-30,,울산/엠지엘
240123110021040,ULS,USED,2023-11-21,2023-11-30,,울산/엠지엘
240123110021041,ULS,USED,2023-11-21,2023-12-14,,울산/엠지엘
240123110021042,ULS,USED,2023-11-21,2023-12-14,,울산/엠지엘
240123110021044,ULS,USED,2023-11-21,2023-12-14,,울산/엠지엘
240123110021049,ULS,USED,2023-11-21,2023-12-20,,울산/엠지엘
240123110021052,ULS,USED,2023-11-21,2023-12-04,,울산/엠지엘
240123110021056,ULS,USED,2023-11-21,2023-12-04,,울산/엠지엘
240123110021016,ULS,USED,2023-11-21,2023-12-08,,울산/엠지엘
240123110021020,ULS,USED,2023-11-21,2023-12-07,,울산/엠지엘
240123110021012,ULS,USED,2023-11-21,2023-12-14,,울산/엠지엘
240123110021013,ULS,USED,2023-11-21,2023-12-08,,울산/엠지엘
240123110021017,ULS,USED,2023-11-21,2023-12-07,,울산/엠지엘
240123110021102,ULS,USED,2023-11-21,2023-11-28,,울산/엠지엘
240123110021006,ULS,USED,2023-11-21,2023-11-30,,울산/엠지엘
240123110021007,ULS,USED,2023-11-21,2023-11-30,,울산/엠지엘
240123110021033,ULS,USED,2023-11-21,2023-12-20,,울산/엠지엘
240123110021045,ULS,USED,2023-11-21,2023-12-14,,울산/엠지엘
240123110021051,ULS,USED,2023-11-21,2023-12-04,,울산/엠지엘
240123110021055,ULS,USED,2023-11-21,2023-12-04,,울산/엠지엘
240123110021062,ULS,USED,2023-11-21,2023-11-29,,울산/엠지엘
240123110021057,ULS,USED,2023-11-21,2023-12-04,,울산/엠지엘
240123110021058,ULS,USED,2023-11-21,2023-12-04,,울산/엠지엘
240123110021115,ULS,USED,2023-11-21,2023-12-12,,울산/엠지엘
240123110021079,ULS,USED,2023-11-21,2023-12-14,,울산/엠지엘
240123110021084,ULS,USED,2023-11-21,2023-12-18,,울산/엠지엘
240123110021095,ULS,USED,2023-11-21,2023-12-06,,울산/엠지엘
240123110021098,ULS,USED,2023-11-21,2023-12-06,,울산/엠지엘
SFFQG240123090033140,ULS,USED,2023-10-15,2023-10-26,,울산/엠지엘
SFFQG240123090033146,ULS,USED,2023-10-15,2023-11-28,,울산/엠지엘
SFFQG240123090033149,ULS,USED,2023-10-15,2023-11-28,,울산/엠지엘
SFFQG240123090033150,ULS,USED,2023-10-15,2023-11-28,,울산/엠지엘
SFFQG240123090033070,ULS,USED,2023-10-15,2023-11-15,,울산/엠지엘
SFFQG240123090033083,ULS,USED,2023-10-15,2023-11-16,,울산/엠지엘
SFFQG240123090033085,ULS,USED,2023-10-15,2023-11-16,,울산/엠지엘
SFFQG240123090033090,ULS,USED,2023-10-15,2023-11-16,,울산/엠지엘
SFFQG240123090033093,ULS,USED,2023-10-15,2023-11-23,,울산/엠지엘
SFFQG240123090033097,ULS,USED,2023-10-15,2023-11-22,,울산/엠지엘
SFFQG240123090033124,ULS,USED,2023-10-15,2023-10-24,,울산/엠지엘
SFFQG240123090033057,ULS,USED,2023-10-15,2023-10-23,,울산/엠지엘
SFFQG220123090034006,ULS,USED,2023-10-15,2023-12-06,,울산/엠지엘
SFFQG220123090034002,ULS,USED,2023-10-15,2023-12-07,,울산/엠지엘
SFFQG220123090034008,ULS,USED,2023-10-15,2024-01-23,,울산/엠지엘
SFFQG220123090034010,ULS,USED,2023-10-15,2023-12-06,,울산/엠지엘
SFFQG240123090033005,ULS,USED,2023-10-15,2023-10-23,,울산/엠지엘
SFFQG220123090034001,ULS,USED,2023-10-15,2023-12-07,,울산/엠지엘
SFFQG240123090033089,ULS,USED,2023-10-15,2023-11-16,,울산/엠지엘
SFFQG240123090033096,ULS,USED,2023-10-15,2023-11-23,,울산/엠지엘
SFFQG240123090033125,ULS,USED,2023-10-15,2023-10-24,,울산/엠지엘
SFFQG240123090033138,ULS,USED,2023-10-15,2023-10-27,,울산/엠지엘
SFFQG240123090033020,ULS,USED,2023-10-15,2023-11-17,,울산/엠지엘
SFFQG240123090033110,ULS,USED,2023-10-15,2023-10-24,,울산/엠지엘
SFFQG240123090033115,ULS,USED,2023-10-15,2023-11-28,,울산/엠지엘
SFFQG240123090033127,ULS,USED,2023-10-15,2023-10-24,,울산/엠지엘
SFFQG240123090033128,ULS,USED,2023-10-15,2023-10-24,,울산/엠지엘
SFFQG240123090033137,ULS,USED,2023-10-15,2023-10-27,,울산/엠지엘
SFFQG240123090033142,ULS,USED,2023-10-15,2023-11-30,,울산/엠지엘
SFFQG240123090033143,ULS,USED,2023-10-15,2023-11-30,,울산/엠지엘
SFFQG240123090033075,ULS,USED,2023-10-15,2023-10-31,,울산/엠지엘
SFFQG240123090033080,ULS,USED,2023-10-15,2023-11-07,,울산/엠지엘
SFFQG240123090033086,ULS,USED,2023-10-15,2023-11-16,,울산/엠지엘
SFFQG240123090033087,ULS,USED,2023-10-15,2023-11-16,,울산/엠지엘
SFFQG240123090033043,ULS,USED,2023-10-15,2023-11-27,,울산/엠지엘
SFFQG240123090033046,ULS,USED,2023-10-15,2023-11-27,,울산/엠지엘
SFFQG240123090033049,ULS,USED,2023-10-15,2023-11-24,,울산/엠지엘
SFFQG240123090033118,ULS,USED,2023-10-15,2023-11-21,,울산/엠지엘
SFFQG240123090033119,ULS,USED,2023-10-15,2023-11-06,,울산/엠지엘
SFFQG240123090033121,ULS,USED,2023-10-15,2023-10-26,,울산/엠지엘
SFFQG240123090033029,ULS,USED,2023-10-15,2023-11-16,,울산/엠지엘
SFFQG240123090033034,ULS,USED,2023-10-15,2023-10-25,,울산/엠지엘
SFFQG240123090033007,ULS,USED,2023-10-15,2023-10-23,,울산/엠지엘
SFFQG240123090033144,ULS,USED,2023-10-15,2023-11-29,,울산/엠지엘
SFFQG240123090033044,ULS,USED,2023-10-15,2023-11-27,,울산/엠지엘
SFFQG240123090033045,ULS,USED,2023-10-15,2023-11-27,,울산/엠지엘
SFFQG240123090033076,ULS,USED,2023-10-15,2023-10-31,,울산/엠지엘
SFFQG240123090033082,ULS,USED,2023-10-15,2023-11-16,,울산/엠지엘
SFFQG220123090034003,ULS,USED,2023-10-15,2023-12-06,,울산/엠지엘
SFFQG240123090033064,ULS,USED,2023-10-15,2023-11-15,,울산/엠지엘
SFFQG240123090033099,ULS,USED,2023-10-15,2023-11-21,,울산/엠지엘
SFFQG240123090033101,ULS,USED,2023-10-15,2023-10-20,,울산/엠지엘
SFFQG240123090033109,ULS,USED,2023-10-15,2023-11-24,,울산/엠지엘
SFFQG240123090033112,ULS,USED,2023-10-15,2023-12-14,,울산/엠지엘
SFFQG240123090033015,ULS,USED,2023-10-15,2023-11-21,,울산/엠지엘
SFFQG240123090033122,ULS,USED,2023-10-15,2023-10-27,,울산/엠지엘
SFFQG240123090033123,ULS,USED,2023-10-15,2023-10-24,,울산/엠지엘
SFFQG240123090033133,ULS,USED,2023-10-15,2023-10-27,,울산/엠지엘
SFFQG240123090033030,ULS,USED,2023-10-15,2023-11-06,,울산/엠지엘
SFFQG240123090033036,ULS,USED,2023-10-15,2023-10-25,,울산/엠지엘
SFFQG240123090033040,ULS,USED,2023-10-15,2023-10-20,,울산/엠지엘
SFFQG240123090033058,ULS,USED,2023-10-15,2023-10-23,,울산/엠지엘
SFFQG240123090033059,ULS,USED,2023-10-15,2023-10-23,,울산/엠지엘
SFFQG240123090033061,ULS,USED,2023-10-15,2023-11-06,,울산/엠지엘
SFFQG240123090033084,ULS,USED,2023-10-15,2023-11-16,,울산/엠지엘
SFFQG240123090033155,ULS,USED,2023-10-15,2023-10-24,,울산/엠지엘
SFFQG220123090034009,ULS,USED,2023-10-15,2024-01-04,,울산/엠지엘
SFFQG240123090033111,ULS,USED,2023-10-15,2023-12-14,,울산/엠지엘
SFFQG240123090033050,ULS,USED,2023-10-15,2023-11-24,,울산/엠지엘
SFFQG240123090033053,ULS,USED,2023-10-15,2023-10-23,,울산/엠지엘
SFFQG240123090033055,ULS,USED,2023-10-15,2023-10-23,,울산/엠지엘
SFFQG240123090033006,ULS,USED,2023-10-15,2023-10-23,,울산/엠지엘
SFFQG240123090033009,ULS,USED,2023-10-15,2023-10-20,,울산/엠지엘
SFFQG240123090033120,ULS,USED,2023-10-15,2023-11-10,,울산/엠지엘
SFFQG240123090033148,ULS,USED,2023-10-15,2023-11-28,,울산/엠지엘
SFFQG240123090033151,ULS,USED,2023-10-15,2023-10-24,,울산/엠지엘
SFFQG240123090033095,ULS,USED,2023-10-15,2023-11-22,,울산/엠지엘
SFFQG240123090033060,ULS,USED,2023-10-15,2023-10-23,,울산/엠지엘
SFFQG240123090033079,ULS,USED,2023-10-15,2023-11-07,,울산/엠지엘
SFFQG240123090033081,ULS,USED,2023-10-15,2023-11-17,,울산/엠지엘
SFFQG240123090033088,ULS,USED,2023-10-15,2023-11-16,,울산/엠지엘
SFFQG240123090033145,ULS,USED,2023-10-15,2023-11-28,,울산/엠지엘
SFFQG240123090033153,ULS,USED,2023-10-15,2023-10-26,,울산/엠지엘
SFFQG240123090033113,ULS,USED,2023-10-15,2023-11-28,,울산/엠지엘
SFFQG240123090033011,ULS,USED,2023-10-15,2023-11-21,,울산/엠지엘
SFFQG240123090033004,ULS,USED,2023-10-15,2023-10-23,,울산/엠지엘
SFFQG240123090033054,ULS,USED,2023-10-15,2023-10-23,,울산/엠지엘
SFFQG240123090033100,ULS,USED,2023-10-15,2023-11-21,,울산/엠지엘
SFFQG240123090033114,ULS,USED,2023-10-15,2023-12-07,,울산/엠지엘
SFFQG240123090033019,ULS,USED,2023-10-15,2023-11-17,,울산/엠지엘
SFFQG240123090033026,ULS,USED,2023-10-15,2023-10-31,,울산/엠지엘
SFFQG240123090033069,ULS,USED,2023-10-15,2023-11-15,,울산/엠지엘
SFFQG240123090033071,ULS,USED,2023-10-15,2023-11-06,,울산/엠지엘
SFFQG240123090033003,ULS,USED,2023-10-15,2023-10-23,,울산/엠지엘
SFFQG240123090033102,ULS,USED,2023-10-15,2023-10-20,,울산/엠지엘
SFFQG240123090033107,ULS,USED,2023-10-15,2023-11-07,,울산/엠지엘
SFFQG240123090033012,ULS,USED,2023-10-15,2023-11-21,,울산/엠지엘
SFFQG240123090033147,ULS,USED,2023-10-15,2023-11-28,,울산/엠지엘
SFFQG240123090033010,ULS,USED,2023-10-15,2023-10-20,,울산/엠지엘
SFFQG240123090033025,ULS,USED,2023-10-15,2023-10-31,,울산/엠지엘
SFFQG240123090033031,ULS,USED,2023-10-15,2023-11-01,,울산/엠지엘
SFFQG240123090033154,ULS,USED,2023-10-15,2023-10-27,,울산/엠지엘
SFFQG240123090033002,ULS,USED,2023-10-15,2023-10-15,,울산/엠지엘
SFFQG240123090033037,ULS,USED,2023-10-15,2023-10-25,,울산/엠지엘
SFFQG240123090033116,ULS,USED,2023-10-15,2023-11-28,,울산/엠지엘
SFFQG220123090034005,ULS,USED,2023-10-15,2023-12-07,,울산/엠지엘
SFFQG220123090034007,ULS,USED,2023-10-15,2023-12-07,,울산/엠지엘
SFFQG240123090033117,ULS,USED,2023-10-15,2023-11-16,,울산/엠지엘
SFFQG240123090033129,ULS,USED,2023-10-15,2023-10-31,,울산/엠지엘
SFFQG240123090033130,ULS,USED,2023-10-15,2023-10-24,,울산/엠지엘
SFFQG240123090033131,ULS,USED,2023-10-15,2023-10-30,,울산/엠지엘
SFFQG240123090033132,ULS,USED,2023-10-15,2023-10-30,,울산/엠지엘
SFFQG240123090033134,ULS,USED,2023-10-15,2023-10-27,,울산/엠지엘
SFFQG240123090033135,ULS,USED,2023-10-15,2023-11-29,,울산/엠지엘
SFFQG240123090033063,ULS,USED,2023-10-15,2023-11-15,,울산/엠지엘
SFFQG240123090033092,ULS,USED,2023-10-15,2023-11-23,,울산/엠지엘
SFFQG240123090033139,ULS,USED,2023-10-15,2023-10-26,,울산/엠지엘
SFFQG240123090033141,ULS,USED,2023-10-15,2023-10-26,,울산/엠지엘
SFFQG240123090033152,ULS,USED,2023-10-15,2023-10-31,,울산/엠지엘
SFFQG240123090033072,ULS,USED,2023-10-15,2023-10-31,,울산/엠지엘
SFFQG240123090033091,ULS,USED,2023-10-15,2023-11-23,,울산/엠지엘
SFFQG240123090033021,ULS,USED,2023-10-15,2023-11-17,,울산/엠지엘
SFFQG240123090033022,ULS,USED,2023-10-15,2023-11-17,,울산/엠지엘
SFFQG240123090033023,ULS,USED,2023-10-15,2023-11-07,,울산/엠지엘
SFFQG240123090033027,ULS,USED,2023-10-15,2023-11-07,,울산/엠지엘
SFFQG240123090033028,ULS,USED,2023-10-15,2023-11-07,,울산/엠지엘
SFFQG240123090033033,ULS,USED,2023-10-15,2023-11-01,,울산/엠지엘
SFFQG240123090033136,ULS,USED,2023-10-15,2023-10-26,,울산/엠지엘
SFFQG240123080081031,ULS,USED,2023-09-14,2023-10-17,,울산/엠지엘
SFFQG240123080081032,ULS,USED,2023-09-14,2023-10-17,,울산/엠지엘
SFFQG240123080081036,ULS,USED,2023-09-14,2023-10-17,,울산/엠지엘
SFFQG240123080081046,ULS,USED,2023-09-14,2023-10-17,,울산/엠지엘
SFFQG240123080081153,ULS,USED,2023-09-14,2023-09-27,,울산/엠지엘
SFFQG240123080081159,ULS,USED,2023-09-14,2023-09-27,,울산/엠지엘
SFFQG240123080081096,ULS,USED,2023-09-14,2023-10-18,,울산/엠지엘
SFFQG240123080081098,ULS,USED,2023-09-14,2023-10-19,,울산/엠지엘
SFFQG240123080081099,ULS,USED,2023-09-14,2023-09-22,,울산/엠지엘
SFFQG240123080081114,ULS,USED,2023-09-14,2023-10-11,,울산/엠지엘
SFFQG240123080081122,ULS,USED,2023-09-14,2023-09-27,,울산/엠지엘
SFFQG240123080081123,ULS,USED,2023-09-14,2023-09-26,,울산/엠지엘
SFFQG240123080081131,ULS,USED,2023-09-14,2023-09-22,,울산/엠지엘
SFFQG240123080081135,ULS,USED,2023-09-14,2023-09-26,,울산/엠지엘
SFFQG240123080081011,ULS,USED,2023-09-14,2023-10-16,,울산/엠지엘
SFFQG240123080081029,ULS,USED,2023-09-14,2023-09-27,,울산/엠지엘
SFFQG240123080081033,ULS,USED,2023-09-14,2023-10-17,,울산/엠지엘
SFFQG240123080081086,ULS,USED,2023-09-14,2023-09-20,,울산/엠지엘
SFFQG240123080081077,ULS,USED,2023-09-14,2023-10-12,,울산/엠지엘
SFFQG240123080081087,ULS,USED,2023-09-14,2023-09-20,,울산/엠지엘
SFFQG240123080081089,ULS,USED,2023-09-14,2023-09-20,,울산/엠지엘
SFFQG240123080081101,ULS,USED,2023-09-14,2023-10-04,,울산/엠지엘
SFFQG240123080081108,ULS,USED,2023-09-14,2023-09-25,,울산/엠지엘
SFFQG240123080081002,ULS,USED,2023-09-14,2023-10-17,,울산/엠지엘
SFFQG240123080081149,ULS,USED,2023-09-14,2023-09-21,,울산/엠지엘
SFFQG240123080081154,ULS,USED,2023-09-14,2023-09-27,,울산/엠지엘
SFFQG240123080081155,ULS,USED,2023-09-14,2023-09-14,,울산/엠지엘
SFFQG240123080081021,ULS,USED,2023-09-14,2023-10-04,,울산/엠지엘
SFFQG240123080081137,ULS,USED,2023-09-14,2023-09-20,,울산/엠지엘
SFFQG240123080081138,ULS,USED,2023-09-14,2023-09-20,,울산/엠지엘
SFFQG240123080081005,ULS,USED,2023-09-14,2023-10-16,,울산/엠지엘
SFFQG240123080081055,ULS,USED,2023-09-14,2023-09-21,,울산/엠지엘
SFFQG240123080081056,ULS,USED,2023-09-14,2023-09-21,,울산/엠지엘
SFFQG240123080081066,ULS,USED,2023-09-14,2023-09-14,,울산/엠지엘
SFFQG240123080081067,ULS,USED,2023-09-14,2023-09-22,,울산/엠지엘
SFFQG240123080081069,ULS,USED,2023-09-14,2023-09-22,,울산/엠지엘
SFFQG240123080081009,ULS,USED,2023-09-14,2023-10-16,,울산/엠지엘
SFFQG240123080081053,ULS,USED,2023-09-14,2023-09-21,,울산/엠지엘
SFFQG240123080081068,ULS,USED,2023-09-14,2023-09-22,,울산/엠지엘
SFFQG240123080081160,ULS,USED,2023-09-14,2023-09-21,,울산/엠지엘
SFFQG240123090033066,ULS,USED,2023-10-15,2023-11-15,,울산/엠지엘
SFFQG240123090033048,ULS,USED,2023-10-15,2023-11-27,,울산/엠지엘
SFFQG240123090033073,ULS,USED,2023-10-15,2023-10-31,,울산/엠지엘
SFFQG240123090033074,ULS,USED,2023-10-15,2023-10-31,,울산/엠지엘
SFFQG240123090033077,ULS,USED,2023-10-15,2023-11-01,,울산/엠지엘
SFFQG240123090033078,ULS,USED,2023-10-15,2023-11-01,,울산/엠지엘
SFFQG240123090033051,ULS,USED,2023-10-15,2023-10-31,,울산/엠지엘
SFFQG240123090033094,ULS,USED,2023-10-15,2023-11-23,,울산/엠지엘
SFFQG220123090034004,ULS,USED,2023-10-15,2023-12-07,,울산/엠지엘
SFFQG240123090033001,ULS,USED,2023-10-15,2023-10-24,,울산/엠지엘
SFFQG240123090033103,ULS,USED,2023-10-15,2023-11-21,,울산/엠지엘
SFFQG240123090033105,ULS,USED,2023-10-15,2023-10-20,,울산/엠지엘
SFFQG240123090033106,ULS,USED,2023-10-15,2023-11-23,,울산/엠지엘
SFFQG240123090033032,ULS,USED,2023-10-15,2023-11-01,,울산/엠지엘
SFFQG240123090033035,ULS,USED,2023-10-15,2023-10-24,,울산/엠지엘
SFFQG240123090033056,ULS,USED,2023-10-15,2023-10-20,,울산/엠지엘
SFFQG240123090033013,ULS,USED,2023-10-15,2023-11-21,,울산/엠지엘
SFFQG240123090033014,ULS,USED,2023-10-15,2023-11-21,,울산/엠지엘
SFFQG240123090033018,ULS,USED,2023-10-15,2023-11-21,,울산/엠지엘
SFFQG240123090033126,ULS,USED,2023-10-15,2023-10-24,,울산/엠지엘
SFFQG240123090033017,ULS,USED,2023-10-15,2023-11-21,,울산/엠지엘
SFFQG240123090033041,ULS,USED,2023-10-15,2023-11-27,,울산/엠지엘
SFFQG240123090033042,ULS,USED,2023-10-15,2023-11-27,,울산/엠지엘
SFFQG240123090033047,ULS,USED,2023-10-15,2023-11-27,,울산/엠지엘
SFFQG240123080081014,ULS,USED,2023-09-14,2023-10-04,,울산/엠지엘
SFFQG240123080081121,ULS,USED,2023-09-14,2023-09-27,,울산/엠지엘
SFFQG240123080081125,ULS,USED,2023-09-14,2023-10-10,,울산/엠지엘
SFFQG240123080081127,ULS,USED,2023-09-14,2023-09-25,,울산/엠지엘
SFFQG240123080081136,ULS,USED,2023-09-14,2023-10-11,,울산/엠지엘
SFFQG240123080081145,ULS,USED,2023-09-14,2023-09-21,,울산/엠지엘
SFFQG240123080081130,ULS,USED,2023-09-14,2023-09-14,,울산/엠지엘
SFFQG240123080081151,ULS,USED,2023-09-14,2023-09-26,,울산/엠지엘
SFFQG240123080081118,ULS,USED,2023-09-14,2023-10-11,,울산/엠지엘
SFFQG240123080081120,ULS,USED,2023-09-14,2023-10-11,,울산/엠지엘
SFFQG240123080081124,ULS,USED,2023-09-14,2023-09-26,,울산/엠지엘
SFFQG240123080081129,ULS,USED,2023-09-14,2023-09-26,,울산/엠지엘
SFFQG240123080081140,ULS,USED,2023-09-14,2023-09-26,,울산/엠지엘
SFFQG240123080081143,ULS,USED,2023-09-14,2023-09-21,,울산/엠지엘
SFFQG240123080081162,ULS,USED,2023-09-14,2023-09-21,,울산/엠지엘
SFFQG240123080081163,ULS,USED,2023-09-14,2023-09-21,,울산/엠지엘
SFFQG240123080081106,ULS,USED,2023-09-14,2023-09-25,,울산/엠지엘
SFFQG240123080081141,ULS,USED,2023-09-14,2023-09-27,,울산/엠지엘
SFFQG240123080081104,ULS,USED,2023-09-14,2023-09-26,,울산/엠지엘
SFFQG240123080081107,ULS,USED,2023-09-14,2023-09-25,,울산/엠지엘
SFFQG240123080081111,ULS,USED,2023-09-14,2023-10-11,,울산/엠지엘
SFFQG240123080081164,ULS,USED,2023-09-14,2023-09-26,,울산/엠지엘
SFFQG240123080081065,ULS,USED,2023-09-14,2023-09-22,,울산/엠지엘
SFFQG240123080081157,ULS,USED,2023-09-14,2023-09-21,,울산/엠지엘
SFFQG240123080081040,ULS,USED,2023-09-14,2023-10-17,,울산/엠지엘
SFFQG240123080081048,ULS,USED,2023-09-14,2023-10-17,,울산/엠지엘
SFFQG240123080081017,ULS,USED,2023-09-14,2023-10-06,,울산/엠지엘
SFFQG240123080081076,ULS,USED,2023-09-14,2023-10-12,,울산/엠지엘
SFFQG240123080081015,ULS,USED,2023-09-14,2023-10-05,,울산/엠지엘
SFFQG240123080081080,ULS,USED,2023-09-14,2023-10-12,,울산/엠지엘
SFFQG240123080081081,ULS,USED,2023-09-14,2023-09-21,,울산/엠지엘
SFFQG240123080081020,ULS,USED,2023-09-14,2023-09-27,,울산/엠지엘
SFFQG240123080081030,ULS,USED,2023-09-14,2023-10-10,,울산/엠지엘
SFFQG240123080081092,ULS,USED,2023-09-14,2023-10-18,,울산/엠지엘
SFFQG240123080081100,ULS,USED,2023-09-14,2023-10-18,,울산/엠지엘
SFFQG240123080081112,ULS,USED,2023-09-14,2023-10-11,,울산/엠지엘
SFFQG240123080081039,ULS,USED,2023-09-14,2023-10-17,,울산/엠지엘
SFFQG240123080081034,ULS,USED,2023-09-14,2023-10-17,,울산/엠지엘
SFFQG240123080081041,ULS,USED,2023-09-14,2023-10-17,,울산/엠지엘
SFFQG240123080081051,ULS,USED,2023-09-14,2023-09-21,,울산/엠지엘
SFFQG240123080081019,ULS,USED,2023-09-14,2023-10-10,,울산/엠지엘
SFFQG240123080081049,ULS,USED,2023-09-14,2023-10-17,,울산/엠지엘
SFFQG240123080081054,ULS,USED,2023-09-14,2023-09-21,,울산/엠지엘
SFFQG240123080081057,ULS,USED,2023-09-14,2023-09-21,,울산/엠지엘
SFFQG240123080081062,ULS,USED,2023-09-14,2023-09-22,,울산/엠지엘
SFFQG240123080081064,ULS,USED,2023-09-14,2023-09-22,,울산/엠지엘
SFFQG240123080081012,ULS,USED,2023-09-14,2023-10-16,,울산/엠지엘
SFFQG240123080081028,ULS,USED,2023-09-14,2023-09-27,,울산/엠지엘
SFFQG240123080081038,ULS,USED,2023-09-14,2023-10-17,,울산/엠지엘
SFFQG240123080081063,ULS,USED,2023-09-14,2023-09-22,,울산/엠지엘
SFFQG240123080081071,ULS,USED,2023-09-14,2023-10-18,,울산/엠지엘
SFFQG240123080081134,ULS,USED,2023-09-14,2023-09-22,,울산/엠지엘
SFFQG240123080081142,ULS,USED,2023-09-14,2023-09-21,,울산/엠지엘
SFFQG240123080081165,ULS,USED,2023-09-14,2023-09-27,,울산/엠지엘
SFFQG240123080081146,ULS,USED,2023-09-14,2023-09-20,,울산/엠지엘
SFFQG240123080081148,ULS,USED,2023-09-14,2023-09-21,,울산/엠지엘
SFFQG240123080081097,ULS,USED,2023-09-14,2023-10-19,,울산/엠지엘
SFFQG240123080081024,ULS,USED,2023-09-14,2023-10-04,,울산/엠지엘
SFFQG240123080081025,ULS,USED,2023-09-14,2023-10-10,,울산/엠지엘
SFFQG240123080081042,ULS,USED,2023-09-14,2023-10-17,,울산/엠지엘
SFFQG240123080081132,ULS,USED,2023-09-14,2023-09-21,,울산/엠지엘
SFFQG240123080081133,ULS,USED,2023-09-14,2023-09-22,,울산/엠지엘
SFFQG240123080081144,ULS,USED,2023-09-14,2023-09-21,,울산/엠지엘
SFFQG240123080081147,ULS,USED,2023-09-14,2023-09-21,,울산/엠지엘
SFFQG240123080057095,ULS,USED,2023-09-05,2023-11-08,,울산/엠지엘
SFFQG240123080057104,ULS,USED,2023-09-05,2023-09-13,,울산/엠지엘
SFFQG240123080057041,ULS,USED,2023-09-05,2023-10-31,,울산/엠지엘
SFFQG240123080081084,ULS,USED,2023-09-14,2023-09-20,,울산/엠지엘
SFFQG240123080081116,ULS,USED,2023-09-14,2023-10-11,,울산/엠지엘
SFFQG240123080081006,ULS,USED,2023-09-14,2023-10-10,,울산/엠지엘
SFFQG240123080081078,ULS,USED,2023-09-14,2023-10-12,,울산/엠지엘
SFFQG240123080081085,ULS,USED,2023-09-14,2023-09-20,,울산/엠지엘
SFFQG240123080081091,ULS,USED,2023-09-14,2023-10-18,,울산/엠지엘
SFFQG240123080081094,ULS,USED,2023-09-14,2023-10-19,,울산/엠지엘
SFFQG240123080081095,ULS,USED,2023-09-14,2023-10-19,,울산/엠지엘
SFFQG240123080081037,ULS,USED,2023-09-14,2023-10-17,,울산/엠지엘
SFFQG240123080081045,ULS,USED,2023-09-14,2023-10-17,,울산/엠지엘
SFFQG240123080081016,ULS,USED,2023-09-14,2023-10-05,,울산/엠지엘
SFFQG240123080081022,ULS,USED,2023-09-14,2023-10-04,,울산/엠지엘
SFFQG240123080081103,ULS,USED,2023-09-14,2023-09-25,,울산/엠지엘
SFFQG240123080081110,ULS,USED,2023-09-14,2023-09-25,,울산/엠지엘
SFFQG240123080081115,ULS,USED,2023-09-14,2023-10-11,,울산/엠지엘
SFFQG240123080081117,ULS,USED,2023-09-14,2023-10-11,,울산/엠지엘
SFFQG240123080081075,ULS,USED,2023-09-14,2023-10-12,,울산/엠지엘
SFFQG240123080081093,ULS,USED,2023-09-14,2023-10-18,,울산/엠지엘
SFFQG240123080081004,ULS,USED,2023-09-14,2023-10-16,,울산/엠지엘
SFFQG240123080081082,ULS,USED,2023-09-14,2023-09-27,,울산/엠지엘
SFFQG240123080081043,ULS,USED,2023-09-14,2023-10-17,,울산/엠지엘
SFFQG240123080081044,ULS,USED,2023-09-14,2023-10-17,,울산/엠지엘
SFFQG240123080081088,ULS,USED,2023-09-14,2023-09-20,,울산/엠지엘
SFFQG240123080081083,ULS,USED,2023-09-14,2023-09-20,,울산/엠지엘
SFFQG240123080081050,ULS,USED,2023-09-14,2023-10-17,,울산/엠지엘
SFFQG240123080081102,ULS,USED,2023-09-14,2023-10-16,,울산/엠지엘
SFFQG240123080081035,ULS,USED,2023-09-14,2023-10-17,,울산/엠지엘
SFFQG240123080081059,ULS,USED,2023-09-14,2023-09-21,,울산/엠지엘
SFFQG240123080081139,ULS,USED,2023-09-14,2023-09-26,,울산/엠지엘
SFFQG240123080081001,ULS,USED,2023-09-14,2023-10-17,,울산/엠지엘
SFFQG240123080081003,ULS,USED,2023-09-14,2023-10-16,,울산/엠지엘
SFFQG240123080081008,ULS,USED,2023-09-14,2023-10-16,,울산/엠지엘
SFFQG240123080081052,ULS,USED,2023-09-14,2023-09-21,,울산/엠지엘
SFFQG240123080081013,ULS,USED,2023-09-14,2023-10-05,,울산/엠지엘
SFFQG240123080081018,ULS,USED,2023-09-14,2023-10-05,,울산/엠지엘
SFFQG240123080081023,ULS,USED,2023-09-14,2023-09-27,,울산/엠지엘
SFFQG240123080081152,ULS,USED,2023-09-14,2023-09-26,,울산/엠지엘
SFFQG240123080081158,ULS,USED,2023-09-14,2023-09-26,,울산/엠지엘
SFFQG240123080081161,ULS,USED,2023-09-14,2023-09-21,,울산/엠지엘
SFFQG240123080081105,ULS,USED,2023-09-14,2023-09-25,,울산/엠지엘
SFFQG240123080081126,ULS,USED,2023-09-14,2023-10-11,,울산/엠지엘
SFFQG240123080081128,ULS,USED,2023-09-14,2023-09-25,,울산/엠지엘
SFFQG240123080081156,ULS,USED,2023-09-14,2023-09-27,,울산/엠지엘
SFFQG240123080081073,ULS,USED,2023-09-14,2023-10-19,,울산/엠지엘
SFFQG240123080081150,ULS,USED,2023-09-14,2023-09-21,,울산/엠지엘
SFFQG240123080081079,ULS,USED,2023-09-14,2023-10-12,,울산/엠지엘
SFFQG240123080081090,ULS,USED,2023-09-14,2023-09-20,,울산/엠지엘
SFFQG240123080081007,ULS,USED,2023-09-14,2023-10-10,,울산/엠지엘
SFFQG240123080081010,ULS,USED,2023-09-14,2023-10-16,,울산/엠지엘
SFFQG240123080081026,ULS,USED,2023-09-14,2023-10-05,,울산/엠지엘
SFFQG240123080081027,ULS,USED,2023-09-14,2023-09-27,,울산/엠지엘
SFFQG240123080081072,ULS,USED,2023-09-14,2023-10-18,,울산/엠지엘
SFFQG240123080081047,ULS,USED,2023-09-14,2023-10-17,,울산/엠지엘
SFFQG240123080081060,ULS,USED,2023-09-14,2023-09-14,,울산/엠지엘
SFFQG240123080081061,ULS,USED,2023-09-14,2023-09-22,,울산/엠지엘
SFFQG240123080081074,ULS,USED,2023-09-14,2023-10-12,,울산/엠지엘
SFFQG240123080081058,ULS,USED,2023-09-14,2023-09-21,,울산/엠지엘
SFFQG240123080081070,ULS,USED,2023-09-14,2023-09-22,,울산/엠지엘
SFFQG240123080081109,ULS,USED,2023-09-14,2023-09-25,,울산/엠지엘
SFFQG240123080081113,ULS,USED,2023-09-14,2023-10-11,,울산/엠지엘
SFFQG240123080081119,ULS,USED,2023-09-14,2023-10-11,,울산/엠지엘
SFFQG240123080057068,ULS,USED,2023-09-05,2023-09-19,,울산/엠지엘
SFFQG240123080057069,ULS,USED,2023-09-05,2023-09-19,,울산/엠지엘
SFFQG240123080057107,ULS,USED,2023-09-05,2023-09-12,,울산/엠지엘
SFFQG240123080057108,ULS,USED,2023-09-05,2023-09-12,,울산/엠지엘
SFFQG240123080057117,ULS,USED,2023-09-05,2023-10-24,,울산/엠지엘
SFFQG240123080057129,ULS,USED,2023-09-05,2023-09-08,,울산/엠지엘
SFFQG240123080057027,ULS,USED,2023-09-05,2023-11-15,,울산/엠지엘
SFFQG240123080057021,ULS,USED,2023-09-05,2023-11-15,,울산/엠지엘
SFFQG240123080057035,ULS,USED,2023-09-05,2023-11-10,,울산/엠지엘
SFFQG240123080057038,ULS,USED,2023-09-05,2023-11-09,,울산/엠지엘
SFFQG240123080057070,ULS,USED,2023-09-05,2023-09-19,,울산/엠지엘
SFFQG240123080057111,ULS,USED,2023-09-05,2023-10-24,,울산/엠지엘
SFFQG240123080057112,ULS,USED,2023-09-05,2023-10-24,,울산/엠지엘
SFFQG240123080057113,ULS,USED,2023-09-05,2023-10-23,,울산/엠지엘
SFFQG240123080057115,ULS,USED,2023-09-05,2023-10-23,,울산/엠지엘
SFFQG240123080057125,ULS,USED,2023-09-05,2023-09-11,,울산/엠지엘
SFFQG240123080057130,ULS,USED,2023-09-05,2023-09-05,,울산/엠지엘
SFFQG240123080057132,ULS,USED,2023-09-05,2023-11-15,,울산/엠지엘
SFFQG240123080057140,ULS,USED,2023-09-05,2023-11-14,,울산/엠지엘
SFFQG240123080057011,ULS,USED,2023-09-05,2023-10-31,,울산/엠지엘
SFFQG240123080057054,ULS,USED,2023-09-05,2023-09-14,,울산/엠지엘
SFFQG240123080057067,ULS,USED,2023-09-05,2023-09-19,,울산/엠지엘
SFFQG240123080057010,ULS,USED,2023-09-05,2023-09-18,,울산/엠지엘
SFFQG240123080057102,ULS,USED,2023-09-05,2023-09-13,,울산/엠지엘
SFFQG240123080057101,ULS,USED,2023-09-05,2023-09-05,,울산/엠지엘
SFFQG240123080057122,ULS,USED,2023-09-05,2023-09-12,,울산/엠지엘
SFFQG240123080057123,ULS,USED,2023-09-05,2023-09-11,,울산/엠지엘
SFFQG240123080057127,ULS,USED,2023-09-05,2023-09-11,,울산/엠지엘
SFFQG240123080057128,ULS,USED,2023-09-05,2023-09-05,,울산/엠지엘
SFFQG240123080057134,ULS,USED,2023-09-05,2023-11-15,,울산/엠지엘
SFFQG240123080057138,ULS,USED,2023-09-05,2023-11-15,,울산/엠지엘
SFFQG240123080057029,ULS,USED,2023-09-05,2023-11-14,,울산/엠지엘
SFFQG240123080057030,ULS,USED,2023-09-05,2023-11-15,,울산/엠지엘
SFFQG240123080057121,ULS,USED,2023-09-05,2023-09-11,,울산/엠지엘
SFFQG240123080057139,ULS,USED,2023-09-05,2023-11-14,,울산/엠지엘
SFFQG240123080057032,ULS,USED,2023-09-05,2023-11-10,,울산/엠지엘
SFFQG240123080057037,ULS,USED,2023-09-05,2023-11-10,,울산/엠지엘
SFFQG240123080057047,ULS,USED,2023-09-05,2023-09-20,,울산/엠지엘
SFFQG240123080057055,ULS,USED,2023-09-05,2023-09-13,,울산/엠지엘
SFFQG240123080057056,ULS,USED,2023-09-05,2023-09-13,,울산/엠지엘
SFFQG240123080057049,ULS,USED,2023-09-05,2023-09-20,,울산/엠지엘
SFFQG240123080057050,ULS,USED,2023-09-05,2023-09-20,,울산/엠지엘
SFFQG240123080057057,ULS,USED,2023-09-05,2023-09-13,,울산/엠지엘
SFFQG240123080057090,ULS,USED,2023-09-05,2023-10-20,,울산/엠지엘
SFFQG240123080057058,ULS,USED,2023-09-05,2023-09-13,,울산/엠지엘
SFFQG240123080057062,ULS,USED,2023-09-05,2023-09-19,,울산/엠지엘
SFFQG240123080057076,ULS,USED,2023-09-05,2023-09-12,,울산/엠지엘
SFFQG240123080057003,ULS,USED,2023-09-05,2023-09-19,,울산/엠지엘
SFFQG240123080057014,ULS,USED,2023-09-05,2023-09-20,,울산/엠지엘
SFFQG240123080057015,ULS,USED,2023-09-05,2023-09-05,,울산/엠지엘
SFFQG240123080057043,ULS,USED,2023-09-05,2023-10-31,,울산/엠지엘
SFFQG240123080057044,ULS,USED,2023-09-05,2023-10-31,,울산/엠지엘
SFFQG240123080057022,ULS,USED,2023-09-05,2023-11-15,,울산/엠지엘
SFFQG240123080057023,ULS,USED,2023-09-05,2023-11-15,,울산/엠지엘
SFFQG240123080057046,ULS,USED,2023-09-05,2023-10-30,,울산/엠지엘
SFFQG240123080057081,ULS,USED,2023-09-05,2023-10-20,,울산/엠지엘
SFFQG240123080057017,ULS,USED,2023-09-05,2023-11-15,,울산/엠지엘
SFFQG240123080057025,ULS,USED,2023-09-05,2023-11-15,,울산/엠지엘
SFFQG240123080057084,ULS,USED,2023-09-05,2023-10-19,,울산/엠지엘
SFFQG240123080057085,ULS,USED,2023-09-05,2023-10-20,,울산/엠지엘
SFFQG240123080057087,ULS,USED,2023-09-05,2023-10-20,,울산/엠지엘
SFFQG240123080057091,ULS,USED,2023-09-05,2023-11-08,,울산/엠지엘
SFFQG240123080057092,ULS,USED,2023-09-05,2023-11-10,,울산/엠지엘
SFFQG240123080057093,ULS,USED,2023-09-05,2023-11-08,,울산/엠지엘
SFFQG240123080057077,ULS,USED,2023-09-05,2023-09-19,,울산/엠지엘
SFFQG240123080057080,ULS,USED,2023-09-05,2023-09-05,,울산/엠지엘
SFFQG240123080057053,ULS,USED,2023-09-05,2023-09-05,,울산/엠지엘
SFFQG240123080057088,ULS,USED,2023-09-05,2023-10-20,,울산/엠지엘
SFFQG240123080057096,ULS,USED,2023-09-05,2023-11-08,,울산/엠지엘
SFFQG240123080057097,ULS,USED,2023-09-05,2023-11-08,,울산/엠지엘
SFFQG240123080057036,ULS,USED,2023-09-05,2023-11-10,,울산/엠지엘
SFFQG240123080057045,ULS,USED,2023-09-05,2023-10-31,,울산/엠지엘
SFFQG240123080057028,ULS,USED,2023-09-05,2023-11-15,,울산/엠지엘
SFFQG240123080057052,ULS,USED,2023-09-05,2023-09-14,,울산/엠지엘
SFFQG240123080057060,ULS,USED,2023-09-05,2023-09-13,,울산/엠지엘
SFFQG240123080057009,ULS,USED,2023-09-05,2023-09-18,,울산/엠지엘
SFFQG240123080057063,ULS,USED,2023-09-05,2023-09-19,,울산/엠지엘
SFFQG240123080057065,ULS,USED,2023-09-05,2023-09-19,,울산/엠지엘
SFFQG240123080057039,ULS,USED,2023-09-05,2023-11-09,,울산/엠지엘
SFFQG240123080057040,ULS,USED,2023-09-05,2023-11-09,,울산/엠지엘
SFFQG240123080057066,ULS,USED,2023-09-05,2023-09-19,,울산/엠지엘
SFFQG240123080057082,ULS,USED,2023-09-05,2023-10-20,,울산/엠지엘
SFFQG240123080057078,ULS,USED,2023-09-05,2023-09-19,,울산/엠지엘
SFFQG240123080057018,ULS,USED,2023-09-05,2023-11-15,,울산/엠지엘
SFFQG240123080057114,ULS,USED,2023-09-05,2023-10-23,,울산/엠지엘
SFFQG240123080057116,ULS,USED,2023-09-05,2023-10-23,,울산/엠지엘
SFFQG240123080057118,ULS,USED,2023-09-05,2023-10-24,,울산/엠지엘
SFFQG240123080057119,ULS,USED,2023-09-05,2023-10-24,,울산/엠지엘
SFFQG240123080057120,ULS,USED,2023-09-05,2023-10-24,,울산/엠지엘
SFFQG240123080057124,ULS,USED,2023-09-05,2023-09-11,,울산/엠지엘
SFFQG240123080057126,ULS,USED,2023-09-05,2023-09-11,,울산/엠지엘
SFFQG240123080057131,ULS,USED,2023-09-05,2023-11-15,,울산/엠지엘
SFFQG240123080057137,ULS,USED,2023-09-05,2023-11-14,,울산/엠지엘
SFFQG240123080057141,ULS,USED,2023-09-05,2023-11-14,,울산/엠지엘
SFFQG240123080057133,ULS,USED,2023-09-05,2023-11-15,,울산/엠지엘
SFFQG240123080057135,ULS,USED,2023-09-05,2023-11-15,,울산/엠지엘
SFFQG240123080057142,ULS,USED,2023-09-05,2023-11-10,,울산/엠지엘
SFFQG240123080057031,ULS,USED,2023-09-05,2023-11-10,,울산/엠지엘
SFFQG240123080057061,ULS,USED,2023-09-05,2023-09-19,,울산/엠지엘
SFFQG240123080057064,ULS,USED,2023-09-05,2023-09-19,,울산/엠지엘
SFFQG240123080057051,ULS,USED,2023-09-05,2023-09-14,,울산/엠지엘
SFFQG240123080057074,ULS,USED,2023-09-05,2023-09-13,,울산/엠지엘
SFFQG240123080057079,ULS,USED,2023-09-05,2023-09-05,,울산/엠지엘
SFFQG240123080057083,ULS,USED,2023-09-05,2023-10-20,,울산/엠지엘
SFFQG240123080057013,ULS,USED,2023-09-05,2023-09-19,,울산/엠지엘
SFFQG240123080057136,ULS,USED,2023-09-05,2023-11-15,,울산/엠지엘
SFFQG240123080057008,ULS,USED,2023-09-05,2023-09-18,,울산/엠지엘
SFFQG240123080057059,ULS,USED,2023-09-05,2023-09-13,,울산/엠지엘
SFFQG240123080057109,ULS,USED,2023-09-05,2023-09-12,,울산/엠지엘
SFFQG240123080057016,ULS,USED,2023-09-05,2023-09-08,,울산/엠지엘
SFFQG240123080057026,ULS,USED,2023-09-05,2023-11-15,,울산/엠지엘
SFFQG240123080057019,ULS,USED,2023-09-05,2023-11-09,,울산/엠지엘
SFFQG240123080057071,ULS,USED,2023-09-05,2023-10-24,,울산/엠지엘
SFFQG240123080057072,ULS,USED,2023-09-05,2023-10-24,,울산/엠지엘
SFFQG240123080057098,ULS,USED,2023-09-05,2023-10-31,,울산/엠지엘
SFFQG240123080057099,ULS,USED,2023-09-05,2023-10-31,,울산/엠지엘
SFFQG240123080057007,ULS,USED,2023-09-05,2023-09-18,,울산/엠지엘
SFFQG240123080057042,ULS,USED,2023-09-05,2023-10-31,,울산/엠지엘
SFFQG240123080057048,ULS,USED,2023-09-05,2023-09-20,,울산/엠지엘
SFFQG240123080057105,ULS,USED,2023-09-05,2023-09-12,,울산/엠지엘
SFFQG240123080057086,ULS,USED,2023-09-05,2023-10-20,,울산/엠지엘
SFFQG240123080057089,ULS,USED,2023-09-05,2023-10-20,,울산/엠지엘
SFFQG240123080057001,ULS,USED,2023-09-05,2023-09-14,,울산/엠지엘
SFFQG240123080057012,ULS,USED,2023-09-05,2023-10-31,,울산/엠지엘
SFFQG240123080057002,ULS,USED,2023-09-05,2023-09-14,,울산/엠지엘
SFFQG240123080057110,ULS,USED,2023-09-05,2023-09-12,,울산/엠지엘
SFFQG240123080057020,ULS,USED,2023-09-05,2023-11-09,,울산/엠지엘
SFFQG240123080057006,ULS,USED,2023-09-05,2023-09-14,,울산/엠지엘
SFFQG240123070049037,ULS,USED,2023-08-22,2023-08-31,,울산/엠지엘
SFFQG240123070049050,ULS,USED,2023-08-22,2023-10-31,,울산/엠지엘
SFFQG240123070049047,ULS,USED,2023-08-22,2023-10-31,,울산/엠지엘
SFFQG240123070049002,ULS,USED,2023-08-22,2023-08-29,,울산/엠지엘
SFFQG240123070049003,ULS,USED,2023-08-22,2023-08-29,,울산/엠지엘
SFFQG240123070049034,ULS,USED,2023-08-22,2023-08-31,,울산/엠지엘
SFFQG240123070049054,ULS,USED,2023-08-22,2023-09-02,,울산/엠지엘
SFFQG240123070049022,ULS,USED,2023-08-22,2023-09-02,,울산/엠지엘
SFFQG240123070049038,ULS,USED,2023-08-22,2023-08-31,,울산/엠지엘
SFFQG240123070049041,ULS,USED,2023-08-22,2023-08-22,,울산/엠지엘
SFFQG240123070049049,ULS,USED,2023-08-22,2023-10-31,,울산/엠지엘
SFFQG240123070049051,ULS,USED,2023-08-22,2023-10-25,,울산/엠지엘
SFFQG240123070049027,ULS,USED,2023-08-22,2024-01-18,,울산/엠지엘
SFFQG240123070049031,ULS,USED,2023-08-22,2023-08-31,,울산/엠지엘
SFFQG240123070049010,ULS,USED,2023-08-22,2023-08-30,,울산/엠지엘
SFFQG240123070049012,ULS,USED,2023-08-22,2023-09-04,,울산/엠지엘
SFFQG240123070049009,ULS,USED,2023-08-22,2023-08-30,,울산/엠지엘
SFFQG240123070049030,ULS,USED,2023-08-22,2024-01-18,,울산/엠지엘
SFFQG240123070049016,ULS,USED,2023-08-22,2023-09-04,,울산/엠지엘
SFFQG240123070049019,ULS,USED,2023-08-22,2023-09-04,,울산/엠지엘
SFFQG240123070049021,ULS,USED,2023-08-22,2023-09-02,,울산/엠지엘
SFFQG240123070049025,ULS,USED,2023-08-22,2023-12-20,,울산/엠지엘
SFFQG240123070049032,ULS,USED,2023-08-22,2023-08-31,,울산/엠지엘
SFFQG240123070049005,ULS,USED,2023-08-22,2023-08-30,,울산/엠지엘
SFFQG240123070049024,ULS,USED,2023-08-22,2023-12-18,,울산/엠지엘
SFFQG240123070049015,ULS,USED,2023-08-22,2023-09-04,,울산/엠지엘
SFFQG240123070049018,ULS,USED,2023-08-22,2023-09-04,,울산/엠지엘
SFFQG240123070049008,ULS,USED,2023-08-22,2023-08-30,,울산/엠지엘
SFFQG240123070049006,ULS,USED,2023-08-22,2023-08-30,,울산/엠지엘
SFFQG240123070049026,ULS,USED,2023-08-22,2023-12-20,,울산/엠지엘
SFFQG240123070049048,ULS,USED,2023-08-22,2023-10-31,,울산/엠지엘
SFFQG240123070049013,ULS,USED,2023-08-22,2023-09-04,,울산/엠지엘
SFFQG240123070049033,ULS,USED,2023-08-22,2023-08-31,,울산/엠지엘
SFFQG240123070049001,ULS,USED,2023-08-22,2023-08-29,,울산/엠지엘
SFFQG240123070049007,ULS,USED,2023-08-22,2023-08-30,,울산/엠지엘
SFFQG240123070049011,ULS,USED,2023-08-22,2023-09-04,,울산/엠지엘
SFFQG240123070049014,ULS,USED,2023-08-22,2023-09-04,,울산/엠지엘
SFFQG240123070049017,ULS,USED,2023-08-22,2023-09-04,,울산/엠지엘
SFFQG240123070049056,ULS,USED,2023-08-22,2023-09-02,,울산/엠지엘
SFFQG240123070049039,ULS,USED,2023-08-22,2023-08-31,,울산/엠지엘
SFFQG240123070049044,ULS,USED,2023-08-22,2023-09-01,,울산/엠지엘
SFFQG240123070049004,ULS,USED,2023-08-22,2023-08-29,,울산/엠지엘
SFFQG240123070049035,ULS,USED,2023-08-22,2023-08-31,,울산/엠지엘
SFFQG240123070049040,ULS,USED,2023-08-22,2023-09-04,,울산/엠지엘
SFFQG240123070049042,ULS,USED,2023-08-22,2023-09-02,,울산/엠지엘
SFFQG240123070049036,ULS,USED,2023-08-22,2023-08-31,,울산/엠지엘
SFFQG240123070049059,ULS,USED,2023-08-22,2023-09-02,,울산/엠지엘
SFFQG240123070049052,ULS,USED,2023-08-22,2023-10-25,,울산/엠지엘
SFFQG240123070049053,ULS,USED,2023-08-22,2023-09-02,,울산/엠지엘
SFFQG240123070049055,ULS,USED,2023-08-22,2023-09-02,,울산/엠지엘
SFFQG240123070049057,ULS,USED,2023-08-22,2023-09-02,,울산/엠지엘
SFFQG240123070049058,ULS,USED,2023-08-22,2023-09-02,,울산/엠지엘
SFFQG240123070049060,ULS,USED,2023-08-22,2023-09-02,,울산/엠지엘
SFFQG240123080057094,ULS,USED,2023-09-05,2023-11-08,,울산/엠지엘
SFFQG240123080057100,ULS,USED,2023-09-05,2023-10-31,,울산/엠지엘
SFFQG240123080057033,ULS,USED,2023-09-05,2023-11-10,,울산/엠지엘
SFFQG240123080057034,ULS,USED,2023-09-05,2023-11-10,,울산/엠지엘
SFFQG240123080057073,ULS,USED,2023-09-05,2023-09-13,,울산/엠지엘
SFFQG240123080057103,ULS,USED,2023-09-05,2023-09-13,,울산/엠지엘
SFFQG240123080057106,ULS,USED,2023-09-05,2023-09-13,,울산/엠지엘
SFFQG240123080057005,ULS,USED,2023-09-05,2023-09-19,,울산/엠지엘
SFFQG240123080057024,ULS,USED,2023-09-05,2023-11-15,,울산/엠지엘
SFFQG240123080057004,ULS,USED,2023-09-05,2023-09-14,,울산/엠지엘
SFFQG240123080057075,ULS,USED,2023-09-05,2023-09-12,,울산/엠지엘
SFFQG240123030034010,PTK,USED,2023-04-13,2023-10-31,,평택/골드로직스
SFFQG240123030034019,PTK,USED,2023-04-13,2023-09-01,,평택/골드로직스
SFFQG240123030034056,PTK,USED,2023-04-13,2023-09-01,,평택/골드로직스
SFFQG240123030034009,PTK,USED,2023-04-13,2023-10-31,,평택/골드로직스
SFFQG240123060022106,ULS,USED,2023-06-30,2023-08-09,,울산/엠지엘
SFFQG240123060022121,ULS,USED,2023-06-30,2023-08-17,,울산/엠지엘
SFFQG240123060022050,ULS,USED,2023-06-30,2023-09-04,,울산/엠지엘
SFFQG240123060022105,ULS,USED,2023-06-30,2023-08-09,,울산/엠지엘
SFFQG240123060022040,ULS,USED,2023-06-30,2023-08-21,,울산/엠지엘
SFFQG240123060022047,ULS,USED,2023-06-30,2023-09-04,,울산/엠지엘
SFFQG240123060022016,ULS,USED,2023-06-30,2023-08-09,,울산/엠지엘
SFFQG240123060022091,ULS,USED,2023-06-30,2023-08-21,,울산/엠지엘
SFFQG240123060022165,ULS,USED,2023-06-30,2023-08-29,,울산/엠지엘
SFFQG240123060022045,ULS,USED,2023-06-30,2023-12-01,,울산/엠지엘
SFFQG240123060022092,ULS,USED,2023-06-30,2023-08-17,,울산/엠지엘
SFFQG240123060022038,ULS,USED,2023-06-30,2023-08-09,,울산/엠지엘
SFFQG240123060022012,ULS,USED,2023-06-30,2023-08-17,,울산/엠지엘
SFFQG240123060022041,ULS,USED,2023-06-30,2023-08-09,,울산/엠지엘
SFFQG240123060022074,ULS,USED,2023-06-30,2023-08-24,,울산/엠지엘
SFFQG240123060022049,ULS,USED,2023-06-30,2023-08-29,,울산/엠지엘
SFFQG240123060022011,ULS,USED,2023-06-30,2023-08-17,,울산/엠지엘
SFFQG240123060022009,ULS,USED,2023-06-30,2023-08-04,,울산/엠지엘
SFFQG240123060022111,ULS,USED,2023-06-30,2023-07-27,,울산/엠지엘
SFFQG240123060022128,ULS,USED,2023-06-30,2023-07-23,,울산/엠지엘
SFFQG240123060022094,ULS,USED,2023-06-30,2023-08-21,,울산/엠지엘
SFFQG240123060022137,ULS,USED,2023-06-30,2023-08-17,,울산/엠지엘
SFFQG240123060022150,ULS,USED,2023-06-30,2023-08-22,,울산/엠지엘
SFFQG240123060022102,ULS,USED,2023-06-30,2023-08-24,,울산/엠지엘
SFFQG240123060022108,ULS,USED,2023-06-30,2023-07-27,,울산/엠지엘
SFFQG240123060022113,ULS,USED,2023-06-30,2023-07-27,,울산/엠지엘
SFFQG240123060022119,ULS,USED,2023-06-30,2023-08-23,,울산/엠지엘
SFFQG240123060022123,ULS,USED,2023-06-30,2023-07-24,,울산/엠지엘
SFFQG240123060022125,ULS,USED,2023-06-30,2023-07-24,,울산/엠지엘
SFFQG240123060022126,ULS,USED,2023-06-30,2023-07-24,,울산/엠지엘
SFFQG240123060022107,ULS,USED,2023-06-30,2023-08-23,,울산/엠지엘
SFFQG240123060022109,ULS,USED,2023-06-30,2023-07-27,,울산/엠지엘
SFFQG240123060022089,ULS,USED,2023-06-30,2023-08-17,,울산/엠지엘
SFFQG240123060022080,ULS,USED,2023-06-30,2023-08-23,,울산/엠지엘
SFFQG240123060022087,ULS,USED,2023-06-30,2023-08-21,,울산/엠지엘
SFFQG240123060022145,ULS,USED,2023-06-30,2023-08-24,,울산/엠지엘
SFFQG240123060022110,ULS,USED,2023-06-30,2023-07-27,,울산/엠지엘
SFFQG240123060022155,ULS,USED,2023-06-30,2023-07-27,,울산/엠지엘
SFFQG240123060022167,ULS,USED,2023-06-30,2023-08-23,,울산/엠지엘
SFFQG240123060022060,ULS,USED,2023-06-30,2023-08-31,,울산/엠지엘
SFFQG240123060022063,ULS,USED,2023-06-30,2023-08-22,,울산/엠지엘
SFFQG240123060022064,ULS,USED,2023-06-30,2023-08-21,,울산/엠지엘
SFFQG240123060022065,ULS,USED,2023-06-30,2023-07-11,,울산/엠지엘
SFFQG240123060022068,ULS,USED,2023-06-30,2023-07-21,,울산/엠지엘
SFFQG240123060022070,ULS,USED,2023-06-30,2023-07-23,,울산/엠지엘
SFFQG240123060022031,ULS,USED,2023-06-30,2023-08-14,,울산/엠지엘
SFFQG240123060022035,ULS,USED,2023-06-30,2023-08-17,,울산/엠지엘
SFFQG240123060022117,ULS,USED,2023-06-30,2023-08-23,,울산/엠지엘
SFFQG240123060022130,ULS,USED,2023-06-30,2023-07-23,,울산/엠지엘
SFFQG240123060022131,ULS,USED,2023-06-30,2023-07-23,,울산/엠지엘
SFFQG240123060022133,ULS,USED,2023-06-30,2023-07-21,,울산/엠지엘
SFFQG240123060022136,ULS,USED,2023-06-30,2023-08-14,,울산/엠지엘
SFFQG240123060022093,ULS,USED,2023-06-30,2023-08-21,,울산/엠지엘
SFFQG240123060022097,ULS,USED,2023-06-30,2023-07-18,,울산/엠지엘
SFFQG240123060022112,ULS,USED,2023-06-30,2023-07-27,,울산/엠지엘
SFFQG240123060022037,ULS,USED,2023-06-30,2023-07-27,,울산/엠지엘
SFFQG240123070049020,ULS,USED,2023-08-22,2023-09-04,,울산/엠지엘
SFFQG240123070049023,ULS,USED,2023-08-22,2023-12-12,,울산/엠지엘
SFFQG240123070049028,ULS,USED,2023-08-22,2024-01-18,,울산/엠지엘
SFFQG240123070049029,ULS,USED,2023-08-22,2024-01-18,,울산/엠지엘
A.AE4327B1041413,ETC,USED,2022-07-25,2023-02-14,,천안/골드로직스
A.AE4327B1041411,ETC,USED,2022-07-25,2023-02-15,,천안/골드로직스
A.AC43.27.B10413.10,ETC,USED,2022-07-25,2023-02-02,,천안/골드로직스
A.AC43.27.A10408.70,ETC,USED,2022-07-25,2023-02-01,,천안/골드로직스
A.AC43.27.B10413.13,ETC,USED,2022-07-25,2023-02-02,,천안/골드로직스
A.AC43.27.B10413.07,ETC,USED,2022-07-25,2023-02-03,,천안/골드로직스
A.AC43.27.A10407.70,ETC,USED,2022-07-25,2023-01-28,,천안/골드로직스
A.AC43.27.B10405.13,ETC,USED,2022-07-25,2023-01-30,,천안/골드로직스
A.AC43.27.B10405.18,ETC,USED,2022-07-25,2023-01-30,,천안/골드로직스
A.AC43.27.B10413.09,ETC,USED,2022-07-25,2023-02-02,,천안/골드로직스
A.AC43.27.B10414.14,ETC,USED,2022-07-25,2023-02-02,,천안/골드로직스
A.AC43.27.B10412.17,ETC,USED,2022-07-25,2023-02-01,,천안/골드로직스
A.AC43.27.A10409.72,ETC,USED,2022-07-25,2023-01-11,,천안/골드로직스
A.AC43.27.A10412.47,ETC,USED,2022-07-25,2023-01-28,,천안/골드로직스
A.AC43.27.A10408.69,ETC,USED,2022-07-25,2023-02-01,,천안/골드로직스
A.AE4327B1041416,ETC,USED,2022-07-25,2023-02-14,,천안/골드로직스
A.AC43.27.A10409.45,ETC,USED,2022-07-25,2023-02-01,,천안/골드로직스
A.AE4327B1031238,ETC,USED,2022-07-25,2023-02-15,,천안/골드로직스
A.AC43.27.A10409.46,ETC,USED,2022-07-25,2023-02-01,,천안/골드로직스
A.AC43.27.C01214.03,ETC,USED,2022-07-25,2023-02-02,,천안/골드로직스
A.AC43.27.B10413.11,ETC,USED,2022-07-25,2023-02-02,,천안/골드로직스
A.AC43.27.B10413.14,ETC,USED,2022-07-25,2023-02-02,,천안/골드로직스
A.AC43.27.B10413.08,ETC,USED,2022-07-25,2023-02-03,,천안/골드로직스
A.AC43.27.A10408.74,ETC,USED,2022-07-25,2023-02-03,,천안/골드로직스
A.AC43.27.B10412.16,ETC,USED,2022-07-25,2023-02-03,,천안/골드로직스
A.AC43.27.B10409.09,ETC,USED,2022-07-25,2023-01-11,,천안/골드로직스
A.AC43.27.A10412.48,ETC,USED,2022-07-25,2023-01-28,,천안/골드로직스
A.AC43.27.A10412.43,ETC,USED,2022-07-25,2023-01-28,,천안/골드로직스
A.AC43.27.B10405.20,ETC,USED,2022-07-25,2023-01-27,,천안/골드로직스
A.AC43.27.B10405.19,ETC,USED,2022-07-25,2023-01-27,,천안/골드로직스
A.AC43.27.A10407.67,ETC,USED,2022-07-25,2023-01-28,,천안/골드로직스
A.AC43.27.B10405.14,ETC,USED,2022-07-25,2023-01-30,,천안/골드로직스
A.AC43.27.B10405.16,ETC,USED,2022-07-25,2023-01-30,,천안/골드로직스
A.AC43.27B1042014,ETC,USED,2022-07-25,2023-02-28,,천안/골드로직스
A.AC43.27B1042013,ETC,USED,2022-07-25,2023-02-28,,천안/골드로직스
A.AC43.27B1042017,ETC,USED,2022-07-25,2023-02-28,,천안/골드로직스
A.AC43.27C0113030,ETC,USED,2022-07-25,2023-02-28,,천안/골드로직스
A.AC43.27A1041273,ETC,USED,2022-07-25,2023-02-28,,천안/골드로직스
A.AC43.27B1042018,ETC,USED,2022-07-25,2023-02-28,,천안/골드로직스
REF-FSE202211-00527,ETC,USED,2022-11-23,2022-11-16,,
SFFQG240222120012056,ULS,USED,2023-01-05,2023-01-11,,울산/대한글로벌
SFFQG220223020001012,GSN,USED,2023-02-16,2023-03-10,,군산/MGL
SFFQG220223020001019,GSN,USED,2023-02-16,2023-11-21,,군산/MGL
SFFQG220223020001015,GSN,USED,2023-02-16,2023-10-14,,군산/MGL
SFFQG220223020001002,GSN,USED,2023-02-16,2023-08-04,,군산/MGL
SFFQG220223020001008,GSN,USED,2023-02-16,2023-03-10,,군산/MGL
SFFQG220223020001011,GSN,USED,2023-02-16,2023-08-24,,군산/MGL
SFFQG220223020001007,GSN,USED,2023-02-16,2023-04-10,,군산/MGL
SFFQG220223020001003,ETC,USED,2023-02-16,2023-07-28,,유한회사 엠지엘
SFFQG220223020001014,GSN,USED,2023-02-16,2023-09-14,,군산/MGL
SFFQG220223020001018,GSN,USED,2023-02-16,2023-11-06,,군산/MGL
SFFQG220223020001009,GSN,USED,2023-02-16,2023-03-10,,군산/MGL
SFFQG220223020001013,GSN,USED,2023-02-16,2023-09-01,,군산/MGL
SFFQG220223020001004,GSN,USED,2023-02-16,2023-07-14,,군산/MGL
SFFQG220223020001016,GSN,USED,2023-02-16,2023-09-19,,군산/MGL
SFFQG220223020001017,GSN,USED,2023-02-16,2024-02-08,,군산/MGL
SFFQG220223020001020,GSN,USED,2023-02-16,2023-12-04,,군산/MGL
SFFQG220223020001001,GSN,USED,2023-02-16,2023-07-28,,군산/MGL
SFFQG220223020001006,GSN,USED,2023-02-16,2023-06-13,,군산/MGL
SFFQG220223020001010,GSN,USED,2023-02-16,2023-03-08,,군산/MGL
SFFQG220223020001005,GSN,USED,2023-02-16,2023-06-23,,군산/MGL
SFFQG240123030034006,PTK,USED,2023-04-13,2023-09-01,,평택/골드로직스
SFFQG240123030034007,PTK,USED,2023-04-13,2023-09-01,,평택/골드로직스
A.AC43.27.B10412.66,ETC,USED,2022-07-25,2022-12-16,,천안/골드로직스
A.AC43.27.B10407.13,ETC,USED,2022-07-25,2022-12-29,,천안/골드로직스
A.AC43.27.B10407.09,ETC,USED,2022-07-25,2022-12-30,,천안/골드로직스
A.AC43.27.B10420.11,ETC,USED,2022-07-25,2022-12-05,,천안/골드로직스
A.AC43.27.A10409.66,ETC,USED,2022-07-25,2023-01-13,,천안/골드로직스
A.AC43.27.A10409.70,ETC,USED,2022-07-25,2023-01-13,,천안/골드로직스
A.AC43.27.A10407.73,ETC,USED,2022-07-25,2023-01-27,,천안/골드로직스
A.AC43.27.A10407.72,ETC,USED,2022-07-25,2023-01-27,,천안/골드로직스
A.AC43.27.A10407.66,ETC,USED,2022-07-25,2023-01-28,,천안/골드로직스
A.AC43.27.A10407.68,ETC,USED,2022-07-25,2023-01-28,,천안/골드로직스
A.AC43.27.A10407.69,ETC,USED,2022-07-25,2023-01-28,,천안/골드로직스
A.AC43.27.C01214.01,ETC,USED,2022-07-25,2023-01-28,,천안/골드로직스
A.AC43.27.A10412.44,ETC,USED,2022-07-25,2023-01-28,,천안/골드로직스
A.AC43.27.A10407.71,ETC,USED,2022-07-25,2023-01-31,,천안/골드로직스
A.AC43.27.A10409.68,ETC,USED,2022-07-25,2023-01-13,,천안/골드로직스
A.AC43.27.C01130.31,ETC,USED,2022-07-25,2023-01-27,,천안/골드로직스
A.AC43.27.A10412.52,ETC,USED,2022-07-25,2023-01-28,,천안/골드로직스
A.AC43.27.A10408.76,ETC,USED,2022-07-25,2023-01-31,,천안/골드로직스
A.AC43.27.A10412.51,ETC,USED,2022-07-25,2023-01-28,,천안/골드로직스
A.AC43.27.C01130.28,ETC,USED,2022-07-25,2023-01-28,,천안/골드로직스
A.AC43.27.A10412.49,ETC,USED,2022-07-25,2023-01-28,,천안/골드로직스
A.AC43.27.B10409.13,ETC,USED,2022-07-25,2023-01-12,,천안/골드로직스
A.AC43.27.B10409.12,ETC,USED,2022-07-25,2023-01-12,,천안/골드로직스
A.AC43.27.B10409.11,ETC,USED,2022-07-25,2023-01-11,,천안/골드로직스
A.AC43.27.A10408.75,ETC,USED,2022-07-25,2023-01-31,,천안/골드로직스
A.AC43.27.B10409.07,ETC,USED,2022-07-25,2023-01-11,,천안/골드로직스
A.AC43.27.B10409.08,ETC,USED,2022-07-25,2023-01-11,,천안/골드로직스
A.AC43.27.C01130.29,ETC,USED,2022-07-25,2023-01-12,,천안/골드로직스
A.AC43.27.B10409.14,ETC,USED,2022-07-25,2023-01-12,,천안/골드로직스
A.AC43.27.B10409.10,ETC,USED,2022-07-25,2023-01-11,,천안/골드로직스
A.AC43.27.B10405.15,ETC,USED,2022-07-25,2023-01-30,,천안/골드로직스
A.AC43.27.B10405.17,ETC,USED,2022-07-25,2023-01-30,,천안/골드로직스
A.AE4327B1041417,ETC,USED,2022-07-25,2023-02-14,,천안/골드로직스
A.AC43.27.A10412.45,ETC,USED,2022-07-25,2023-01-28,,천안/골드로직스
A.AC43.27.A10412.46,ETC,USED,2022-07-25,2023-01-28,,천안/골드로직스
A.AC43.27.A10409.44,ETC,USED,2022-07-25,2023-02-01,,천안/골드로직스
A.AE4327B1041418,ETC,USED,2022-07-25,2023-02-14,,천안/골드로직스
A.AC43.27.A10409.50,ETC,USED,2022-07-25,2023-02-01,,천안/골드로직스
A.AC43.27.A10408.71,ETC,USED,2022-07-25,2023-02-01,,천안/골드로직스
A.AC43.27.A10409.48,ETC,USED,2022-07-25,2023-02-01,,천안/골드로직스
A.AC43.27.A10409.47,ETC,USED,2022-07-25,2023-02-01,,천안/골드로직스
A.AE4327B1031501,ETC,USED,2022-07-25,2023-02-15,,천안/골드로직스
A.AC43.27.B10413.12,ETC,USED,2022-07-25,2023-02-02,,천안/골드로직스
A.AC43.27.A10409.69,ETC,USED,2022-07-25,2023-01-13,,천안/골드로직스
A.AC43.27.B10312.36,ETC,USED,2022-07-25,2023-02-23,,천안/골드로직스
A.AC43.27.A10412.50,ETC,USED,2022-07-25,2023-01-28,,천안/골드로직스
A.AC43.27.B10414.15,ETC,USED,2022-07-25,2023-02-02,,천안/골드로직스
A.AC43.27.A10412.54,ETC,USED,2022-07-25,2023-01-28,,천안/골드로직스
A.AC.43.37.A10412.55,ETC,USED,2022-07-25,2023-01-28,,천안/골드로직스
A.AC43.27.B10312.35,ETC,USED,2022-07-25,2023-02-23,,천안/골드로직스
A.AC43.27.A10412.53,ETC,USED,2022-07-25,2023-01-28,,천안/골드로직스
A.AC43.27.A10408.72,ETC,USED,2022-07-25,2023-02-01,,천안/골드로직스
A.AC43.27.A10408.73,ETC,USED,2022-07-25,2023-02-01,,천안/골드로직스
A.AC43.27.B10420.15,ETC,USED,2022-07-25,2023-02-01,,천안/골드로직스
A.AE4327B1041412,ETC,USED,2022-07-25,2023-02-15,,천안/골드로직스
A.AC43.27.B10312.33,ETC,USED,2022-07-25,2023-02-23,,천안/골드로직스
A.AE4327B1031237,ETC,USED,2022-07-25,2023-02-15,,천안/골드로직스
A.AC43.27.B10312.32,ETC,USED,2022-07-25,2023-02-23,,천안/골드로직스
A.AC43.27.B10312.34,ETC,USED,2022-07-25,2023-02-23,,천안/골드로직스
A.AC43.27.A10409.49,ETC,USED,2022-07-25,2023-02-01,,천안/골드로직스
A.AC43.27.A10409.71,ETC,USED,2022-07-25,2023-01-12,,천안/골드로직스
A.AC43.27.A10409.43,ETC,USED,2022-07-25,2023-02-01,,천안/골드로직스
A.AE4327E0103011,ETC,USED,2022-07-25,2023-02-14,,천안/골드로직스
SFFQG2422060007044,ULS,USED,2022-06-26,2022-11-14,,울산/대한글로벌
SFFQG2422060007066,ULS,USED,2022-06-26,2022-10-14,,울산/대한글로벌
SFFQG2422060007224,GSN,USED,2022-06-26,2024-12-05,,군산/MGL
SFFQG2422060007107,ULS,USED,2022-06-26,2022-10-31,,울산/대한글로벌
SFFQG2422060007132,ULS,USED,2022-06-26,2022-10-04,,울산/대한글로벌
SFFQG2422060007200,ULS,USED,2022-06-26,2022-10-04,,울산/대한글로벌
SFFQG2422060007042,GSN,USED,2022-06-26,2024-12-10,,군산/MGL
SFFQG2422060007227,GSN,USED,2022-06-26,2024-12-03,,군산/MGL
A.AC43.27.B10412.07,ETC,USED,2022-07-25,2022-12-29,,천안/골드로직스
A.AC43.27.B10406.25,ETC,USED,2022-07-25,2022-12-06,,천안/골드로직스
A.AC43.27.B10407.08,ETC,USED,2022-07-25,2022-12-30,,천안/골드로직스
A.AC43.27.B10407.07,ETC,USED,2022-07-25,2022-12-30,,천안/골드로직스
A.AC43.27.B10412.11,ETC,USED,2022-07-25,2022-12-28,,천안/골드로직스
A.AC43.27.B10412.08,ETC,USED,2022-07-25,2022-12-29,,천안/골드로직스
A.AC43.27.C01030.15,ETC,USED,2022-07-25,2022-12-15,,천안/골드로직스
A.AC43.27.C01126.21,ETC,USED,2022-07-25,2022-12-15,,천안/골드로직스
A.AC43.27.C01214.04,ETC,USED,2022-07-25,2022-12-26,,천안/골드로직스
A.AC43.27.B10412.15,ETC,USED,2022-07-25,2022-12-13,,천안/골드로직스
A.AC43.27.B10412.22,ETC,USED,2022-07-25,2022-12-06,,천안/골드로직스
A.AC43.27.B10406.24,ETC,USED,2022-07-25,2022-12-06,,천안/골드로직스
A.AC43.27A10413.73,ETC,USED,2022-07-25,2022-12-29,,천안/골드로직스
A.AC43.27.C01030.14,ETC,USED,2022-07-25,2022-12-29,,천안/골드로직스
A.AC43.27.A10409.73,ETC,USED,2022-07-25,2022-12-30,,천안/골드로직스
A.AC43.27.C01126.23,ETC,USED,2022-07-25,2022-12-15,,천안/골드로직스
A.AC43.27.A10413.72,ETC,USED,2022-07-25,2022-12-30,,천안/골드로직스
A.AC43.27.B10407.10,ETC,USED,2022-07-25,2022-12-30,,천안/골드로직스
A.AC43.27.B10406.22,ETC,USED,2022-07-25,2022-12-16,,천안/골드로직스
A.AC43.27.B10412.64,ETC,USED,2022-07-25,2022-12-16,,천안/골드로직스
A.AC43.27.A10412.61,ETC,USED,2022-07-25,2022-12-20,,천안/골드로직스
A.AC43.27.B10406.26,ETC,USED,2022-07-25,2022-12-06,,천안/골드로직스
A.AC43.27.C01126.22,ETC,USED,2022-07-25,2022-12-15,,천안/골드로직스
A.AC43.27.B10406.27,ETC,USED,2022-07-25,2022-12-06,,천안/골드로직스
A.AC43.27.B10412.14,ETC,USED,2022-07-25,2022-12-27,,천안/골드로직스
A.AC43.27.B10412.65,ETC,USED,2022-07-25,2022-12-16,,천안/골드로직스
A.AC43.27.B10406.23,ETC,USED,2022-07-25,2022-12-06,,천안/골드로직스
A.AC43.27A10413.69,ETC,USED,2022-07-25,2022-12-30,,천안/골드로직스
A.AC43.27.A10413.71,ETC,USED,2022-07-25,2022-12-30,,천안/골드로직스
A.AC43.27.B10412.12,ETC,USED,2022-07-25,2022-12-27,,천안/골드로직스
A.AC43.27.A10412.63,ETC,USED,2022-07-25,2022-12-19,,천안/골드로직스
A.AC43.27.C01126.19,ETC,USED,2022-07-25,2022-12-15,,천안/골드로직스
A.AC43.27.B10420.10,ETC,USED,2022-07-25,2022-12-13,,천안/골드로직스
A.AC43.27.A10412.62,ETC,USED,2022-07-25,2022-12-20,,천안/골드로직스
A.AC43.27.C01126.18,ETC,USED,2022-07-25,2022-12-15,,천안/골드로직스
A.AC43.27.B10412.21,ETC,USED,2022-07-25,2022-12-29,,천안/골드로직스
A.AC43.27.B10407.11,ETC,USED,2022-07-25,2022-12-29,,천안/골드로직스
A.AC43.27.B10407.12,ETC,USED,2022-07-25,2022-12-29,,천안/골드로직스
A.AC43.27A10413.68,ETC,USED,2022-07-25,2022-12-30,,천안/골드로직스
A.AC43.27.A10412.59,ETC,USED,2022-07-25,2022-12-29,,천안/골드로직스
A.AC43.27.B10406.21,ETC,USED,2022-07-25,2022-12-16,,천안/골드로직스
A.AC43.27.B10420.12,ETC,USED,2022-07-25,2022-12-05,,천안/골드로직스
A.AC43.27.A10409.74,ETC,USED,2022-07-25,2022-12-30,,천안/골드로직스
A.AC43.27.B10406.28,ETC,USED,2022-07-25,2022-12-06,,천안/골드로직스
A.AC43.27.A10412.60,ETC,USED,2022-07-25,2022-12-29,,천안/골드로직스
A.AC43.27A10413.74,ETC,USED,2022-07-25,2022-12-29,,천안/골드로직스
A.AC43.27A10413.67,ETC,USED,2022-07-25,2022-12-30,,천안/골드로직스
A.AC43.27.A10413.70,ETC,USED,2022-07-25,2022-12-30,,천안/골드로직스
A.AC43.27.B10407.06,ETC,USED,2022-07-25,2022-12-30,,천안/골드로직스
A.AC43.27.C01030.18,ETC,USED,2022-07-25,2022-12-30,,천안/골드로직스
A.AC43.27.C01126.16,ETC,USED,2022-07-25,2022-12-15,,천안/골드로직스
A.AC43.27.C01126.17,ETC,USED,2022-07-25,2022-12-15,,천안/골드로직스
A.AC43.27.B10412.10,ETC,USED,2022-07-25,2022-12-28,,천안/골드로직스
A.AC43.27.B10412.09,ETC,USED,2022-07-25,2022-12-28,,천안/골드로직스
A.AC43.27.B10412.13,ETC,USED,2022-07-25,2022-12-28,,천안/골드로직스
A.AC43.27.C01126.20,ETC,USED,2022-07-25,2022-12-15,,천안/골드로직스
SFFQD2522040042009,PTK,USED,2022-06-19,2023-11-10,,평택/골드로직스
SFFQD2522040042017,PTK,USED,2022-06-19,2024-12-05,,평택/골드로직스
SFFQD2522040042003,PTK,USED,2022-06-19,2023-11-10,,평택/골드로직스
SFFQD2522040042012,PTK,USED,2022-06-19,2023-11-06,,평택/골드로직스
SFFQD2522040042011,PTK,USED,2022-06-19,2023-11-06,,평택/골드로직스
SFFQD2522040042016,PTK,USED,2022-06-19,2023-11-21,,평택/골드로직스
SFFQD2522040042014,PTK,USED,2022-06-19,2023-11-15,,평택/골드로직스
SFFQD2522040042019,PTK,USED,2022-06-19,2024-12-10,,평택/골드로직스
SFFQD2522040042005,PTK,USED,2022-06-19,2023-11-10,,평택/골드로직스
SFFQD2522040042045,PTK,USED,2022-06-19,2024-12-05,,평택/골드로직스
SFFQD2522040042007,PTK,USED,2022-06-19,2023-11-28,,평택/골드로직스
SFFQD2522040042035,PTK,USED,2022-06-19,2023-11-10,,평택/골드로직스
SFFQD2522040042030,PTK,USED,2022-06-19,2023-11-10,,평택/골드로직스
SFFQD2522040042047,PTK,USED,2022-06-19,2023-11-15,,평택/골드로직스
SFFQD2522040042015,PTK,USED,2022-06-19,2023-11-21,,평택/골드로직스
SFFQD2522040042018,PTK,USED,2022-06-19,2024-12-05,,평택/골드로직스
SFFQD2522040042044,PTK,USED,2022-06-19,2024-12-05,,평택/골드로직스
SFFQD2522040042013,PTK,USED,2022-06-19,2023-11-10,,평택/골드로직스
SFFQD2522040042020,PTK,USED,2022-06-19,2024-12-05,,평택/골드로직스
SFFQD2522040042034,PTK,USED,2022-06-19,2023-11-21,,평택/골드로직스
SFFQD2522040042070,PTK,USED,2022-06-19,2024-12-05,,평택/골드로직스
SFFQD2522040042054,PTK,USED,2022-06-19,2023-11-10,,평택/골드로직스
SFFQD2522040042065,PTK,USED,2022-06-19,2023-11-06,,평택/골드로직스
SFFQD2522040042049,PTK,USED,2022-06-19,2023-11-21,,평택/골드로직스
SFFQD2522040042008,PTK,USED,2022-06-19,2023-11-21,,평택/골드로직스
SFFQD2522040042068,PTK,USED,2022-06-19,2024-12-05,,평택/골드로직스
SFFQG2422060007192,ULS,USED,2022-06-26,2022-10-04,,울산/대한글로벌
SFFQG2422060007204,ULS,USED,2022-06-26,2022-10-04,,울산/대한글로벌
SFFQG2422060007075,ULS,USED,2022-06-26,2022-11-07,,울산/대한글로벌
SFFQG2422060007047,ULS,USED,2022-06-26,2022-11-14,,울산/대한글로벌
SFFQG2422060007072,ULS,USED,2022-06-26,2022-10-04,,울산/대한글로벌
SFFQG2422060007099,ULS,USED,2022-06-26,2022-10-28,,울산/대한글로벌
SFFQG2422060007182,ULS,USED,2022-06-26,2022-10-04,,울산/대한글로벌
SFFQG2422060007079,ULS,USED,2022-06-26,2022-10-28,,울산/대한글로벌
SFFQG2422060007103,ULS,USED,2022-06-26,2022-10-05,,울산/대한글로벌
SFFQG2422060007128,ULS,USED,2022-06-26,2022-10-14,,울산/대한글로벌
SFFQG2422060007127,ULS,USED,2022-06-26,2022-10-24,,울산/대한글로벌
SFFQG2422060007201,ULS,USED,2022-06-26,2022-10-05,,울산/대한글로벌
SFFQG2422060007020,ULS,USED,2022-06-26,2022-10-05,,울산/대한글로벌
SFFQG2422060007050,ULS,USED,2022-06-26,2022-10-28,,울산/대한글로벌
SFFQG2422060007057,ULS,USED,2022-06-26,2022-10-04,,울산/대한글로벌
SFFQG2422060007069,ULS,USED,2022-06-26,2022-10-05,,울산/대한글로벌
SFFQG2422060007043,GSN,USED,2022-06-26,2024-12-05,,군산/MGL
SFFQG2422060007074,ULS,USED,2022-06-26,2022-11-07,,울산/대한글로벌
SFFQG2422060007105,ULS,USED,2022-06-26,2022-11-03,,울산/대한글로벌
SFFQG2422060007106,ULS,USED,2022-06-26,2022-10-31,,울산/대한글로벌
SFFQG2422060007113,ULS,USED,2022-06-26,2022-10-04,,울산/대한글로벌
SFFQG2422060007135,ULS,USED,2022-06-26,2022-10-04,,울산/대한글로벌
SFFQG2422060007164,ULS,USED,2022-06-26,2022-10-05,,울산/대한글로벌
SFFQG2422060007223,GSN,USED,2022-06-26,2024-12-05,,군산/MGL
SFFQG2422060007119,ULS,USED,2022-06-26,2022-10-14,,울산/대한글로벌
SFFQG2422060007206,ULS,USED,2022-06-26,2022-10-04,,울산/대한글로벌
SFFQG2422060007175,ULS,USED,2022-06-26,2022-10-04,,울산/대한글로벌
SFFQG2422060007177,ULS,USED,2022-06-26,2022-10-04,,울산/대한글로벌
SFFQG2422060007150,GSN,USED,2022-06-26,2024-12-05,,군산/MGL
SFFQG2422060007221,GSN,USED,2022-06-26,2024-12-05,,군산/MGL
SFFQG2422060007070,ULS,USED,2022-06-26,2022-10-14,,울산/대한글로벌
SFFQG2422060007071,ULS,USED,2022-06-26,2022-11-15,,울산/대한글로벌
SFFQG2422060007076,ULS,USED,2022-06-26,2022-10-14,,울산/대한글로벌
SFFQG2422060007093,ULS,USED,2022-06-26,2022-10-05,,울산/대한글로벌
SFFQG2422060007197,ULS,USED,2022-06-26,2022-10-04,,울산/대한글로벌
SFFQG2422060007154,GSN,USED,2022-06-26,2024-12-05,,군산/MGL
SFFQG2422060007109,ULS,USED,2022-06-26,2022-10-31,,울산/대한글로벌
SFFQG2422060007202,ULS,USED,2022-06-26,2022-10-04,,울산/대한글로벌
